Initialized native services in: /opt/gradle/.gradle/native
Initialized jansi services in: /opt/gradle/.gradle/native
Removing 0 daemon stop events from registry
Starting a Gradle Daemon, 2 busy Daemons could not be reused, use --status for details
Starting process 'Gradle build daemon'. Working directory: /opt/gradle/.gradle/daemon/9.3.1 Command: /usr/lib/jvm/temurin-21-jdk-amd64/bin/java --add-opens=java.base/java.lang=ALL-UNNAMED --add-opens=java.base/java.lang.invoke=ALL-UNNAMED --add-opens=java.base/java.util=ALL-UNNAMED --add-opens=java.prefs/java.util.prefs=ALL-UNNAMED --add-exports=jdk.compiler/com.sun.tools.javac.api=ALL-UNNAMED --add-exports=jdk.compiler/com.sun.tools.javac.util=ALL-UNNAMED --add-opens=java.base/java.util=ALL-UNNAMED --add-opens=java.prefs/java.util.prefs=ALL-UNNAMED --add-opens=java.base/java.nio.charset=ALL-UNNAMED --add-opens=java.base/java.net=ALL-UNNAMED --add-opens=java.base/java.util.concurrent=ALL-UNNAMED --add-opens=java.base/java.util.concurrent.atomic=ALL-UNNAMED --add-opens=java.xml/javax.xml.namespace=ALL-UNNAMED --add-opens=java.base/java.time=ALL-UNNAMED -Xmx4g -Dfile.encoding=UTF-8 -Duser.country=US -Duser.language=en -Duser.variant -cp /opt/gradle/gradle-9.3.1/lib/gradle-daemon-main-9.3.1.jar -javaagent:/opt/gradle/gradle-9.3.1/lib/agents/gradle-instrumentation-agent-9.3.1.jar org.gradle.launcher.daemon.bootstrap.GradleDaemon 9.3.1
Successfully started process 'Gradle build daemon'
An attempt to start the daemon took 4.402 secs.
The client will now receive all logging from the daemon (pid: 483). The daemon log file: /opt/gradle/.gradle/daemon/9.3.1/daemon-483.out.log
Starting build in new daemon [memory: 4 GiB]
Using 4 worker leases.
Operational build model parameters: {requiresToolingModels=false, parallelProjectExecution=true, configureOnDemand=false, configurationCache=true, configurationCacheParallelStore=false, configurationCacheParallelLoad=true, isolatedProjects=false, parallelProjectConfiguration=false, intermediateModelCache=false, parallelToolingApiActions=true, invalidateCoupledProjects=false, modelAsProjectDependency=false, resilientModelBuilding=false}
Received JVM installation metadata from '/usr/lib/jvm/temurin-21-jdk-amd64': {JAVA_HOME=/usr/lib/jvm/temurin-21-jdk-amd64, JAVA_VERSION=21.0.12, JAVA_VENDOR=Eclipse Adoptium, RUNTIME_NAME=OpenJDK Runtime Environment, RUNTIME_VERSION=21.0.12+8-LTS, VM_NAME=OpenJDK 64-Bit Server VM, VM_VERSION=21.0.12+8-LTS, VM_VENDOR=Eclipse Adoptium, OS_ARCH=amd64}
Encryption key source: default Gradle keystore (pkcs12)
Invalidating in-memory cache of /opt/gradle/.gradle/caches/journal-1/file-access.bin
Invalidating in-memory cache of /opt/gradle/.gradle/caches/journal-1/file-access.bin
Invalidating in-memory cache of /opt/gradle/.gradle/caches/9.3.1/fileHashes/fileHashes.bin
Invalidating in-memory cache of /opt/gradle/.gradle/caches/9.3.1/fileHashes/resourceHashesCache.bin
Invalidating in-memory cache of /opt/gradle/.gradle/caches/9.3.1/fileHashes/fileHashes.bin
Invalidating in-memory cache of /opt/gradle/.gradle/caches/9.3.1/fileHashes/resourceHashesCache.bin
Invalidating in-memory cache of /opt/gradle/.gradle/caches/journal-1/file-access.bin
Reusing configuration cache.
Watching the file system is configured to be enabled if available
Unable to list file systems to check whether they can be watched. Disabling watching. Reason: Could not query file systems: could not open mount file (errno 2: No such file or directory)
File system watching is inactive
Using local directory build cache for the root build (location = /opt/gradle/.gradle/caches/build-cache-1, remove unused entries = after 7 days).
Invalidating in-memory cache of /opt/gradle/.gradle/caches/9.3.1/fileHashes/fileHashes.bin
Invalidating in-memory cache of /opt/gradle/.gradle/caches/9.3.1/fileHashes/resourceHashesCache.bin
Invalidating in-memory cache of /opt/gradle/.gradle/caches/9.3.1/fileHashes/fileHashes.bin
Invalidating in-memory cache of /opt/gradle/.gradle/caches/9.3.1/fileHashes/resourceHashesCache.bin
Tasks to be executed: [task ':app:preBuild', task ':app:preReleaseBuild', task ':app:mergeReleaseJniLibFolders', task ':app:mergeReleaseNativeLibs', task ':app:stripReleaseDebugSymbols', task ':app:extractReleaseNativeSymbolTables', task ':app:mergeReleaseNativeDebugMetadata', task ':app:checkReleaseDuplicateClasses', task ':app:generateReleaseBuildConfig', task ':app:generateReleaseResources', task ':app:processReleaseGoogleServices', task ':app:packageReleaseResources', task ':app:processReleaseNavigationResources', task ':app:parseReleaseLocalResources', task ':app:generateReleaseRFile', task ':app:kspReleaseKotlin', task ':app:compileReleaseKotlin', task ':app:javaPreCompileRelease', task ':app:compileReleaseJavaWithJavac', task ':app:checkReleaseAarMetadata', task ':app:mapReleaseSourceSetPaths', task ':app:compileReleaseNavigationResources', task ':app:mergeReleaseResources', task ':app:createReleaseCompatibleScreenManifests', task ':app:extractDeepLinksRelease', task ':app:processReleaseMainManifest', task ':app:processReleaseManifest', task ':app:processReleaseManifestForPackage', task ':app:processReleaseResources', task ':app:dexBuilderRelease', task ':app:desugarReleaseFileDependencies', task ':app:mergeReleaseStartupProfile', task ':app:mergeExtDexRelease', task ':app:mergeDexRelease', task ':app:mergeReleaseArtProfile', task ':app:mergeReleaseGlobalSynthetics', task ':app:compileReleaseArtProfile', task ':app:generateReleaseAssets', task ':app:mergeReleaseAssets', task ':app:compressReleaseAssets', task ':app:extractReleaseVersionControlInfo', task ':app:extractProguardFiles', task ':app:generateReleaseLintVitalReportModel', task ':app:lintVitalAnalyzeRelease', task ':app:lintVitalReportRelease', task ':app:lintVitalRelease', task ':app:processReleaseJavaRes', task ':app:mergeReleaseJavaResource', task ':app:optimizeReleaseResources', task ':app:validateSigningRelease', task ':app:writeReleaseAppMetadata', task ':app:writeReleaseSigningConfigVersions', task ':app:packageRelease', task ':app:createReleaseApkListingFileRedirect', task ':app:assembleRelease']
Tasks that were excluded: []
Resolve mutations for :app:preBuild (Thread[#51,Execution worker,5,main]) started.
Resolve mutations for :app:processReleaseGoogleServices (Thread[#53,Execution worker Thread 3,5,main]) started.
Resolve mutations for :app:generateReleaseAssets (Thread[#50,included builds,5,main]) started.
:app:preBuild (Thread[#51,Execution worker,5,main]) started.
:app:generateReleaseAssets (Thread[#50,included builds,5,main]) started.
:app:processReleaseGoogleServices (Thread[#53,Execution worker Thread 3,5,main]) started.

> Task :app:generateReleaseAssets UP-TO-DATE
Skipping task ':app:generateReleaseAssets' as it has no actions.

> Task :app:preBuild UP-TO-DATE
Skipping task ':app:preBuild' as it has no actions.
Resolve mutations for :app:preReleaseBuild (Thread[#51,Execution worker,5,main]) started.
Resolve mutations for :app:extractProguardFiles (Thread[#50,included builds,5,main]) started.
:app:preReleaseBuild (Thread[#51,Execution worker,5,main]) started.
:app:extractProguardFiles (Thread[#50,included builds,5,main]) started.

> Task :app:preReleaseBuild UP-TO-DATE
Skipping task ':app:preReleaseBuild' as it has no actions.
Resolve mutations for :app:mergeReleaseJniLibFolders (Thread[#51,Execution worker,5,main]) started.
:app:mergeReleaseJniLibFolders (Thread[#51,Execution worker,5,main]) started.
Resolve mutations for :app:checkReleaseDuplicateClasses (Thread[#52,Execution worker Thread 2,5,main]) started.
:app:checkReleaseDuplicateClasses (Thread[#52,Execution worker Thread 2,5,main]) started.
Build 4848f631-e8f9-4562-8b80-8f13373759b8 is started

> Task :app:extractProguardFiles UP-TO-DATE
Caching disabled for task ':app:extractProguardFiles' because:
  Fast task
Skipping task ':app:extractProguardFiles' as it is up-to-date.

> Task :app:mergeReleaseJniLibFolders UP-TO-DATE
Caching disabled for task ':app:mergeReleaseJniLibFolders' because:
  Simple merging task
Skipping task ':app:mergeReleaseJniLibFolders' as it is up-to-date.
Resolve mutations for :app:generateReleaseBuildConfig (Thread[#50,included builds,5,main]) started.
:app:generateReleaseBuildConfig (Thread[#50,included builds,5,main]) started.

> Task :app:processReleaseGoogleServices UP-TO-DATE
Build cache key for task ':app:processReleaseGoogleServices' is 80e48d6294ef74acfc675bd2fa44d412
Skipping task ':app:processReleaseGoogleServices' as it is up-to-date.
Resolve mutations for :app:generateReleaseResources (Thread[#53,Execution worker Thread 3,5,main]) started.
Resolve mutations for :app:mergeReleaseNativeLibs (Thread[#51,Execution worker,5,main]) started.
:app:generateReleaseResources (Thread[#53,Execution worker Thread 3,5,main]) started.
:app:mergeReleaseNativeLibs (Thread[#51,Execution worker,5,main]) started.

> Task :app:generateReleaseBuildConfig UP-TO-DATE
Build cache key for task ':app:generateReleaseBuildConfig' is bc4c74eda22426bcdfac22f676a54885
Skipping task ':app:generateReleaseBuildConfig' as it is up-to-date.
Resolve mutations for :app:processReleaseNavigationResources (Thread[#50,included builds,5,main]) started.
:app:processReleaseNavigationResources (Thread[#50,included builds,5,main]) started.

> Task :app:generateReleaseResources UP-TO-DATE
Build cache key for task ':app:generateReleaseResources' is 0492e07841bba310b71447e5c791b176
Skipping task ':app:generateReleaseResources' as it is up-to-date.
Resolve mutations for :app:packageReleaseResources (Thread[#53,Execution worker Thread 3,5,main]) started.
:app:packageReleaseResources (Thread[#53,Execution worker Thread 3,5,main]) started.

> Task :app:checkReleaseDuplicateClasses
Invalidating in-memory cache of /opt/gradle/.gradle/caches/9.3.1/fileHashes/fileHashes.bin
Invalidating in-memory cache of /opt/gradle/.gradle/caches/9.3.1/fileHashes/resourceHashesCache.bin

> Task :app:packageReleaseResources UP-TO-DATE
Build cache key for task ':app:packageReleaseResources' is e5067638ff3ab79bc6427cd71282a948
Skipping task ':app:packageReleaseResources' as it is up-to-date.
Resolve mutations for :app:kspReleaseKotlin (Thread[#53,Execution worker Thread 3,5,main]) started.
:app:kspReleaseKotlin (Thread[#53,Execution worker Thread 3,5,main]) started.

> Task :app:processReleaseNavigationResources
Invalidating in-memory cache of /opt/gradle/.gradle/caches/journal-1/file-access.bin
Invalidating in-memory cache of /opt/gradle/.gradle/caches/journal-1/file-access.bin
Invalidating in-memory cache of /opt/gradle/.gradle/caches/9.3.1/fileHashes/fileHashes.bin
Invalidating in-memory cache of /opt/gradle/.gradle/caches/9.3.1/fileHashes/resourceHashesCache.bin
Build cache key for task ':app:processReleaseNavigationResources' is 075c5aea3d973e244c988b195836101f
Skipping task ':app:processReleaseNavigationResources' as it is up-to-date.
Invalidating in-memory cache of /app/applet/.gradle/buildOutputCleanup/outputFiles.bin

> Task :app:processReleaseNavigationResources UP-TO-DATE
Resolve mutations for :app:parseReleaseLocalResources (Thread[#50,included builds,5,main]) started.
:app:parseReleaseLocalResources (Thread[#50,included builds,5,main]) started.

> Task :app:checkReleaseDuplicateClasses UP-TO-DATE
Invalidating in-memory cache of /opt/gradle/.gradle/caches/9.3.1/fileHashes/fileHashes.bin
Invalidating in-memory cache of /opt/gradle/.gradle/caches/9.3.1/fileHashes/resourceHashesCache.bin
Invalidating in-memory cache of /opt/gradle/.gradle/caches/journal-1/file-access.bin
Caching disabled for task ':app:checkReleaseDuplicateClasses' because:
  Caching has been disabled for the task
Skipping task ':app:checkReleaseDuplicateClasses' as it is up-to-date.
Resolve mutations for :app:javaPreCompileRelease (Thread[#52,Execution worker Thread 2,5,main]) started.
:app:javaPreCompileRelease (Thread[#52,Execution worker Thread 2,5,main]) started.

> Task :app:parseReleaseLocalResources UP-TO-DATE
Invalidating in-memory cache of /app/applet/.gradle/9.3.1/executionHistory/executionHistory.bin
Build cache key for task ':app:parseReleaseLocalResources' is 8a23e9c9fda36e01d369830c2460b334
Skipping task ':app:parseReleaseLocalResources' as it is up-to-date.
Resolve mutations for :app:generateReleaseRFile (Thread[#50,included builds,5,main]) started.
:app:generateReleaseRFile (Thread[#50,included builds,5,main]) started.

> Task :app:mergeReleaseNativeLibs
Invalidating in-memory cache of /opt/gradle/.gradle/caches/9.3.1/fileHashes/fileHashes.bin
Invalidating in-memory cache of /opt/gradle/.gradle/caches/9.3.1/fileHashes/resourceHashesCache.bin
Invalidating in-memory cache of /opt/gradle/.gradle/caches/journal-1/file-access.bin
Invalidating in-memory cache of /opt/gradle/.gradle/caches/journal-1/file-access.bin
Caching disabled for task ':app:mergeReleaseNativeLibs' because:
  Caching has been disabled for the task
Skipping task ':app:mergeReleaseNativeLibs' as it is up-to-date.

> Task :app:javaPreCompileRelease UP-TO-DATE
Build cache key for task ':app:javaPreCompileRelease' is 44954e343058904dd83c35fd6dde1c3d
Skipping task ':app:javaPreCompileRelease' as it is up-to-date.

> Task :app:mergeReleaseNativeLibs UP-TO-DATE
Resolve mutations for :app:checkReleaseAarMetadata (Thread[#52,Execution worker Thread 2,5,main]) started.
Resolve mutations for :app:stripReleaseDebugSymbols (Thread[#51,Execution worker,5,main]) started.
:app:checkReleaseAarMetadata (Thread[#52,Execution worker Thread 2,5,main]) started.
:app:stripReleaseDebugSymbols (Thread[#51,Execution worker,5,main]) started.

> Task :app:generateReleaseRFile UP-TO-DATE
Build cache key for task ':app:generateReleaseRFile' is 079eb7939998f526ca92198d257caa67
Skipping task ':app:generateReleaseRFile' as it is up-to-date.
Resolve mutations for :app:mapReleaseSourceSetPaths (Thread[#50,included builds,5,main]) started.
:app:mapReleaseSourceSetPaths (Thread[#50,included builds,5,main]) started.

> Task :app:stripReleaseDebugSymbols UP-TO-DATE
Caching disabled for task ':app:stripReleaseDebugSymbols' because:
  Caching has been disabled for the task
Skipping task ':app:stripReleaseDebugSymbols' as it is up-to-date.

> Task :app:mapReleaseSourceSetPaths UP-TO-DATE
Caching disabled for task ':app:mapReleaseSourceSetPaths' because:
  Caching has been disabled for the task
Skipping task ':app:mapReleaseSourceSetPaths' as it is up-to-date.
Resolve mutations for :app:extractReleaseNativeSymbolTables (Thread[#51,Execution worker,5,main]) started.
Resolve mutations for :app:compileReleaseNavigationResources (Thread[#50,included builds,5,main]) started.
:app:compileReleaseNavigationResources (Thread[#50,included builds,5,main]) started.
:app:extractReleaseNativeSymbolTables (Thread[#51,Execution worker,5,main]) started.

> Task :app:extractReleaseNativeSymbolTables UP-TO-DATE
Build cache key for task ':app:extractReleaseNativeSymbolTables' is d1c8b6e073e4dce023e2383fed16d4f3
Skipping task ':app:extractReleaseNativeSymbolTables' as it is up-to-date.

> Task :app:compileReleaseNavigationResources UP-TO-DATE
Build cache key for task ':app:compileReleaseNavigationResources' is b7d3cb0270be1d69bf257db84d1195dd
Skipping task ':app:compileReleaseNavigationResources' as it is up-to-date.
Resolve mutations for :app:mergeReleaseNativeDebugMetadata (Thread[#51,Execution worker,5,main]) started.
Resolve mutations for :app:mergeReleaseResources (Thread[#50,included builds,5,main]) started.
:app:mergeReleaseNativeDebugMetadata (Thread[#51,Execution worker,5,main]) started.
:app:mergeReleaseResources (Thread[#50,included builds,5,main]) started.

> Task :app:mergeReleaseNativeDebugMetadata NO-SOURCE
Skipping task ':app:mergeReleaseNativeDebugMetadata' as it has no source files and no previous output files.
Resolve mutations for :app:createReleaseCompatibleScreenManifests (Thread[#51,Execution worker,5,main]) started.

> Task :app:kspReleaseKotlin
Invalidating in-memory cache of /app/applet/.gradle/9.3.1/fileHashes/fileHashes.bin
Invalidating in-memory cache of /app/applet/.gradle/9.3.1/fileHashes/resourceHashesCache.bin
Build cache key for task ':app:kspReleaseKotlin' is e5a34a0a9ec520847b3c009e97bbe247
Task ':app:kspReleaseKotlin' is not up-to-date because:
  No history is available.

:app:createReleaseCompatibleScreenManifests (Thread[#51,Execution worker,5,main]) started.

> Task :app:createReleaseCompatibleScreenManifests UP-TO-DATE
Caching disabled for task ':app:createReleaseCompatibleScreenManifests' because:
  Caching has been disabled for the task
Skipping task ':app:createReleaseCompatibleScreenManifests' as it is up-to-date.
Resolve mutations for :app:extractDeepLinksRelease (Thread[#51,Execution worker,5,main]) started.
:app:extractDeepLinksRelease (Thread[#51,Execution worker,5,main]) started.

> Task :app:extractDeepLinksRelease UP-TO-DATE
Build cache key for task ':app:extractDeepLinksRelease' is d870a871649f7c95c32680143fc00752
Skipping task ':app:extractDeepLinksRelease' as it is up-to-date.
Resolve mutations for :app:processReleaseMainManifest (Thread[#51,Execution worker,5,main]) started.
:app:processReleaseMainManifest (Thread[#51,Execution worker,5,main]) started.

> Task :app:kspReleaseKotlin FROM-CACHE
Loaded cache entry for task ':app:kspReleaseKotlin' with cache key e5a34a0a9ec520847b3c009e97bbe247
Resolve mutations for :app:compileReleaseKotlin (Thread[#53,Execution worker Thread 3,5,main]) started.
:app:compileReleaseKotlin (Thread[#53,Execution worker Thread 3,5,main]) started.

> Task :app:mergeReleaseResources
Deleting stale output file: /app/applet/app/build/generated/res/pngs/release
Deleting stale output file: /app/applet/app/build/intermediates/merged_res_blame_folder/release/mergeReleaseResources/out
Deleting stale output file: /app/applet/app/build/intermediates/merged_res/release/mergeReleaseResources
Deleting stale output file: /app/applet/app/build/intermediates/incremental/release/mergeReleaseResources
Deleting stale output file: /app/applet/app/build/intermediates/data_binding_layout_info_type_merge/release/mergeReleaseResources/out
Invalidating in-memory cache of /opt/gradle/.gradle/caches/journal-1/file-access.bin
Invalidating in-memory cache of /opt/gradle/.gradle/caches/9.3.1/fileHashes/fileHashes.bin
Invalidating in-memory cache of /opt/gradle/.gradle/caches/9.3.1/fileHashes/resourceHashesCache.bin
Invalidating in-memory cache of /opt/gradle/.gradle/caches/journal-1/file-access.bin
Build cache key for task ':app:mergeReleaseResources' is 48d37347fd9d2698e6c5c09b38d76ee0
Task ':app:mergeReleaseResources' is not up-to-date because:
  No history is available.
The input changes require a full rebuild for incremental task ':app:mergeReleaseResources'.
[MergeResources] Inputs are non-incremental full task action.

> Task :app:checkReleaseAarMetadata

> Task :app:processReleaseMainManifest
Invalidating in-memory cache of /opt/gradle/.gradle/caches/journal-1/file-access.bin
Invalidating in-memory cache of /opt/gradle/.gradle/caches/9.3.1/fileHashes/fileHashes.bin
Invalidating in-memory cache of /opt/gradle/.gradle/caches/9.3.1/fileHashes/resourceHashesCache.bin
Invalidating in-memory cache of /opt/gradle/.gradle/caches/9.3.1/fileHashes/fileHashes.bin
Invalidating in-memory cache of /opt/gradle/.gradle/caches/9.3.1/fileHashes/resourceHashesCache.bin
Invalidating in-memory cache of /opt/gradle/.gradle/caches/journal-1/file-access.bin

> Task :app:compileReleaseKotlin
file or directory '/app/applet/app/src/main/kotlin', not found
file or directory '/app/applet/app/src/release/java', not found
file or directory '/app/applet/app/src/release/kotlin', not found
file or directory '/app/applet/app/src/release/java', not found
file or directory '/app/applet/app/src/main/kotlin', not found
file or directory '/app/applet/app/src/release/java', not found
file or directory '/app/applet/app/src/release/kotlin', not found
file or directory '/app/applet/app/src/release/java', not found
Invalidating in-memory cache of /opt/gradle/.gradle/caches/9.3.1/fileHashes/fileHashes.bin
Invalidating in-memory cache of /opt/gradle/.gradle/caches/9.3.1/fileHashes/resourceHashesCache.bin
Build cache key for BuildToolsApiClasspathEntrySnapshotTransform: /app/applet/app/build/intermediates/compile_r_class_jar/release/generateReleaseRFile/R.jar is a15c238d3c127cd90321de11aec311b5
Stored cache entry for BuildToolsApiClasspathEntrySnapshotTransform: /app/applet/app/build/intermediates/compile_r_class_jar/release/generateReleaseRFile/R.jar with cache key a15c238d3c127cd90321de11aec311b5
Build cache key for BuildToolsApiClasspathEntrySnapshotTransform: /opt/gradle/.gradle/caches/9.3.1/transforms/99139b537de78880a60441ad0c531710/transformed/camera-view-1.5.0-api.jar is c85d037441811e37dcd6319d93a7b3d4
Build cache key for BuildToolsApiClasspathEntrySnapshotTransform: /opt/android/sdk/build-tools/36.0.0/core-lambda-stubs.jar is fe66ff4bbc53108a0c1473f7b6da6975
Stored cache entry for BuildToolsApiClasspathEntrySnapshotTransform: /opt/android/sdk/build-tools/36.0.0/core-lambda-stubs.jar with cache key fe66ff4bbc53108a0c1473f7b6da6975
Build cache key for BuildToolsApiClasspathEntrySnapshotTransform: /opt/gradle/.gradle/caches/9.3.1/transforms/3a71a77623a31228b1e38aa037551be6/transformed/camera-lifecycle-1.5.0-api.jar is 1f83aff1d572922450e4ab214732d84f
Build cache key for BuildToolsApiClasspathEntrySnapshotTransform: /opt/android/sdk/platforms/android-36.1/android.jar is bff00cf3c6e73b50c2010b121eafd3b7
Stored cache entry for BuildToolsApiClasspathEntrySnapshotTransform: /opt/gradle/.gradle/caches/9.3.1/transforms/99139b537de78880a60441ad0c531710/transformed/camera-view-1.5.0-api.jar with cache key c85d037441811e37dcd6319d93a7b3d4
Build cache key for BuildToolsApiClasspathEntrySnapshotTransform: /opt/gradle/.gradle/caches/9.3.1/transforms/68a51947d12c1eb796ace72ac17df269/transformed/camera-camera2-1.5.0-api.jar is 43aaa40bfe1721e2ae44cae269f1fa63
Stored cache entry for BuildToolsApiClasspathEntrySnapshotTransform: /opt/gradle/.gradle/caches/9.3.1/transforms/3a71a77623a31228b1e38aa037551be6/transformed/camera-lifecycle-1.5.0-api.jar with cache key 1f83aff1d572922450e4ab214732d84f
Build cache key for BuildToolsApiClasspathEntrySnapshotTransform: /opt/gradle/.gradle/caches/9.3.1/transforms/a209e734f6e900d298f29e5b6f47909a/transformed/camera-core-1.5.0-api.jar is 089bc6f38a23ace45af544f8ecb898ef
Stored cache entry for BuildToolsApiClasspathEntrySnapshotTransform: /opt/gradle/.gradle/caches/9.3.1/transforms/68a51947d12c1eb796ace72ac17df269/transformed/camera-camera2-1.5.0-api.jar with cache key 43aaa40bfe1721e2ae44cae269f1fa63
Build cache key for BuildToolsApiClasspathEntrySnapshotTransform: /opt/gradle/.gradle/caches/9.3.1/transforms/29c9121aae492686bc28270066e770eb/transformed/billing-ktx-7.1.1-api.jar is b9ae9d6e29c6e84246c0400033b74cb8
Stored cache entry for BuildToolsApiClasspathEntrySnapshotTransform: /opt/gradle/.gradle/caches/9.3.1/transforms/29c9121aae492686bc28270066e770eb/transformed/billing-ktx-7.1.1-api.jar with cache key b9ae9d6e29c6e84246c0400033b74cb8
Build cache key for BuildToolsApiClasspathEntrySnapshotTransform: /opt/gradle/.gradle/caches/9.3.1/transforms/25e5559f15d76494d9235985ec0f83a4/transformed/billing-7.1.1-api.jar is 21e4f07dd748a255d7c1c2b5bb7811e0
Stored cache entry for BuildToolsApiClasspathEntrySnapshotTransform: /opt/gradle/.gradle/caches/9.3.1/transforms/25e5559f15d76494d9235985ec0f83a4/transformed/billing-7.1.1-api.jar with cache key 21e4f07dd748a255d7c1c2b5bb7811e0
Stored cache entry for BuildToolsApiClasspathEntrySnapshotTransform: /opt/gradle/.gradle/caches/9.3.1/transforms/a209e734f6e900d298f29e5b6f47909a/transformed/camera-core-1.5.0-api.jar with cache key 089bc6f38a23ace45af544f8ecb898ef
Build cache key for BuildToolsApiClasspathEntrySnapshotTransform: /opt/gradle/.gradle/caches/9.3.1/transforms/d08b6b78c5ada490b29c4442be285332/transformed/credentials-play-services-auth-1.5.0-api.jar is 562a8ac23b729513955dc0974ea801ca
Build cache key for BuildToolsApiClasspathEntrySnapshotTransform: /opt/gradle/.gradle/caches/9.3.1/transforms/1c3363c2b469fffb2cbed83bce077a31/transformed/googleid-1.1.1-api.jar is 0582750fa9543eb2e494b0d25394c38e
Stored cache entry for BuildToolsApiClasspathEntrySnapshotTransform: /opt/gradle/.gradle/caches/9.3.1/transforms/1c3363c2b469fffb2cbed83bce077a31/transformed/googleid-1.1.1-api.jar with cache key 0582750fa9543eb2e494b0d25394c38e
Build cache key for BuildToolsApiClasspathEntrySnapshotTransform: /opt/gradle/.gradle/caches/9.3.1/transforms/494b05470b81462021cd9d8b1bdb6c5b/transformed/credentials-1.5.0-api.jar is 27ece3921516de8e87a4f32d3df6b0bf
Stored cache entry for BuildToolsApiClasspathEntrySnapshotTransform: /opt/gradle/.gradle/caches/9.3.1/transforms/d08b6b78c5ada490b29c4442be285332/transformed/credentials-play-services-auth-1.5.0-api.jar with cache key 562a8ac23b729513955dc0974ea801ca
Build cache key for BuildToolsApiClasspathEntrySnapshotTransform: /opt/gradle/.gradle/caches/9.3.1/transforms/616f99e37adbf59086c5e4b2f9a37a9d/transformed/biometric-1.1.0-api.jar is 3f543969f52fcec789329f1231858327
Stored cache entry for BuildToolsApiClasspathEntrySnapshotTransform: /opt/gradle/.gradle/caches/9.3.1/transforms/616f99e37adbf59086c5e4b2f9a37a9d/transformed/biometric-1.1.0-api.jar with cache key 3f543969f52fcec789329f1231858327
Build cache key for BuildToolsApiClasspathEntrySnapshotTransform: /opt/gradle/.gradle/caches/9.3.1/transforms/2ced0c1b3256e7d04693671879c07149/transformed/play-services-ads-23.6.0-api.jar is a9d6326d13d7f1e07770a1fefbe2ee7a
Stored cache entry for BuildToolsApiClasspathEntrySnapshotTransform: /opt/gradle/.gradle/caches/9.3.1/transforms/494b05470b81462021cd9d8b1bdb6c5b/transformed/credentials-1.5.0-api.jar with cache key 27ece3921516de8e87a4f32d3df6b0bf
Build cache key for BuildToolsApiClasspathEntrySnapshotTransform: /opt/gradle/.gradle/caches/9.3.1/transforms/1bc43386ed8181514fd1347582707eca/transformed/play-services-appset-16.0.1-api.jar is 555dab7c7a7b05c4cdea039ce9d94ec3
Stored cache entry for BuildToolsApiClasspathEntrySnapshotTransform: /opt/gradle/.gradle/caches/9.3.1/transforms/1bc43386ed8181514fd1347582707eca/transformed/play-services-appset-16.0.1-api.jar with cache key 555dab7c7a7b05c4cdea039ce9d94ec3
Build cache key for BuildToolsApiClasspathEntrySnapshotTransform: /opt/gradle/.gradle/caches/9.3.1/transforms/aa5937730f062db8f2f69ff8dc365ac8/transformed/firebase-appcheck-recaptcha-19.0.0-api.jar is 013095bd14313d08376a52b4c7a83414
Stored cache entry for BuildToolsApiClasspathEntrySnapshotTransform: /opt/gradle/.gradle/caches/9.3.1/transforms/aa5937730f062db8f2f69ff8dc365ac8/transformed/firebase-appcheck-recaptcha-19.0.0-api.jar with cache key 013095bd14313d08376a52b4c7a83414
Build cache key for BuildToolsApiClasspathEntrySnapshotTransform: /opt/gradle/.gradle/caches/9.3.1/transforms/08f2dc84f944d44c5461080d80ed6579/transformed/recaptcha-18.7.1-api.jar is f3b4c877f236bfc3982dd18cf72ec144
Stored cache entry for BuildToolsApiClasspathEntrySnapshotTransform: /opt/gradle/.gradle/caches/9.3.1/transforms/08f2dc84f944d44c5461080d80ed6579/transformed/recaptcha-18.7.1-api.jar with cache key f3b4c877f236bfc3982dd18cf72ec144
Invalidating in-memory cache of /opt/gradle/.gradle/caches/9.3.1/fileHashes/fileHashes.bin
Invalidating in-memory cache of /opt/gradle/.gradle/caches/9.3.1/fileHashes/resourceHashesCache.bin
Invalidating in-memory cache of /opt/gradle/.gradle/caches/journal-1/file-access.bin
Build cache key for BuildToolsApiClasspathEntrySnapshotTransform: /opt/gradle/.gradle/caches/9.3.1/transforms/4f9302d3e857522f1d4611bcc012a9b9/transformed/play-services-location-19.0.0-api.jar is 57ae6802385db619c4e343b9bccad341
Stored cache entry for BuildToolsApiClasspathEntrySnapshotTransform: /opt/android/sdk/platforms/android-36.1/android.jar with cache key bff00cf3c6e73b50c2010b121eafd3b7
Build cache key for BuildToolsApiClasspathEntrySnapshotTransform: /opt/gradle/.gradle/caches/9.3.1/transforms/03c44bfda48ff0559835297b533e0d87/transformed/firebase-analytics-23.2.0-api.jar is 6f41860f410e98c371fc6d95ecf79def
Stored cache entry for BuildToolsApiClasspathEntrySnapshotTransform: /opt/gradle/.gradle/caches/9.3.1/transforms/2ced0c1b3256e7d04693671879c07149/transformed/play-services-ads-23.6.0-api.jar with cache key a9d6326d13d7f1e07770a1fefbe2ee7a
Build cache key for BuildToolsApiClasspathEntrySnapshotTransform: /opt/gradle/.gradle/caches/9.3.1/transforms/0a3f74885489845682147f3443237ef3/transformed/play-services-measurement-23.2.0-api.jar is 0364145d63a15d233091b0d1fd47a70e
Stored cache entry for BuildToolsApiClasspathEntrySnapshotTransform: /opt/gradle/.gradle/caches/9.3.1/transforms/03c44bfda48ff0559835297b533e0d87/transformed/firebase-analytics-23.2.0-api.jar with cache key 6f41860f410e98c371fc6d95ecf79def
Build cache key for BuildToolsApiClasspathEntrySnapshotTransform: /opt/gradle/.gradle/caches/9.3.1/transforms/5534049963f4d030e1a889061623d1fd/transformed/play-services-measurement-sdk-23.2.0-api.jar is c1f970ef65f0c0a82646495adab71145
Stored cache entry for BuildToolsApiClasspathEntrySnapshotTransform: /opt/gradle/.gradle/caches/9.3.1/transforms/5534049963f4d030e1a889061623d1fd/transformed/play-services-measurement-sdk-23.2.0-api.jar with cache key c1f970ef65f0c0a82646495adab71145
Build cache key for BuildToolsApiClasspathEntrySnapshotTransform: /opt/gradle/.gradle/caches/9.3.1/transforms/c853b991928df290b3f41b5a89f3c88a/transformed/play-services-measurement-impl-23.2.0-api.jar is eaaa2658c5dd8ad15f3c1b3fdd137cd2
Stored cache entry for BuildToolsApiClasspathEntrySnapshotTransform: /opt/gradle/.gradle/caches/9.3.1/transforms/4f9302d3e857522f1d4611bcc012a9b9/transformed/play-services-location-19.0.0-api.jar with cache key 57ae6802385db619c4e343b9bccad341
Build cache key for BuildToolsApiClasspathEntrySnapshotTransform: /opt/gradle/.gradle/caches/9.3.1/transforms/792e4f2e7dd4dc9878cd8f0806306765/transformed/play-services-recaptchabase-16.1.0-api.jar is bf5637ae6885264fdc56e05007e1bd44
Stored cache entry for BuildToolsApiClasspathEntrySnapshotTransform: /opt/gradle/.gradle/caches/9.3.1/transforms/0a3f74885489845682147f3443237ef3/transformed/play-services-measurement-23.2.0-api.jar with cache key 0364145d63a15d233091b0d1fd47a70e
Stored cache entry for BuildToolsApiClasspathEntrySnapshotTransform: /opt/gradle/.gradle/caches/9.3.1/transforms/792e4f2e7dd4dc9878cd8f0806306765/transformed/play-services-recaptchabase-16.1.0-api.jar with cache key bf5637ae6885264fdc56e05007e1bd44
Build cache key for BuildToolsApiClasspathEntrySnapshotTransform: /opt/gradle/.gradle/caches/9.3.1/transforms/22d20defe0420100b97995764b13fa5a/transformed/firebase-ai-17.13.0-api.jar is 0d54e230433a4a8938e9fd1f16e275bd
Build cache key for BuildToolsApiClasspathEntrySnapshotTransform: /opt/gradle/.gradle/caches/9.3.1/transforms/6d4baaa6fad47b48cdce3720ddcd1244/transformed/firebase-appcheck-19.2.0-api.jar is 52eca544f6daaec8bc766405e90915d5
Stored cache entry for BuildToolsApiClasspathEntrySnapshotTransform: /opt/gradle/.gradle/caches/9.3.1/transforms/6d4baaa6fad47b48cdce3720ddcd1244/transformed/firebase-appcheck-19.2.0-api.jar with cache key 52eca544f6daaec8bc766405e90915d5
Build cache key for BuildToolsApiClasspathEntrySnapshotTransform: /opt/gradle/.gradle/caches/9.3.1/transforms/9bccf0cb287250d07319bdcd93740cca/transformed/firebase-appcheck-interop-17.1.0-api.jar is ad3ec301a24831b6617a13771eed8a18
Stored cache entry for BuildToolsApiClasspathEntrySnapshotTransform: /opt/gradle/.gradle/caches/9.3.1/transforms/9bccf0cb287250d07319bdcd93740cca/transformed/firebase-appcheck-interop-17.1.0-api.jar with cache key ad3ec301a24831b6617a13771eed8a18
Build cache key for BuildToolsApiClasspathEntrySnapshotTransform: /opt/gradle/.gradle/caches/9.3.1/transforms/ed5e0754fd256033f155847a3da72a6a/transformed/play-services-base-18.5.0-api.jar is e2dcf8a0315a837d24da575fcd78d2b3
Invalidating in-memory cache of /opt/gradle/.gradle/caches/9.3.1/fileHashes/fileHashes.bin
Invalidating in-memory cache of /opt/gradle/.gradle/caches/9.3.1/fileHashes/resourceHashesCache.bin
Invalidating in-memory cache of /opt/gradle/.gradle/caches/journal-1/file-access.bin
Stored cache entry for BuildToolsApiClasspathEntrySnapshotTransform: /opt/gradle/.gradle/caches/9.3.1/transforms/c853b991928df290b3f41b5a89f3c88a/transformed/play-services-measurement-impl-23.2.0-api.jar with cache key eaaa2658c5dd8ad15f3c1b3fdd137cd2
Stored cache entry for BuildToolsApiClasspathEntrySnapshotTransform: /opt/gradle/.gradle/caches/9.3.1/transforms/22d20defe0420100b97995764b13fa5a/transformed/firebase-ai-17.13.0-api.jar with cache key 0d54e230433a4a8938e9fd1f16e275bd
Stored cache entry for BuildToolsApiClasspathEntrySnapshotTransform: /opt/gradle/.gradle/caches/9.3.1/transforms/ed5e0754fd256033f155847a3da72a6a/transformed/play-services-base-18.5.0-api.jar with cache key e2dcf8a0315a837d24da575fcd78d2b3
Build cache key for BuildToolsApiClasspathEntrySnapshotTransform: /opt/gradle/.gradle/caches/9.3.1/transforms/bdd980848494bf6702f3a05ffcddc708/transformed/play-services-ads-lite-23.6.0-api.jar is c0d4c2de9e0b351ddca091a39e87bc6e
Build cache key for BuildToolsApiClasspathEntrySnapshotTransform: /opt/gradle/.gradle/caches/9.3.1/transforms/a231fc603bdea9271fd4f81c391c301d/transformed/play-services-ads-base-23.6.0-api.jar is aff508a873a14f7474fb627ccf274751
Build cache key for BuildToolsApiClasspathEntrySnapshotTransform: /opt/gradle/.gradle/caches/9.3.1/transforms/1cf0d3d415f3bae196b6a2309442cb8a/transformed/play-services-measurement-api-23.2.0-api.jar is 74e2942c1580079f0706622cced1133b
Invalidating in-memory cache of /opt/gradle/.gradle/caches/9.3.1/fileHashes/fileHashes.bin
Invalidating in-memory cache of /opt/gradle/.gradle/caches/9.3.1/fileHashes/resourceHashesCache.bin
Invalidating in-memory cache of /opt/gradle/.gradle/caches/journal-1/file-access.bin
Stored cache entry for BuildToolsApiClasspathEntrySnapshotTransform: /opt/gradle/.gradle/caches/9.3.1/transforms/1cf0d3d415f3bae196b6a2309442cb8a/transformed/play-services-measurement-api-23.2.0-api.jar with cache key 74e2942c1580079f0706622cced1133b
Stored cache entry for BuildToolsApiClasspathEntrySnapshotTransform: /opt/gradle/.gradle/caches/9.3.1/transforms/a231fc603bdea9271fd4f81c391c301d/transformed/play-services-ads-base-23.6.0-api.jar with cache key aff508a873a14f7474fb627ccf274751
Stored cache entry for BuildToolsApiClasspathEntrySnapshotTransform: /opt/gradle/.gradle/caches/9.3.1/transforms/bdd980848494bf6702f3a05ffcddc708/transformed/play-services-ads-lite-23.6.0-api.jar with cache key c0d4c2de9e0b351ddca091a39e87bc6e
Invalidating in-memory cache of /opt/gradle/.gradle/caches/9.3.1/fileHashes/fileHashes.bin
Invalidating in-memory cache of /opt/gradle/.gradle/caches/9.3.1/fileHashes/resourceHashesCache.bin
Invalidating in-memory cache of /opt/gradle/.gradle/caches/journal-1/file-access.bin
Build cache key for BuildToolsApiClasspathEntrySnapshotTransform: /opt/gradle/.gradle/caches/9.3.1/transforms/1c98495755c7f0ffdd2d0917848962d9/transformed/room-runtime-release-api.jar is 6b11c3ea82a9f0231ca8ee2199050338
Build cache key for BuildToolsApiClasspathEntrySnapshotTransform: /opt/gradle/.gradle/caches/9.3.1/transforms/e64b5d4eb73a1800fae79ac5230c9cd5/transformed/room-ktx-2.7.0-api.jar is 28e4d4cf3b53e533a016748e0a3f2ae5
Build cache key for BuildToolsApiClasspathEntrySnapshotTransform: /opt/gradle/.gradle/caches/9.3.1/transforms/e126df9efcf678dae99fe2035999bfd2/transformed/browser-1.8.0-api.jar is 78cd6500c7cd84fd35e83047ea552ef4
Stored cache entry for BuildToolsApiClasspathEntrySnapshotTransform: /opt/gradle/.gradle/caches/9.3.1/transforms/e64b5d4eb73a1800fae79ac5230c9cd5/transformed/room-ktx-2.7.0-api.jar with cache key 28e4d4cf3b53e533a016748e0a3f2ae5
Build cache key for BuildToolsApiClasspathEntrySnapshotTransform: /opt/gradle/.gradle/caches/9.3.1/transforms/8bd0b6904f8f94d5686ff013dcf68427/transformed/webkit-1.11.0-alpha02-api.jar is d1074af772e6383e3646f2d235a74e22
Stored cache entry for BuildToolsApiClasspathEntrySnapshotTransform: /opt/gradle/.gradle/caches/9.3.1/transforms/e126df9efcf678dae99fe2035999bfd2/transformed/browser-1.8.0-api.jar with cache key 78cd6500c7cd84fd35e83047ea552ef4
Build cache key for BuildToolsApiClasspathEntrySnapshotTransform: /opt/gradle/.gradle/caches/9.3.1/transforms/b0a97b5cc6bfef9d3cabc093cf9dc6ce/transformed/legacy-support-core-utils-1.0.0-api.jar is a6a25e38ac901568c608dfb4f44d86cd
Stored cache entry for BuildToolsApiClasspathEntrySnapshotTransform: /opt/gradle/.gradle/caches/9.3.1/transforms/b0a97b5cc6bfef9d3cabc093cf9dc6ce/transformed/legacy-support-core-utils-1.0.0-api.jar with cache key a6a25e38ac901568c608dfb4f44d86cd
Build cache key for BuildToolsApiClasspathEntrySnapshotTransform: /opt/gradle/.gradle/caches/9.3.1/transforms/74734c9c04f2b6d93557cc85c8219247/transformed/viewpager-1.0.0-api.jar is f9ea368ce5f224dfdf01cb8aa026e795
Stored cache entry for BuildToolsApiClasspathEntrySnapshotTransform: /opt/gradle/.gradle/caches/9.3.1/transforms/8bd0b6904f8f94d5686ff013dcf68427/transformed/webkit-1.11.0-alpha02-api.jar with cache key d1074af772e6383e3646f2d235a74e22
Build cache key for BuildToolsApiClasspathEntrySnapshotTransform: /opt/gradle/.gradle/caches/9.3.1/transforms/91ed922846a1a67d040bce85fe47e4d8/transformed/loader-1.0.0-api.jar is d1d61ce5b8dd25e02dde4812203b1e24
Stored cache entry for BuildToolsApiClasspathEntrySnapshotTransform: /opt/gradle/.gradle/caches/9.3.1/transforms/74734c9c04f2b6d93557cc85c8219247/transformed/viewpager-1.0.0-api.jar with cache key f9ea368ce5f224dfdf01cb8aa026e795
Stored cache entry for BuildToolsApiClasspathEntrySnapshotTransform: /opt/gradle/.gradle/caches/9.3.1/transforms/91ed922846a1a67d040bce85fe47e4d8/transformed/loader-1.0.0-api.jar with cache key d1d61ce5b8dd25e02dde4812203b1e24
Build cache key for BuildToolsApiClasspathEntrySnapshotTransform: /opt/gradle/.gradle/caches/9.3.1/transforms/3c617450b454f328163180cd5faae736/transformed/customview-1.0.0-api.jar is 07b85a3c812949a8dea2f43b86224298
Build cache key for BuildToolsApiClasspathEntrySnapshotTransform: /opt/gradle/.gradle/caches/9.3.1/transforms/95b0a594ccbc5672f0761b86f49e98cc/transformed/core-1.18.0-api.jar is 1e131d7268b68a3cb8e8a8471146286e
Invalidating in-memory cache of /opt/gradle/.gradle/caches/9.3.1/fileHashes/fileHashes.bin
Invalidating in-memory cache of /opt/gradle/.gradle/caches/9.3.1/fileHashes/resourceHashesCache.bin
Invalidating in-memory cache of /opt/gradle/.gradle/caches/journal-1/file-access.bin
Stored cache entry for BuildToolsApiClasspathEntrySnapshotTransform: /opt/gradle/.gradle/caches/9.3.1/transforms/3c617450b454f328163180cd5faae736/transformed/customview-1.0.0-api.jar with cache key 07b85a3c812949a8dea2f43b86224298
Stored cache entry for BuildToolsApiClasspathEntrySnapshotTransform: /opt/gradle/.gradle/caches/9.3.1/transforms/1c98495755c7f0ffdd2d0917848962d9/transformed/room-runtime-release-api.jar with cache key 6b11c3ea82a9f0231ca8ee2199050338
Stored cache entry for BuildToolsApiClasspathEntrySnapshotTransform: /opt/gradle/.gradle/caches/9.3.1/transforms/95b0a594ccbc5672f0761b86f49e98cc/transformed/core-1.18.0-api.jar with cache key 1e131d7268b68a3cb8e8a8471146286e
Invalidating in-memory cache of /opt/gradle/.gradle/caches/9.3.1/fileHashes/fileHashes.bin
Invalidating in-memory cache of /opt/gradle/.gradle/caches/9.3.1/fileHashes/resourceHashesCache.bin
Invalidating in-memory cache of /opt/gradle/.gradle/caches/journal-1/file-access.bin
Build cache key for BuildToolsApiClasspathEntrySnapshotTransform: /opt/gradle/.gradle/caches/9.3.1/transforms/37c790a389cc0b0c368a8825abf76b1e/transformed/coil-base-2.7.0-api.jar is 52e7c3da86396a7fa671f26b7b800b8a
Build cache key for BuildToolsApiClasspathEntrySnapshotTransform: /opt/gradle/.gradle/caches/9.3.1/transforms/f8727f9c038b25377f30606aca166c0c/transformed/lifecycle-viewmodel-2.8.7-api.jar is 114a3a3927f91cb28250d17bb2e48ef6
Build cache key for BuildToolsApiClasspathEntrySnapshotTransform: /opt/gradle/.gradle/caches/9.3.1/transforms/f60bb0e4b45c9cfae44e2fe3c3509e6f/transformed/lifecycle-viewmodel-release-api.jar is 33917db89de8dcb793aa37b495de0ae2
Loaded cache entry for BuildToolsApiClasspathEntrySnapshotTransform: /opt/gradle/.gradle/caches/9.3.1/transforms/37c790a389cc0b0c368a8825abf76b1e/transformed/coil-base-2.7.0-api.jar with cache key 52e7c3da86396a7fa671f26b7b800b8a
Build cache key for BuildToolsApiClasspathEntrySnapshotTransform: /opt/gradle/.gradle/caches/9.3.1/transforms/08409ea12ab610348702e68d114780a1/transformed/lifecycle-livedata-core-ktx-2.8.7-api.jar is f230850e84a7953989062f6b2f5fbc79
Stored cache entry for BuildToolsApiClasspathEntrySnapshotTransform: /opt/gradle/.gradle/caches/9.3.1/transforms/f8727f9c038b25377f30606aca166c0c/transformed/lifecycle-viewmodel-2.8.7-api.jar with cache key 114a3a3927f91cb28250d17bb2e48ef6
Build cache key for BuildToolsApiClasspathEntrySnapshotTransform: /opt/gradle/.gradle/caches/modules-2/files-2.1/androidx.lifecycle/lifecycle-common-jvm/2.8.7/7174a594afb73a9ad9ac9074ce78b94af3cc52a7/lifecycle-common-jvm-2.8.7.jar is 701c0421f82a937df607036696faf0f9
Stored cache entry for BuildToolsApiClasspathEntrySnapshotTransform: /opt/gradle/.gradle/caches/9.3.1/transforms/08409ea12ab610348702e68d114780a1/transformed/lifecycle-livedata-core-ktx-2.8.7-api.jar with cache key f230850e84a7953989062f6b2f5fbc79
Build cache key for BuildToolsApiClasspathEntrySnapshotTransform: /opt/gradle/.gradle/caches/9.3.1/transforms/df8e62ff1b061129490aaa8995cdcac9/transformed/lifecycle-runtime-release-api.jar is 060384b5c0e41474d86413fa113580a9
Stored cache entry for BuildToolsApiClasspathEntrySnapshotTransform: /opt/gradle/.gradle/caches/9.3.1/transforms/f60bb0e4b45c9cfae44e2fe3c3509e6f/transformed/lifecycle-viewmodel-release-api.jar with cache key 33917db89de8dcb793aa37b495de0ae2
Stored cache entry for BuildToolsApiClasspathEntrySnapshotTransform: /opt/gradle/.gradle/caches/modules-2/files-2.1/androidx.lifecycle/lifecycle-common-jvm/2.8.7/7174a594afb73a9ad9ac9074ce78b94af3cc52a7/lifecycle-common-jvm-2.8.7.jar with cache key 701c0421f82a937df607036696faf0f9
Stored cache entry for BuildToolsApiClasspathEntrySnapshotTransform: /opt/gradle/.gradle/caches/9.3.1/transforms/df8e62ff1b061129490aaa8995cdcac9/transformed/lifecycle-runtime-release-api.jar with cache key 060384b5c0e41474d86413fa113580a9
Build cache key for BuildToolsApiClasspathEntrySnapshotTransform: /opt/gradle/.gradle/caches/9.3.1/transforms/257af2ce4e95806f78226e2169aef3c7/transformed/lifecycle-viewmodel-savedstate-2.8.7-api.jar is 68caa20a24b7788e2e2cd40100b872a6
Build cache key for BuildToolsApiClasspathEntrySnapshotTransform: /opt/gradle/.gradle/caches/9.3.1/transforms/52614e74cb997d7801c97bed557587fd/transformed/lifecycle-livedata-core-2.8.7-api.jar is efba12c2f98f2347b69b08193dbb4a98
Build cache key for BuildToolsApiClasspathEntrySnapshotTransform: /opt/gradle/.gradle/caches/9.3.1/transforms/0549425f957d712bf2e68803f4e39bee/transformed/lifecycle-viewmodel-ktx-2.8.7-api.jar is f36b046ffef22c54f84cd3d685898b57
Stored cache entry for BuildToolsApiClasspathEntrySnapshotTransform: /opt/gradle/.gradle/caches/9.3.1/transforms/257af2ce4e95806f78226e2169aef3c7/transformed/lifecycle-viewmodel-savedstate-2.8.7-api.jar with cache key 68caa20a24b7788e2e2cd40100b872a6
Build cache key for BuildToolsApiClasspathEntrySnapshotTransform: /opt/gradle/.gradle/caches/9.3.1/transforms/b165247658c980262a3001347f60bd89/transformed/work-runtime-2.7.0-api.jar is 372312952151a57025890941e5084586
Stored cache entry for BuildToolsApiClasspathEntrySnapshotTransform: /opt/gradle/.gradle/caches/9.3.1/transforms/0549425f957d712bf2e68803f4e39bee/transformed/lifecycle-viewmodel-ktx-2.8.7-api.jar with cache key f36b046ffef22c54f84cd3d685898b57
Build cache key for BuildToolsApiClasspathEntrySnapshotTransform: /opt/gradle/.gradle/caches/9.3.1/transforms/947a0dd74e0fed64ae2588e524feea0a/transformed/lifecycle-livedata-2.8.7-api.jar is 4a43ca87b07f4c9ba73d63d52f4f9223
Stored cache entry for BuildToolsApiClasspathEntrySnapshotTransform: /opt/gradle/.gradle/caches/9.3.1/transforms/52614e74cb997d7801c97bed557587fd/transformed/lifecycle-livedata-core-2.8.7-api.jar with cache key efba12c2f98f2347b69b08193dbb4a98
Build cache key for BuildToolsApiClasspathEntrySnapshotTransform: /opt/gradle/.gradle/caches/9.3.1/transforms/cf4eecc9807ed34b48b9ab8dc90ec22e/transformed/lifecycle-viewmodel-compose-release-api.jar is 0600a3c6ca5d49eb40066b0018b8310f
Stored cache entry for BuildToolsApiClasspathEntrySnapshotTransform: /opt/gradle/.gradle/caches/9.3.1/transforms/cf4eecc9807ed34b48b9ab8dc90ec22e/transformed/lifecycle-viewmodel-compose-release-api.jar with cache key 0600a3c6ca5d49eb40066b0018b8310f
Stored cache entry for BuildToolsApiClasspathEntrySnapshotTransform: /opt/gradle/.gradle/caches/9.3.1/transforms/947a0dd74e0fed64ae2588e524feea0a/transformed/lifecycle-livedata-2.8.7-api.jar with cache key 4a43ca87b07f4c9ba73d63d52f4f9223
Build cache key for BuildToolsApiClasspathEntrySnapshotTransform: /opt/gradle/.gradle/caches/9.3.1/transforms/f99908ac59a08f7586ae5350a6a85b87/transformed/material3-release-api.jar is f0579c1f88951354d5f9cd7ca101bfca
Build cache key for BuildToolsApiClasspathEntrySnapshotTransform: /opt/gradle/.gradle/caches/9.3.1/transforms/2c0939f7bfe11a68903668d8a855c784/transformed/ui-util-release-api.jar is 34f802bd7e9e99194c1e5f702cf3c26a
Stored cache entry for BuildToolsApiClasspathEntrySnapshotTransform: /opt/gradle/.gradle/caches/9.3.1/transforms/b165247658c980262a3001347f60bd89/transformed/work-runtime-2.7.0-api.jar with cache key 372312952151a57025890941e5084586
Invalidating in-memory cache of /opt/gradle/.gradle/caches/9.3.1/fileHashes/fileHashes.bin
Invalidating in-memory cache of /opt/gradle/.gradle/caches/9.3.1/fileHashes/resourceHashesCache.bin
Build cache key for BuildToolsApiClasspathEntrySnapshotTransform: /opt/gradle/.gradle/caches/9.3.1/transforms/d485a3c62f88ade7db406d6a902b2075/transformed/ui-unit-release-api.jar is 0b42361d15cc38da7d18906eef26081a
Invalidating in-memory cache of /opt/gradle/.gradle/caches/journal-1/file-access.bin
Stored cache entry for BuildToolsApiClasspathEntrySnapshotTransform: /opt/gradle/.gradle/caches/9.3.1/transforms/2c0939f7bfe11a68903668d8a855c784/transformed/ui-util-release-api.jar with cache key 34f802bd7e9e99194c1e5f702cf3c26a
Invalidating in-memory cache of /opt/gradle/.gradle/caches/9.3.1/fileHashes/fileHashes.bin
Invalidating in-memory cache of /opt/gradle/.gradle/caches/9.3.1/fileHashes/resourceHashesCache.bin
Build cache key for BuildToolsApiClasspathEntrySnapshotTransform: /opt/gradle/.gradle/caches/9.3.1/transforms/357d8bec3c074acca0e82ad93a323c07/transformed/foundation-layout-release-api.jar is bcdd04c4a9d92412dda3e1c39e3a8f30
Invalidating in-memory cache of /opt/gradle/.gradle/caches/9.3.1/fileHashes/fileHashes.bin
Invalidating in-memory cache of /opt/gradle/.gradle/caches/9.3.1/fileHashes/resourceHashesCache.bin
Invalidating in-memory cache of /opt/gradle/.gradle/caches/journal-1/file-access.bin
Stored cache entry for BuildToolsApiClasspathEntrySnapshotTransform: /opt/gradle/.gradle/caches/9.3.1/transforms/d485a3c62f88ade7db406d6a902b2075/transformed/ui-unit-release-api.jar with cache key 0b42361d15cc38da7d18906eef26081a
Stored cache entry for BuildToolsApiClasspathEntrySnapshotTransform: /opt/gradle/.gradle/caches/9.3.1/transforms/357d8bec3c074acca0e82ad93a323c07/transformed/foundation-layout-release-api.jar with cache key bcdd04c4a9d92412dda3e1c39e3a8f30
Stored cache entry for BuildToolsApiClasspathEntrySnapshotTransform: /opt/gradle/.gradle/caches/9.3.1/transforms/f99908ac59a08f7586ae5350a6a85b87/transformed/material3-release-api.jar with cache key f0579c1f88951354d5f9cd7ca101bfca
Build cache key for BuildToolsApiClasspathEntrySnapshotTransform: /opt/gradle/.gradle/caches/9.3.1/transforms/e54ed3b3bc5c428dabfddd2a671f8173/transformed/material-ripple-release-api.jar is ff903403404f1aeab113582692814dca
Build cache key for BuildToolsApiClasspathEntrySnapshotTransform: /opt/gradle/.gradle/caches/9.3.1/transforms/bc4fd144668582891c338f92f6e8827e/transformed/foundation-release-api.jar is 35b02329f03306c8cde4d4b1d5053ac0
Build cache key for BuildToolsApiClasspathEntrySnapshotTransform: /opt/gradle/.gradle/caches/9.3.1/transforms/a484b8a03193f3a3b23bda1b3308f741/transformed/animation-core-release-api.jar is d697e52e74187f54ab0c3fa0d3aa9411
Stored cache entry for BuildToolsApiClasspathEntrySnapshotTransform: /opt/gradle/.gradle/caches/9.3.1/transforms/e54ed3b3bc5c428dabfddd2a671f8173/transformed/material-ripple-release-api.jar with cache key ff903403404f1aeab113582692814dca
Build cache key for BuildToolsApiClasspathEntrySnapshotTransform: /opt/gradle/.gradle/caches/9.3.1/transforms/6aaf081915150eea65ff7ed12dc5d7cb/transformed/animation-release-api.jar is 08e2c0d15f16894b2aa9474b12e5ea58
Invalidating in-memory cache of /opt/gradle/.gradle/caches/9.3.1/fileHashes/fileHashes.bin
Invalidating in-memory cache of /opt/gradle/.gradle/caches/9.3.1/fileHashes/resourceHashesCache.bin
Invalidating in-memory cache of /opt/gradle/.gradle/caches/journal-1/file-access.bin
Stored cache entry for BuildToolsApiClasspathEntrySnapshotTransform: /opt/gradle/.gradle/caches/9.3.1/transforms/a484b8a03193f3a3b23bda1b3308f741/transformed/animation-core-release-api.jar with cache key d697e52e74187f54ab0c3fa0d3aa9411
Stored cache entry for BuildToolsApiClasspathEntrySnapshotTransform: /opt/gradle/.gradle/caches/9.3.1/transforms/6aaf081915150eea65ff7ed12dc5d7cb/transformed/animation-release-api.jar with cache key 08e2c0d15f16894b2aa9474b12e5ea58
Invalidating in-memory cache of /opt/gradle/.gradle/caches/9.3.1/fileHashes/fileHashes.bin
Invalidating in-memory cache of /opt/gradle/.gradle/caches/9.3.1/fileHashes/resourceHashesCache.bin
Invalidating in-memory cache of /opt/gradle/.gradle/caches/journal-1/file-access.bin
Build cache key for BuildToolsApiClasspathEntrySnapshotTransform: /opt/gradle/.gradle/caches/9.3.1/transforms/d8e4c12a379178b87df676a1a34af73e/transformed/ui-geometry-release-api.jar is 0c17358c37031773317955d1257a9a72
Build cache key for BuildToolsApiClasspathEntrySnapshotTransform: /opt/gradle/.gradle/caches/9.3.1/transforms/bd104e5ad8a12bcfcfa3d7e76e24d323/transformed/ui-text-release-api.jar is 5fdeda781d6b140a98f602591ff2f6ab
Stored cache entry for BuildToolsApiClasspathEntrySnapshotTransform: /opt/gradle/.gradle/caches/9.3.1/transforms/d8e4c12a379178b87df676a1a34af73e/transformed/ui-geometry-release-api.jar with cache key 0c17358c37031773317955d1257a9a72
Build cache key for BuildToolsApiClasspathEntrySnapshotTransform: /opt/gradle/.gradle/caches/9.3.1/transforms/44eff66f487ddc1e722261a17c1d4c3e/transformed/ui-tooling-preview-release-api.jar is 1663fd1b210f7400b13870286da74eaa
Invalidating in-memory cache of /opt/gradle/.gradle/caches/9.3.1/fileHashes/fileHashes.bin
Invalidating in-memory cache of /opt/gradle/.gradle/caches/9.3.1/fileHashes/resourceHashesCache.bin
Invalidating in-memory cache of /opt/gradle/.gradle/caches/journal-1/file-access.bin
Stored cache entry for BuildToolsApiClasspathEntrySnapshotTransform: /opt/gradle/.gradle/caches/9.3.1/transforms/44eff66f487ddc1e722261a17c1d4c3e/transformed/ui-tooling-preview-release-api.jar with cache key 1663fd1b210f7400b13870286da74eaa
Invalidating in-memory cache of /opt/gradle/.gradle/caches/9.3.1/fileHashes/fileHashes.bin
Invalidating in-memory cache of /opt/gradle/.gradle/caches/9.3.1/fileHashes/resourceHashesCache.bin
Invalidating in-memory cache of /opt/gradle/.gradle/caches/journal-1/file-access.bin
Stored cache entry for BuildToolsApiClasspathEntrySnapshotTransform: /opt/gradle/.gradle/caches/9.3.1/transforms/bd104e5ad8a12bcfcfa3d7e76e24d323/transformed/ui-text-release-api.jar with cache key 5fdeda781d6b140a98f602591ff2f6ab
Build cache key for BuildToolsApiClasspathEntrySnapshotTransform: /opt/gradle/.gradle/caches/9.3.1/transforms/efe08a764a77dd56b6ff06780d9d5c9a/transformed/ui-graphics-release-api.jar is 1ade72c198d642aaea95d394fb71fde7
Build cache key for BuildToolsApiClasspathEntrySnapshotTransform: /opt/gradle/.gradle/caches/9.3.1/transforms/e5570305858aa206a1bcce9a53c133b1/transformed/ui-text-google-fonts-1.7.0-api.jar is 8b06caef6b5c713afb137e88830843fd
Stored cache entry for BuildToolsApiClasspathEntrySnapshotTransform: /opt/gradle/.gradle/caches/9.3.1/transforms/bc4fd144668582891c338f92f6e8827e/transformed/foundation-release-api.jar with cache key 35b02329f03306c8cde4d4b1d5053ac0
Build cache key for BuildToolsApiClasspathEntrySnapshotTransform: /opt/gradle/.gradle/caches/9.3.1/transforms/3dd02f8fbfd1df144a7fc513892300d8/transformed/material-icons-extended-release-api.jar is 1acd4916672a4d1862074651416648ab
Stored cache entry for BuildToolsApiClasspathEntrySnapshotTransform: /opt/gradle/.gradle/caches/9.3.1/transforms/e5570305858aa206a1bcce9a53c133b1/transformed/ui-text-google-fonts-1.7.0-api.jar with cache key 8b06caef6b5c713afb137e88830843fd
Build cache key for BuildToolsApiClasspathEntrySnapshotTransform: /opt/gradle/.gradle/caches/9.3.1/transforms/397677683aacdb7788d5a5cb8fd4f7c9/transformed/material-icons-core-release-api.jar is a9274718eb4136a6d8a56ff808c10822
Invalidating in-memory cache of /opt/gradle/.gradle/caches/9.3.1/fileHashes/fileHashes.bin
Invalidating in-memory cache of /opt/gradle/.gradle/caches/9.3.1/fileHashes/resourceHashesCache.bin
Invalidating in-memory cache of /opt/gradle/.gradle/caches/journal-1/file-access.bin
Stored cache entry for BuildToolsApiClasspathEntrySnapshotTransform: /opt/gradle/.gradle/caches/9.3.1/transforms/efe08a764a77dd56b6ff06780d9d5c9a/transformed/ui-graphics-release-api.jar with cache key 1ade72c198d642aaea95d394fb71fde7
Stored cache entry for BuildToolsApiClasspathEntrySnapshotTransform: /opt/gradle/.gradle/caches/9.3.1/transforms/397677683aacdb7788d5a5cb8fd4f7c9/transformed/material-icons-core-release-api.jar with cache key a9274718eb4136a6d8a56ff808c10822
Invalidating in-memory cache of /opt/gradle/.gradle/caches/9.3.1/fileHashes/fileHashes.bin
Invalidating in-memory cache of /opt/gradle/.gradle/caches/9.3.1/fileHashes/resourceHashesCache.bin
Invalidating in-memory cache of /opt/gradle/.gradle/caches/journal-1/file-access.bin
Build cache key for BuildToolsApiClasspathEntrySnapshotTransform: /opt/gradle/.gradle/caches/9.3.1/transforms/2ea24ffb66c274af463079d335d2d895/transformed/ui-release-api.jar is a77d61c377a194059e0142b2ebb94a67
Build cache key for BuildToolsApiClasspathEntrySnapshotTransform: /opt/gradle/.gradle/caches/9.3.1/transforms/5bdd654897019317e5174f2a90c9bc0f/transformed/lifecycle-runtime-compose-release-api.jar is 82354b8b25f120b4a16bafd93b841ed0
Stored cache entry for BuildToolsApiClasspathEntrySnapshotTransform: /opt/gradle/.gradle/caches/9.3.1/transforms/5bdd654897019317e5174f2a90c9bc0f/transformed/lifecycle-runtime-compose-release-api.jar with cache key 82354b8b25f120b4a16bafd93b841ed0
Build cache key for BuildToolsApiClasspathEntrySnapshotTransform: /opt/gradle/.gradle/caches/9.3.1/transforms/997ab741b0033d1c68e866990acd5c39/transformed/lifecycle-runtime-ktx-release-api.jar is f7e50f1d4c4757502a518462f594c0de

> Task :app:mergeReleaseResources
Compiling XML table /app/applet/app/build/intermediates/incremental/release/mergeReleaseResources/merged.dir/values-watch-v21/values-watch-v21.xml to /app/applet/app/build/intermediates/merged_res/release/mergeReleaseResources/values-watch-v21_values-watch-v21.arsc.flat
Compiling XML table /app/applet/app/build/intermediates/incremental/release/mergeReleaseResources/merged.dir/values-hy/values-hy.xml to /app/applet/app/build/intermediates/merged_res/release/mergeReleaseResources/values-hy_values-hy.arsc.flat
Compiling XML table /app/applet/app/build/intermediates/incremental/release/mergeReleaseResources/merged.dir/values-ldltr-v21/values-ldltr-v21.xml to /app/applet/app/build/intermediates/merged_res/release/mergeReleaseResources/values-ldltr-v21_values-ldltr-v21.arsc.flat
Compiling XML table /app/applet/app/build/intermediates/incremental/release/mergeReleaseResources/merged.dir/values-is/values-is.xml to /app/applet/app/build/intermediates/merged_res/release/mergeReleaseResources/values-is_values-is.arsc.flat
Compiling XML table /app/applet/app/build/intermediates/incremental/release/mergeReleaseResources/merged.dir/values-b+sr+Latn/values-b+sr+Latn.xml to /app/applet/app/build/intermediates/merged_res/release/mergeReleaseResources/values-b+sr+Latn_values-b+sr+Latn.arsc.flat
Compiling XML table /app/applet/app/build/intermediates/incremental/release/mergeReleaseResources/merged.dir/values-es-rUS/values-es-rUS.xml to /app/applet/app/build/intermediates/merged_res/release/mergeReleaseResources/values-es-rUS_values-es-rUS.arsc.flat
Compiling XML table /app/applet/app/build/intermediates/incremental/release/mergeReleaseResources/merged.dir/values-v25/values-v25.xml to /app/applet/app/build/intermediates/merged_res/release/mergeReleaseResources/values-v25_values-v25.arsc.flat
Compiling XML table /app/applet/app/build/intermediates/incremental/release/mergeReleaseResources/merged.dir/values-zu/values-zu.xml to /app/applet/app/build/intermediates/merged_res/release/mergeReleaseResources/values-zu_values-zu.arsc.flat
Compiling XML table /app/applet/app/build/intermediates/incremental/release/mergeReleaseResources/merged.dir/values-sw600dp-v13/values-sw600dp-v13.xml to /app/applet/app/build/intermediates/merged_res/release/mergeReleaseResources/values-sw600dp-v13_values-sw600dp-v13.arsc.flat
Compiling XML table /app/applet/app/build/intermediates/incremental/release/mergeReleaseResources/merged.dir/values-bn/values-bn.xml to /app/applet/app/build/intermediates/merged_res/release/mergeReleaseResources/values-bn_values-bn.arsc.flat
Compiling XML table /app/applet/app/build/intermediates/incremental/release/mergeReleaseResources/merged.dir/values-ka/values-ka.xml to /app/applet/app/build/intermediates/merged_res/release/mergeReleaseResources/values-ka_values-ka.arsc.flat
Compiling XML table /app/applet/app/build/intermediates/incremental/release/mergeReleaseResources/merged.dir/values-sq/values-sq.xml to /app/applet/app/build/intermediates/merged_res/release/mergeReleaseResources/values-sq_values-sq.arsc.flat
Compiling XML table /app/applet/app/build/intermediates/incremental/release/mergeReleaseResources/merged.dir/values-km/values-km.xml to /app/applet/app/build/intermediates/merged_res/release/mergeReleaseResources/values-km_values-km.arsc.flat
Compiling XML table /app/applet/app/build/intermediates/incremental/release/mergeReleaseResources/merged.dir/values-sw/values-sw.xml to /app/applet/app/build/intermediates/merged_res/release/mergeReleaseResources/values-sw_values-sw.arsc.flat
Compiling XML table /app/applet/app/build/intermediates/incremental/release/mergeReleaseResources/merged.dir/values-cs/values-cs.xml to /app/applet/app/build/intermediates/merged_res/release/mergeReleaseResources/values-cs_values-cs.arsc.flat
Compiling XML table /app/applet/app/build/intermediates/incremental/release/mergeReleaseResources/merged.dir/values-tl/values-tl.xml to /app/applet/app/build/intermediates/merged_res/release/mergeReleaseResources/values-tl_values-tl.arsc.flat
Compiling XML table /app/applet/app/build/intermediates/incremental/release/mergeReleaseResources/merged.dir/values-en-rAU/values-en-rAU.xml to /app/applet/app/build/intermediates/merged_res/release/mergeReleaseResources/values-en-rAU_values-en-rAU.arsc.flat
Compiling XML table /app/applet/app/build/intermediates/incremental/release/mergeReleaseResources/merged.dir/values-lv/values-lv.xml to /app/applet/app/build/intermediates/merged_res/release/mergeReleaseResources/values-lv_values-lv.arsc.flat
Compiling XML table /app/applet/app/build/intermediates/incremental/release/mergeReleaseResources/merged.dir/values-mk/values-mk.xml to /app/applet/app/build/intermediates/merged_res/release/mergeReleaseResources/values-mk_values-mk.arsc.flat
Compiling XML table /app/applet/app/build/intermediates/incremental/release/mergeReleaseResources/merged.dir/values-mr/values-mr.xml to /app/applet/app/build/intermediates/merged_res/release/mergeReleaseResources/values-mr_values-mr.arsc.flat
Compiling XML table /app/applet/app/build/intermediates/incremental/release/mergeReleaseResources/merged.dir/values-zh-rTW/values-zh-rTW.xml to /app/applet/app/build/intermediates/merged_res/release/mergeReleaseResources/values-zh-rTW_values-zh-rTW.arsc.flat
Compiling XML table /app/applet/app/build/intermediates/incremental/release/mergeReleaseResources/merged.dir/values-eu/values-eu.xml to /app/applet/app/build/intermediates/merged_res/release/mergeReleaseResources/values-eu_values-eu.arsc.flat
Compiling XML table /app/applet/app/build/intermediates/incremental/release/mergeReleaseResources/merged.dir/values-night-v8/values-night-v8.xml to /app/applet/app/build/intermediates/merged_res/release/mergeReleaseResources/values-night-v8_values-night-v8.arsc.flat
Compiling XML table /app/applet/app/build/intermediates/incremental/release/mergeReleaseResources/merged.dir/values-zh-rCN/values-zh-rCN.xml to /app/applet/app/build/intermediates/merged_res/release/mergeReleaseResources/values-zh-rCN_values-zh-rCN.arsc.flat
Compiling XML table /app/applet/app/build/intermediates/incremental/release/mergeReleaseResources/merged.dir/values-large-v4/values-large-v4.xml to /app/applet/app/build/intermediates/merged_res/release/mergeReleaseResources/values-large-v4_values-large-v4.arsc.flat
Compiling XML table /app/applet/app/build/intermediates/incremental/release/mergeReleaseResources/merged.dir/values-or/values-or.xml to /app/applet/app/build/intermediates/merged_res/release/mergeReleaseResources/values-or_values-or.arsc.flat
Compiling XML table /app/applet/app/build/intermediates/incremental/release/mergeReleaseResources/merged.dir/values-pl/values-pl.xml to /app/applet/app/build/intermediates/merged_res/release/mergeReleaseResources/values-pl_values-pl.arsc.flat
Compiling file /app/applet/app/src/main/res/mipmap-mdpi/ic_launcher.webp to /app/applet/app/build/intermediates/merged_res/release/mergeReleaseResources/mipmap-mdpi_ic_launcher.webp.flat
Compiling xml file /app/applet/app/src/main/res/drawable/ic_launcher_foreground.xml to /app/applet/app/build/intermediates/merged_res/release/mergeReleaseResources/drawable_ic_launcher_foreground.xml.flat
Compiling file /app/applet/app/src/main/res/font/fredoka_semibold.ttf to /app/applet/app/build/intermediates/merged_res/release/mergeReleaseResources/font_fredoka_semibold.ttf.flat
Compiling xml file /app/applet/app/src/main/res/drawable/ic_avatar_male_5.xml to /app/applet/app/build/intermediates/merged_res/release/mergeReleaseResources/drawable_ic_avatar_male_5.xml.flat
Compiling xml file /app/applet/app/src/main/res/drawable/ic_avatar_male_2.xml to /app/applet/app/build/intermediates/merged_res/release/mergeReleaseResources/drawable_ic_avatar_male_2.xml.flat
Compiling file /app/applet/app/src/main/res/drawable/img_male_mascot.jpg to /app/applet/app/build/intermediates/merged_res/release/mergeReleaseResources/drawable_img_male_mascot.jpg.flat
Compiling xml file /app/applet/app/src/main/res/mipmap-anydpi-v26/ic_launcher_round.xml to /app/applet/app/build/intermediates/merged_res/release/mergeReleaseResources/mipmap-anydpi-v26_ic_launcher_round.xml.flat
Compiling file /app/applet/app/src/main/res/mipmap-xhdpi/ic_launcher_round.webp to /app/applet/app/build/intermediates/merged_res/release/mergeReleaseResources/mipmap-xhdpi_ic_launcher_round.webp.flat
Compiling xml file /app/applet/app/src/main/res/drawable/ic_avatar_female_3.xml to /app/applet/app/build/intermediates/merged_res/release/mergeReleaseResources/drawable_ic_avatar_female_3.xml.flat
Compiling file /app/applet/app/src/main/res/mipmap-hdpi/ic_launcher_round.webp to /app/applet/app/build/intermediates/merged_res/release/mergeReleaseResources/mipmap-hdpi_ic_launcher_round.webp.flat
Compiling file /app/applet/app/src/main/res/mipmap-hdpi/ic_launcher.webp to /app/applet/app/build/intermediates/merged_res/release/mergeReleaseResources/mipmap-hdpi_ic_launcher.webp.flat
Compiling file /app/applet/app/src/main/res/drawable/img_female_mascot.jpg to /app/applet/app/build/intermediates/merged_res/release/mergeReleaseResources/drawable_img_female_mascot.jpg.flat
Compiling file /app/applet/app/src/main/res/mipmap-xxxhdpi/ic_launcher_round.webp to /app/applet/app/build/intermediates/merged_res/release/mergeReleaseResources/mipmap-xxxhdpi_ic_launcher_round.webp.flat

> Task :app:processReleaseMainManifest
Invalidating in-memory cache of /opt/gradle/.gradle/caches/journal-1/file-access.bin
Caching disabled for AarTransform: /opt/gradle/.gradle/caches/9.3.1/transforms/c72110ec5c67456bbd88bba3ffa66447/transformed/material3-release because:
  Caching not enabled.
Build cache key for task ':app:processReleaseMainManifest' is 6257c0eb82c3f009360137c5134d735d
Task ':app:processReleaseMainManifest' is not up-to-date because:
  No history is available.
Loading library manifest /opt/gradle/.gradle/caches/9.3.1/transforms/c72110ec5c67456bbd88bba3ffa66447/transformed/material3-release/AndroidManifest.xml
Loading library manifest /opt/gradle/.gradle/caches/9.3.1/transforms/687763da1b55561d4499c1d4c6187dd5/transformed/coil-compose-2.7.0/AndroidManifest.xml
Loading library manifest /opt/gradle/.gradle/caches/9.3.1/transforms/c8d8e38de5d5ac146d1592f043d43bd4/transformed/coil-compose-base-2.7.0/AndroidManifest.xml
Loading library manifest /opt/gradle/.gradle/caches/9.3.1/transforms/70ec79ce4ea26d426b6807c4b395b30f/transformed/animation-core-release/AndroidManifest.xml
Loading library manifest /opt/gradle/.gradle/caches/9.3.1/transforms/71d7e8664c0b4265d7d81d003dcde22c/transformed/material-ripple-release/AndroidManifest.xml
Loading library manifest /opt/gradle/.gradle/caches/9.3.1/transforms/5e94ace9532810d90b4d44cec99f679a/transformed/animation-release/AndroidManifest.xml
Loading library manifest /opt/gradle/.gradle/caches/9.3.1/transforms/c2d43173c6506de792e0e8e54f7d3595/transformed/foundation-layout-release/AndroidManifest.xml
Loading library manifest /opt/gradle/.gradle/caches/9.3.1/transforms/7b726f69294a7b1d77693676f9def196/transformed/foundation-release/AndroidManifest.xml
Loading library manifest /opt/gradle/.gradle/caches/9.3.1/transforms/7b5214226ff24aaa1666545ad3ac9dfb/transformed/ui-unit-release/AndroidManifest.xml
Loading library manifest /opt/gradle/.gradle/caches/9.3.1/transforms/ed1ce8fed8a52c924bd1f8c8c1da57ff/transformed/ui-geometry-release/AndroidManifest.xml
Loading library manifest /opt/gradle/.gradle/caches/9.3.1/transforms/30c11277e6e6562cb6208b26976dfb81/transformed/ui-util-release/AndroidManifest.xml
Loading library manifest /opt/gradle/.gradle/caches/9.3.1/transforms/595702ee3dc7aa79de8bf235dd9345c9/transformed/ui-text-release/AndroidManifest.xml
Loading library manifest /opt/gradle/.gradle/caches/9.3.1/transforms/40b7117b93666302b2fed2a2bf7ee65d/transformed/ui-tooling-preview-release/AndroidManifest.xml
Loading library manifest /opt/gradle/.gradle/caches/9.3.1/transforms/883bd62c82194775a33cb9f703a1e216/transformed/ui-graphics-release/AndroidManifest.xml
Loading library manifest /opt/gradle/.gradle/caches/9.3.1/transforms/4657fbe063b9c0e04e2167dff3a5a0d8/transformed/ui-text-google-fonts-1.7.0/AndroidManifest.xml
Loading library manifest /opt/gradle/.gradle/caches/9.3.1/transforms/a7cc43d3d7dedd8de06c568f2a9825fa/transformed/camera-video-1.5.0/AndroidManifest.xml
Loading library manifest /opt/gradle/.gradle/caches/9.3.1/transforms/f77c6db482672183baed09c3d42085cb/transformed/camera-view-1.5.0/AndroidManifest.xml
Loading library manifest /opt/gradle/.gradle/caches/9.3.1/transforms/33d4daef29438f09d772167c6233916a/transformed/camera-lifecycle-1.5.0/AndroidManifest.xml
Loading library manifest /opt/gradle/.gradle/caches/9.3.1/transforms/c43e6efe870816d9c5ae86e198501dca/transformed/camera-camera2-1.5.0/AndroidManifest.xml
Loading library manifest /opt/gradle/.gradle/caches/9.3.1/transforms/81ebd6e2a96472271d810103523687e7/transformed/camera-core-1.5.0/AndroidManifest.xml
Loading library manifest /opt/gradle/.gradle/caches/9.3.1/transforms/58861c62347aa349576b37b0ba6e3cbb/transformed/credentials-play-services-auth-1.5.0/AndroidManifest.xml
Loading library manifest /opt/gradle/.gradle/caches/9.3.1/transforms/7ab8ca9de722282439312e431f03eda4/transformed/googleid-1.1.1/AndroidManifest.xml
Loading library manifest /opt/gradle/.gradle/caches/9.3.1/transforms/46af594831a9d93342fc62ffa3ff19e5/transformed/credentials-1.5.0/AndroidManifest.xml
Loading library manifest /opt/gradle/.gradle/caches/9.3.1/transforms/dea00dbde9e36a3447b75ea07904e41f/transformed/biometric-1.1.0/AndroidManifest.xml
Loading library manifest /opt/gradle/.gradle/caches/9.3.1/transforms/f6c5aa1475bcd8b7ffe4f4a66032d479/transformed/billing-ktx-7.1.1/AndroidManifest.xml
Loading library manifest /opt/gradle/.gradle/caches/9.3.1/transforms/68d40185e7d8c47fb602f516ee74b661/transformed/billing-7.1.1/AndroidManifest.xml
Loading library manifest /opt/gradle/.gradle/caches/9.3.1/transforms/17a69e78c620b8663fa56d1e0c121e14/transformed/play-services-auth-21.1.1/AndroidManifest.xml
Loading library manifest /opt/gradle/.gradle/caches/9.3.1/transforms/59a382f73a2dae0397b3c30eb518c6e4/transformed/play-services-ads-23.6.0/AndroidManifest.xml
Loading library manifest /opt/gradle/.gradle/caches/9.3.1/transforms/db648456d10757da406477e03f1c7b17/transformed/firebase-messaging-25.1.0/AndroidManifest.xml
Loading library manifest /opt/gradle/.gradle/caches/9.3.1/transforms/7b30fb83eed158cc1075c022ea827b64/transformed/play-services-auth-blockstore-16.4.0/AndroidManifest.xml
Loading library manifest /opt/gradle/.gradle/caches/9.3.1/transforms/20bce2b7475fb8b96f40873d83f22b51/transformed/play-services-fido-21.0.0/AndroidManifest.xml
Loading library manifest /opt/gradle/.gradle/caches/9.3.1/transforms/1f45375eb22386b5a414273c0a41b529/transformed/play-services-identity-credentials-16.0.0-alpha02/AndroidManifest.xml
Loading library manifest /opt/gradle/.gradle/caches/9.3.1/transforms/346e18c4331dfef1907bc7989d434b6a/transformed/play-services-ads-lite-23.6.0/AndroidManifest.xml
Loading library manifest /opt/gradle/.gradle/caches/9.3.1/transforms/7a79a79d527e30e44922c0c1c1edced4/transformed/play-services-ads-base-23.6.0/AndroidManifest.xml
Loading library manifest /opt/gradle/.gradle/caches/9.3.1/transforms/508c5d906a6e41d12c488f9fc3074e70/transformed/firebase-analytics-23.2.0/AndroidManifest.xml
Loading library manifest /opt/gradle/.gradle/caches/9.3.1/transforms/f93ffe78d70335f8dfa07dd8c38049d4/transformed/play-services-measurement-23.2.0/AndroidManifest.xml
Loading library manifest /opt/gradle/.gradle/caches/9.3.1/transforms/8811e1f0715aee9e8ff468d303de84b4/transformed/play-services-measurement-api-23.2.0/AndroidManifest.xml
Loading library manifest /opt/gradle/.gradle/caches/9.3.1/transforms/3aa21c1df20643e0283d4fc7f53fb86c/transformed/play-services-measurement-sdk-23.2.0/AndroidManifest.xml
Loading library manifest /opt/gradle/.gradle/caches/9.3.1/transforms/6d43ce64c217ed6083ed7cf32787dc80/transformed/play-services-measurement-impl-23.2.0/AndroidManifest.xml
Loading library manifest /opt/gradle/.gradle/caches/9.3.1/transforms/ea435a14ecbc735f0c5c06bd7e33fc06/transformed/play-services-ads-identifier-18.0.0/AndroidManifest.xml
Loading library manifest /opt/gradle/.gradle/caches/9.3.1/transforms/ae4841b7a1cce4490f4f048070cd2381/transformed/play-services-appset-16.0.1/AndroidManifest.xml
Loading library manifest /opt/gradle/.gradle/caches/9.3.1/transforms/5add79c0cb209f902bf8ea53617a0cd8/transformed/firebase-appcheck-recaptcha-19.0.0/AndroidManifest.xml
Loading library manifest /opt/gradle/.gradle/caches/9.3.1/transforms/bdb7ed574ad9195272839b9ba455164f/transformed/recaptcha-18.7.1/AndroidManifest.xml
Loading library manifest /opt/gradle/.gradle/caches/9.3.1/transforms/55e2ba82d3db87f268ff23d603e5cb89/transformed/firebase-ai-17.13.0/AndroidManifest.xml
Loading library manifest /opt/gradle/.gradle/caches/9.3.1/transforms/e54ffc2cced87050bf6852c5a565f2df/transformed/firebase-appcheck-19.2.0/AndroidManifest.xml
Loading library manifest /opt/gradle/.gradle/caches/9.3.1/transforms/1b315d2f5dc76cdccaab4725fe4de10f/transformed/firebase-installations-19.1.1/AndroidManifest.xml
Loading library manifest /opt/gradle/.gradle/caches/9.3.1/transforms/7a2833fdac3345d939777f82a6ffc2f0/transformed/firebase-auth-interop-18.0.0/AndroidManifest.xml
Loading library manifest /opt/gradle/.gradle/caches/9.3.1/transforms/427516a848a1f5cf0aea87169b1daa80/transformed/firebase-ai-ondevice-interop-16.0.0-beta03/AndroidManifest.xml
Loading library manifest /opt/gradle/.gradle/caches/9.3.1/transforms/caddafb2e84112c2aae7aa5c583c36a4/transformed/firebase-common-22.1.0/AndroidManifest.xml
Loading library manifest /opt/gradle/.gradle/caches/9.3.1/transforms/fbbaf794eee60d1cb3e3a9996537f4ab/transformed/firebase-iid-interop-17.1.0/AndroidManifest.xml
Loading library manifest /opt/gradle/.gradle/caches/9.3.1/transforms/3ccac0f229b679d8e3a0755b8c65c62c/transformed/play-services-cloud-messaging-17.4.0/AndroidManifest.xml
Loading library manifest /opt/gradle/.gradle/caches/9.3.1/transforms/b4974d99883e211e8e63b87dbe430efe/transformed/firebase-appcheck-interop-17.1.0/AndroidManifest.xml
Loading library manifest /opt/gradle/.gradle/caches/9.3.1/transforms/4d494364561b5ec9076867a91043eb93/transformed/play-services-auth-api-phone-18.0.2/AndroidManifest.xml
Loading library manifest /opt/gradle/.gradle/caches/9.3.1/transforms/080655b35ca31973963082ffd071b2e9/transformed/play-services-auth-base-18.0.10/AndroidManifest.xml
Loading library manifest /opt/gradle/.gradle/caches/9.3.1/transforms/ad54522f11c969f73ff65518a79330d3/transformed/play-services-location-19.0.0/AndroidManifest.xml
Loading library manifest /opt/gradle/.gradle/caches/9.3.1/transforms/f486f3f90330bd290ff82be28d39fbf3/transformed/play-services-recaptchabase-16.1.0/AndroidManifest.xml
Loading library manifest /opt/gradle/.gradle/caches/9.3.1/transforms/ba79db43e3017a2957c0718724ab064b/transformed/play-services-base-18.9.0/AndroidManifest.xml
Loading library manifest /opt/gradle/.gradle/caches/9.3.1/transforms/c0d5aa0f0f1226210330ab083fe28ea2/transformed/integrity-1.4.0/AndroidManifest.xml
Loading library manifest /opt/gradle/.gradle/caches/9.3.1/transforms/62f1acdc9a54aa38606fe34121369fb3/transformed/firebase-installations-interop-17.3.0/AndroidManifest.xml
Loading library manifest /opt/gradle/.gradle/caches/9.3.1/transforms/3ff733eac02195902d9d6bae8fbb1d14/transformed/work-runtime-2.7.0/AndroidManifest.xml
Loading library manifest /opt/gradle/.gradle/caches/9.3.1/transforms/cef548efa70380ca5a380af716c5dc36/transformed/room-runtime-release/AndroidManifest.xml
Loading library manifest /opt/gradle/.gradle/caches/9.3.1/transforms/c601a211a7d4d15ee807efdcad4aaaa2/transformed/room-ktx-2.7.0/AndroidManifest.xml
Loading library manifest /opt/gradle/.gradle/caches/9.3.1/transforms/e520bfb82e99d30f9fecaabd40cb912e/transformed/accompanist-drawablepainter-0.32.0/AndroidManifest.xml
Loading library manifest /opt/gradle/.gradle/caches/9.3.1/transforms/f8c72858141ae7973589e7c39a48399f/transformed/coil-2.7.0/AndroidManifest.xml
Loading library manifest /opt/gradle/.gradle/caches/9.3.1/transforms/e9316b22ee82762008d0f6819a9e1b15/transformed/coil-base-2.7.0/AndroidManifest.xml
Loading library manifest /opt/gradle/.gradle/caches/9.3.1/transforms/e1d530096ebc5a3eb7429fa584f861d7/transformed/runtime-saveable-release/AndroidManifest.xml
Loading library manifest /opt/gradle/.gradle/caches/9.3.1/transforms/7d30a78f080bd094b4ae596ec8546c32/transformed/runtime-release/AndroidManifest.xml
Loading library manifest /opt/gradle/.gradle/caches/9.3.1/transforms/4d545c764b643bd865acb76c1b3510d3/transformed/customview-poolingcontainer-1.0.0/AndroidManifest.xml
Loading library manifest /opt/gradle/.gradle/caches/9.3.1/transforms/3ec517e83dbcb3877e6ccb6f527d1d8f/transformed/ads-adservices-java-1.1.0-beta11/AndroidManifest.xml
Loading library manifest /opt/gradle/.gradle/caches/9.3.1/transforms/0d6600a5fc56e223f3383a19fd30109c/transformed/ads-adservices-1.1.0-beta11/AndroidManifest.xml
Loading library manifest /opt/gradle/.gradle/caches/9.3.1/transforms/ed90b3278de04a8784229dac96ab30bb/transformed/appcompat-resources-1.6.1/AndroidManifest.xml
Loading library manifest /opt/gradle/.gradle/caches/9.3.1/transforms/7c30406a607df9841fb3ffd472c93138/transformed/appcompat-1.6.1/AndroidManifest.xml
Loading library manifest /opt/gradle/.gradle/caches/9.3.1/transforms/71b07b3d30cadb20ce45b2c0291634bf/transformed/core-ktx-1.18.0/AndroidManifest.xml
Loading library manifest /opt/gradle/.gradle/caches/9.3.1/transforms/80b4193284784fa9fc4c413aff112724/transformed/browser-1.8.0/AndroidManifest.xml
Loading library manifest /opt/gradle/.gradle/caches/9.3.1/transforms/ef927ce1b76c73bc788b032c9c038882/transformed/webkit-1.11.0-alpha02/AndroidManifest.xml
Loading library manifest /opt/gradle/.gradle/caches/9.3.1/transforms/186ae08aaf0540b18ce14c03d0753851/transformed/autofill-1.0.0/AndroidManifest.xml
Loading library manifest /opt/gradle/.gradle/caches/9.3.1/transforms/4858d09a5f12bb7f82dccc729d394945/transformed/graphics-path-1.0.1/AndroidManifest.xml
Loading library manifest /opt/gradle/.gradle/caches/9.3.1/transforms/1342e7620127a100de2076a9214fcae0/transformed/play-services-stats-17.0.2/AndroidManifest.xml
Loading library manifest /opt/gradle/.gradle/caches/9.3.1/transforms/8ab92754c065aa51591cfeb79a0d95bf/transformed/legacy-support-core-utils-1.0.0/AndroidManifest.xml
Loading library manifest /opt/gradle/.gradle/caches/9.3.1/transforms/0af1990c2bf27303b03ca9d9705019c0/transformed/loader-1.0.0/AndroidManifest.xml
Loading library manifest /opt/gradle/.gradle/caches/9.3.1/transforms/cd7874c8c8e35359842f7fa611af140f/transformed/viewpager-1.0.0/AndroidManifest.xml
Loading library manifest /opt/gradle/.gradle/caches/9.3.1/transforms/d918951ae8159ce7899ec41256fe1f23/transformed/vectordrawable-animated-1.1.0/AndroidManifest.xml
Loading library manifest /opt/gradle/.gradle/caches/9.3.1/transforms/b697d1617f2f30dc662e45961bb8eb77/transformed/vectordrawable-1.1.0/AndroidManifest.xml
Loading library manifest /opt/gradle/.gradle/caches/9.3.1/transforms/35578b6ded74ca5260d33cf547fa3b60/transformed/emoji2-views-helper-1.3.0/AndroidManifest.xml
Loading library manifest /opt/gradle/.gradle/caches/9.3.1/transforms/56f01748afe616a0bbc3b9695c20ba0c/transformed/emoji2-1.3.0/AndroidManifest.xml
Loading library manifest /opt/gradle/.gradle/caches/9.3.1/transforms/c8e3e479ec7daf47a9acc4fce7fba691/transformed/drawerlayout-1.0.0/AndroidManifest.xml
Loading library manifest /opt/gradle/.gradle/caches/9.3.1/transforms/144def50fb575d7580db65286c82b417/transformed/customview-1.0.0/AndroidManifest.xml
Loading library manifest /opt/gradle/.gradle/caches/9.3.1/transforms/d3f37363bafa811486fa8d81bbaa15ab/transformed/core-1.18.0/AndroidManifest.xml
Loading library manifest /opt/gradle/.gradle/caches/9.3.1/transforms/08bcc25c56fc826c1cfb73fed92dc1ec/transformed/savedstate-ktx-1.2.1/AndroidManifest.xml
Loading library manifest /opt/gradle/.gradle/caches/9.3.1/transforms/98602aabba8da14da7f09c997aecdf1c/transformed/savedstate-1.2.1/AndroidManifest.xml
Loading library manifest /opt/gradle/.gradle/caches/9.3.1/transforms/883ee44c5ca1b60143f84615e9cbb70e/transformed/lifecycle-process-2.8.7/AndroidManifest.xml
Loading library manifest /opt/gradle/.gradle/caches/9.3.1/transforms/93698e92dc8156225dcee43290f87576/transformed/lifecycle-service-2.8.7/AndroidManifest.xml
Loading library manifest /opt/gradle/.gradle/caches/9.3.1/transforms/1e1a36fb28d035765feaf58c3f6ea3c0/transformed/lifecycle-viewmodel-2.8.7/AndroidManifest.xml
Loading library manifest /opt/gradle/.gradle/caches/9.3.1/transforms/99edc25275b8946e08a7c99b9d924704/transformed/lifecycle-viewmodel-release/AndroidManifest.xml
Loading library manifest /opt/gradle/.gradle/caches/9.3.1/transforms/2959d5f9a588866d3eee46ffe70c9574/transformed/lifecycle-livedata-core-ktx-2.8.7/AndroidManifest.xml
Loading library manifest /opt/gradle/.gradle/caches/9.3.1/transforms/13fbdd3ced9040b5f6fc3627516c7c47/transformed/lifecycle-runtime-release/AndroidManifest.xml
Loading library manifest /opt/gradle/.gradle/caches/9.3.1/transforms/b8c63c209f5866bb4344b9c4d8769207/transformed/profileinstaller-1.4.0/AndroidManifest.xml
Loading library manifest /opt/gradle/.gradle/caches/9.3.1/transforms/0ba654f2ae96dfb2d401e881f7857b78/transformed/datastore-core-release/AndroidManifest.xml
Loading library manifest /opt/gradle/.gradle/caches/9.3.1/transforms/0defbf3afe4a9499877bf6b195849996/transformed/datastore-preferences-core-release/AndroidManifest.xml
Loading library manifest /opt/gradle/.gradle/caches/9.3.1/transforms/2dc06328238512f4176ba037abb39983/transformed/datastore-release/AndroidManifest.xml
Loading library manifest /opt/gradle/.gradle/caches/9.3.1/transforms/ebbc457e7c7b8de6a66d5d8863590ef8/transformed/datastore-preferences-release/AndroidManifest.xml
Loading library manifest /opt/gradle/.gradle/caches/9.3.1/transforms/3a62a50215ffa400839170ed9e0395e5/transformed/play-services-tasks-18.4.0/AndroidManifest.xml
Loading library manifest /opt/gradle/.gradle/caches/9.3.1/transforms/f4733b83a8e5a38dbd09d44ac8dc2f11/transformed/firebase-measurement-connector-19.0.0/AndroidManifest.xml
Loading library manifest /opt/gradle/.gradle/caches/9.3.1/transforms/4be9ed8cc1512daa00f4f9b8f2c5d3f9/transformed/user-messaging-platform-3.0.0/AndroidManifest.xml
Loading library manifest /opt/gradle/.gradle/caches/9.3.1/transforms/b359fe2be5640817415ebec74326a3b4/transformed/play-services-measurement-sdk-api-23.2.0/AndroidManifest.xml
Loading library manifest /opt/gradle/.gradle/caches/9.3.1/transforms/43e7014f6cda84b141737f842f2ff053/transformed/play-services-measurement-base-23.2.0/AndroidManifest.xml
Loading library manifest /opt/gradle/.gradle/caches/9.3.1/transforms/99b8f40daa840d78fbe63a924472043a/transformed/play-services-places-placereport-17.0.0/AndroidManifest.xml
Loading library manifest /opt/gradle/.gradle/caches/9.3.1/transforms/08ee7fd731fccb7e6a5d7139d4798c38/transformed/play-services-basement-18.9.0/AndroidManifest.xml
Loading library manifest /opt/gradle/.gradle/caches/9.3.1/transforms/084583c1b4543728105545a8acc6afa8/transformed/fragment-1.5.7/AndroidManifest.xml
Loading library manifest /opt/gradle/.gradle/caches/9.3.1/transforms/03150329023bff67b125c76fa7ed4b05/transformed/activity-1.10.1/AndroidManifest.xml
Loading library manifest /opt/gradle/.gradle/caches/9.3.1/transforms/7ce3f16f993c9dcd71f094808ba8eeae/transformed/lifecycle-viewmodel-savedstate-2.8.7/AndroidManifest.xml
Loading library manifest /opt/gradle/.gradle/caches/9.3.1/transforms/b7f29bc208a9f0527cc893d3225767d7/transformed/lifecycle-viewmodel-ktx-2.8.7/AndroidManifest.xml
Loading library manifest /opt/gradle/.gradle/caches/9.3.1/transforms/3b7d415e03a3ad95affb2b0c2cc711b1/transformed/lifecycle-livedata-core-2.8.7/AndroidManifest.xml
Loading library manifest /opt/gradle/.gradle/caches/9.3.1/transforms/685bf773e8eeae0a540f98dc18153f4b/transformed/lifecycle-livedata-2.8.7/AndroidManifest.xml
Loading library manifest /opt/gradle/.gradle/caches/9.3.1/transforms/592caa137262f907c91bc06409089f09/transformed/lifecycle-runtime-ktx-release/AndroidManifest.xml
Loading library manifest /opt/gradle/.gradle/caches/9.3.1/transforms/542c16840240951b8765143220fa93ad/transformed/lifecycle-runtime-compose-release/AndroidManifest.xml
Loading library manifest /opt/gradle/.gradle/caches/9.3.1/transforms/bd8954772e92b975a887c4613afda604/transformed/lifecycle-viewmodel-compose-release/AndroidManifest.xml
Loading library manifest /opt/gradle/.gradle/caches/9.3.1/transforms/3e3cd709404236d5c72239adcac8929c/transformed/material-icons-extended-release/AndroidManifest.xml
Loading library manifest /opt/gradle/.gradle/caches/9.3.1/transforms/4ac548f285a7cdc4d73208b5aef4c0f8/transformed/material-icons-core-release/AndroidManifest.xml
Loading library manifest /opt/gradle/.gradle/caches/9.3.1/transforms/84a323bde0d49887132031176e4c0262/transformed/ui-release/AndroidManifest.xml
Loading library manifest /opt/gradle/.gradle/caches/9.3.1/transforms/e116aaea6e45914635a61cf2749dacca/transformed/activity-ktx-1.10.1/AndroidManifest.xml
Loading library manifest /opt/gradle/.gradle/caches/9.3.1/transforms/9307601e2f259fc0cba5eeaaaa9f115d/transformed/activity-compose-1.10.1/AndroidManifest.xml
Loading library manifest /opt/gradle/.gradle/caches/9.3.1/transforms/f8a720dc012096b943a0616a53fa5b19/transformed/annotation-experimental-1.4.1/AndroidManifest.xml
Loading library manifest /opt/gradle/.gradle/caches/9.3.1/transforms/ba536e4ea16cd720500756be4dce8607/transformed/startup-runtime-1.1.1/AndroidManifest.xml
Loading library manifest /opt/gradle/.gradle/caches/9.3.1/transforms/ee71310729616ab405bced78c08738e8/transformed/tracing-1.2.0/AndroidManifest.xml
Loading library manifest /opt/gradle/.gradle/caches/9.3.1/transforms/25c9f4759a48510ff820422fbbbb761e/transformed/tracing-ktx-1.2.0/AndroidManifest.xml
Loading library manifest /opt/gradle/.gradle/caches/9.3.1/transforms/c002013fe2c19affed521c87243403c4/transformed/core-viewtree-1.0.0/AndroidManifest.xml
Loading library manifest /opt/gradle/.gradle/caches/9.3.1/transforms/a867ecd794eadae3a3ef35d8e55388df/transformed/versionedparcelable-1.1.1/AndroidManifest.xml
Loading library manifest /opt/gradle/.gradle/caches/9.3.1/transforms/0ab6a483da67e329f357943f2a25e415/transformed/security-crypto-1.1.0-alpha03/AndroidManifest.xml
Loading library manifest /opt/gradle/.gradle/caches/9.3.1/transforms/91a6a30279593a18c1678ea6f1617284/transformed/sqlite-framework-release/AndroidManifest.xml
Loading library manifest /opt/gradle/.gradle/caches/9.3.1/transforms/05037c1f13969d84836cd44112200108/transformed/sqlite-release/AndroidManifest.xml
Loading library manifest /opt/gradle/.gradle/caches/9.3.1/transforms/176e5285f16345012ccbc0c469725576/transformed/core-runtime-2.2.0/AndroidManifest.xml
Loading library manifest /opt/gradle/.gradle/caches/9.3.1/transforms/73d3ff493dcc11c4f9df4c7a3cbfd847/transformed/featurecombinationquery-1.5.0/AndroidManifest.xml
Loading library manifest /opt/gradle/.gradle/caches/9.3.1/transforms/918405836e4fdf2e74a753d79d46345b/transformed/firebase-components-19.0.0/AndroidManifest.xml
Loading library manifest /opt/gradle/.gradle/caches/9.3.1/transforms/06a46151e5088fbe4c11507be1f89bbc/transformed/firebase-datatransport-18.2.0/AndroidManifest.xml
Loading library manifest /opt/gradle/.gradle/caches/9.3.1/transforms/e23c7f3b5ef8cdd399a5ea97d167ffba/transformed/transport-backend-cct-3.1.9/AndroidManifest.xml
Loading library manifest /opt/gradle/.gradle/caches/9.3.1/transforms/242cb78fde9b06549cfb261fa0e250b1/transformed/firebase-encoders-json-18.0.0/AndroidManifest.xml
Loading library manifest /opt/gradle/.gradle/caches/9.3.1/transforms/ecdc50a88c4156fec14411f9ca3ff0ab/transformed/transport-runtime-3.1.9/AndroidManifest.xml
Loading library manifest /opt/gradle/.gradle/caches/9.3.1/transforms/d1c20ca34da994392d543f145e27400b/transformed/transport-api-3.1.0/AndroidManifest.xml
Loading library manifest /opt/gradle/.gradle/caches/9.3.1/transforms/cb558368a856656f7f21a2915488e4e9/transformed/interpolator-1.0.0/AndroidManifest.xml
Loading library manifest /opt/gradle/.gradle/caches/9.3.1/transforms/5066eee8f848c7cde2f06cdb57161e8e/transformed/exifinterface-1.3.7/AndroidManifest.xml
Loading library manifest /opt/gradle/.gradle/caches/9.3.1/transforms/9390dff3bcb3f1d8d20773a67d730643/transformed/documentfile-1.0.0/AndroidManifest.xml
Loading library manifest /opt/gradle/.gradle/caches/9.3.1/transforms/fec093271fb74dc4dbe1946def1df662/transformed/localbroadcastmanager-1.0.0/AndroidManifest.xml
Loading library manifest /opt/gradle/.gradle/caches/9.3.1/transforms/4ef378d607d6c4fbb9821b1b28d6d85d/transformed/print-1.0.0/AndroidManifest.xml
Loading library manifest /opt/gradle/.gradle/caches/9.3.1/transforms/42711b8f0a648fdb60b1ed3fdc6e6fe7/transformed/cursoradapter-1.0.0/AndroidManifest.xml
Loading library manifest /opt/gradle/.gradle/caches/9.3.1/transforms/bf8202e7d1f7eba250ce5e3cead10fc0/transformed/core-common-2.0.4/AndroidManifest.xml
Merging main manifest /app/applet/app/src/main/AndroidManifest.xml

Merging library manifest /opt/gradle/.gradle/caches/9.3.1/transforms/c72110ec5c67456bbd88bba3ffa66447/transformed/material3-release/AndroidManifest.xml
Merging manifest with lower [androidx.compose.material3:material3-android:1.3.0] AndroidManifest.xml:17:1-22:12
uses-sdk defined in both files...
Merging uses-sdk with lower [androidx.compose.material3:material3-android:1.3.0] AndroidManifest.xml:20:5-44
Merging library manifest /opt/gradle/.gradle/caches/9.3.1/transforms/687763da1b55561d4499c1d4c6187dd5/transformed/coil-compose-2.7.0/AndroidManifest.xml
Merging manifest with lower [io.coil-kt:coil-compose:2.7.0] AndroidManifest.xml:2:1-7:12
uses-sdk defined in both files...
Merging uses-sdk with lower [io.coil-kt:coil-compose:2.7.0] AndroidManifest.xml:5:5-44
Merging library manifest /opt/gradle/.gradle/caches/9.3.1/transforms/c8d8e38de5d5ac146d1592f043d43bd4/transformed/coil-compose-base-2.7.0/AndroidManifest.xml
Merging manifest with lower [io.coil-kt:coil-compose-base:2.7.0] AndroidManifest.xml:2:1-7:12
uses-sdk defined in both files...
Merging uses-sdk with lower [io.coil-kt:coil-compose-base:2.7.0] AndroidManifest.xml:5:5-44
Merging library manifest /opt/gradle/.gradle/caches/9.3.1/transforms/70ec79ce4ea26d426b6807c4b395b30f/transformed/animation-core-release/AndroidManifest.xml
Merging manifest with lower [androidx.compose.animation:animation-core-android:1.7.0] AndroidManifest.xml:2:1-7:12
uses-sdk defined in both files...
Merging uses-sdk with lower [androidx.compose.animation:animation-core-android:1.7.0] AndroidManifest.xml:5:5-44
Merging library manifest /opt/gradle/.gradle/caches/9.3.1/transforms/71d7e8664c0b4265d7d81d003dcde22c/transformed/material-ripple-release/AndroidManifest.xml
Merging manifest with lower [androidx.compose.material:material-ripple-android:1.7.0] AndroidManifest.xml:2:1-7:12
uses-sdk defined in both files...
Merging uses-sdk with lower [androidx.compose.material:material-ripple-android:1.7.0] AndroidManifest.xml:5:5-44
Merging library manifest /opt/gradle/.gradle/caches/9.3.1/transforms/5e94ace9532810d90b4d44cec99f679a/transformed/animation-release/AndroidManifest.xml
Merging manifest with lower [androidx.compose.animation:animation-android:1.7.0] AndroidManifest.xml:2:1-7:12
uses-sdk defined in both files...
Merging uses-sdk with lower [androidx.compose.animation:animation-android:1.7.0] AndroidManifest.xml:5:5-44
Merging library manifest /opt/gradle/.gradle/caches/9.3.1/transforms/c2d43173c6506de792e0e8e54f7d3595/transformed/foundation-layout-release/AndroidManifest.xml
Merging manifest with lower [androidx.compose.foundation:foundation-layout-android:1.7.0] AndroidManifest.xml:2:1-7:12
uses-sdk defined in both files...
Merging uses-sdk with lower [androidx.compose.foundation:foundation-layout-android:1.7.0] AndroidManifest.xml:5:5-44
Merging library manifest /opt/gradle/.gradle/caches/9.3.1/transforms/7b726f69294a7b1d77693676f9def196/transformed/foundation-release/AndroidManifest.xml
Merging manifest with lower [androidx.compose.foundation:foundation-android:1.7.0] AndroidManifest.xml:2:1-7:12
uses-sdk defined in both files...
Merging uses-sdk with lower [androidx.compose.foundation:foundation-android:1.7.0] AndroidManifest.xml:5:5-44
Merging library manifest /opt/gradle/.gradle/caches/9.3.1/transforms/7b5214226ff24aaa1666545ad3ac9dfb/transformed/ui-unit-release/AndroidManifest.xml
Merging manifest with lower [androidx.compose.ui:ui-unit-android:1.7.0] AndroidManifest.xml:2:1-7:12
uses-sdk defined in both files...
Merging uses-sdk with lower [androidx.compose.ui:ui-unit-android:1.7.0] AndroidManifest.xml:5:5-44
Merging library manifest /opt/gradle/.gradle/caches/9.3.1/transforms/ed1ce8fed8a52c924bd1f8c8c1da57ff/transformed/ui-geometry-release/AndroidManifest.xml
Merging manifest with lower [androidx.compose.ui:ui-geometry-android:1.7.0] AndroidManifest.xml:2:1-7:12
uses-sdk defined in both files...
Merging uses-sdk with lower [androidx.compose.ui:ui-geometry-android:1.7.0] AndroidManifest.xml:5:5-44
Merging library manifest /opt/gradle/.gradle/caches/9.3.1/transforms/30c11277e6e6562cb6208b26976dfb81/transformed/ui-util-release/AndroidManifest.xml
Merging manifest with lower [androidx.compose.ui:ui-util-android:1.7.0] AndroidManifest.xml:2:1-7:12
uses-sdk defined in both files...
Merging uses-sdk with lower [androidx.compose.ui:ui-util-android:1.7.0] AndroidManifest.xml:5:5-44
Merging library manifest /opt/gradle/.gradle/caches/9.3.1/transforms/595702ee3dc7aa79de8bf235dd9345c9/transformed/ui-text-release/AndroidManifest.xml
Merging manifest with lower [androidx.compose.ui:ui-text-android:1.7.0] AndroidManifest.xml:2:1-7:12
uses-sdk defined in both files...
Merging uses-sdk with lower [androidx.compose.ui:ui-text-android:1.7.0] AndroidManifest.xml:5:5-44
Merging library manifest /opt/gradle/.gradle/caches/9.3.1/transforms/40b7117b93666302b2fed2a2bf7ee65d/transformed/ui-tooling-preview-release/AndroidManifest.xml
Merging manifest with lower [androidx.compose.ui:ui-tooling-preview-android:1.7.0] AndroidManifest.xml:17:1-22:12
uses-sdk defined in both files...
Merging uses-sdk with lower [androidx.compose.ui:ui-tooling-preview-android:1.7.0] AndroidManifest.xml:20:5-44
Merging library manifest /opt/gradle/.gradle/caches/9.3.1/transforms/883bd62c82194775a33cb9f703a1e216/transformed/ui-graphics-release/AndroidManifest.xml
Merging manifest with lower [androidx.compose.ui:ui-graphics-android:1.7.0] AndroidManifest.xml:2:1-7:12
uses-sdk defined in both files...
Merging uses-sdk with lower [androidx.compose.ui:ui-graphics-android:1.7.0] AndroidManifest.xml:5:5-44
Merging library manifest /opt/gradle/.gradle/caches/9.3.1/transforms/4657fbe063b9c0e04e2167dff3a5a0d8/transformed/ui-text-google-fonts-1.7.0/AndroidManifest.xml
Merging manifest with lower [androidx.compose.ui:ui-text-google-fonts:1.7.0] AndroidManifest.xml:2:1-7:12
uses-sdk defined in both files...
Merging uses-sdk with lower [androidx.compose.ui:ui-text-google-fonts:1.7.0] AndroidManifest.xml:5:5-44
Merging library manifest /opt/gradle/.gradle/caches/9.3.1/transforms/a7cc43d3d7dedd8de06c568f2a9825fa/transformed/camera-video-1.5.0/AndroidManifest.xml
Merging manifest with lower [androidx.camera:camera-video:1.5.0] AndroidManifest.xml:2:1-7:12
uses-sdk defined in both files...
Merging uses-sdk with lower [androidx.camera:camera-video:1.5.0] AndroidManifest.xml:5:5-44
Merging library manifest /opt/gradle/.gradle/caches/9.3.1/transforms/f77c6db482672183baed09c3d42085cb/transformed/camera-view-1.5.0/AndroidManifest.xml
Merging manifest with lower [androidx.camera:camera-view:1.5.0] AndroidManifest.xml:2:1-7:12
uses-sdk defined in both files...
Merging uses-sdk with lower [androidx.camera:camera-view:1.5.0] AndroidManifest.xml:5:5-44
Merging library manifest /opt/gradle/.gradle/caches/9.3.1/transforms/33d4daef29438f09d772167c6233916a/transformed/camera-lifecycle-1.5.0/AndroidManifest.xml
Merging manifest with lower [androidx.camera:camera-lifecycle:1.5.0] AndroidManifest.xml:2:1-7:12
uses-sdk defined in both files...
Merging uses-sdk with lower [androidx.camera:camera-lifecycle:1.5.0] AndroidManifest.xml:5:5-44
Merging library manifest /opt/gradle/.gradle/caches/9.3.1/transforms/c43e6efe870816d9c5ae86e198501dca/transformed/camera-camera2-1.5.0/AndroidManifest.xml
Merging manifest with lower [androidx.camera:camera-camera2:1.5.0] AndroidManifest.xml:17:1-36:12
uses-sdk defined in both files...
Merging uses-sdk with lower [androidx.camera:camera-camera2:1.5.0] AndroidManifest.xml:21:5-44
application defined in both files...
Merging application with lower [androidx.camera:camera-camera2:1.5.0] AndroidManifest.xml:23:5-34:19
Adopted [service: null]
Merging library manifest /opt/gradle/.gradle/caches/9.3.1/transforms/81ebd6e2a96472271d810103523687e7/transformed/camera-core-1.5.0/AndroidManifest.xml
Merging manifest with lower [androidx.camera:camera-core:1.5.0] AndroidManifest.xml:17:1-36:12
uses-sdk defined in both files...
Merging uses-sdk with lower [androidx.camera:camera-core:1.5.0] AndroidManifest.xml:21:5-44
application defined in both files...
Merging application with lower [androidx.camera:camera-core:1.5.0] AndroidManifest.xml:23:5-34:19
service#androidx.camera.core.impl.MetadataHolderService defined in both files...
Merging service#androidx.camera.core.impl.MetadataHolderService with lower [androidx.camera:camera-core:1.5.0] AndroidManifest.xml:29:9-33:78
Merging library manifest /opt/gradle/.gradle/caches/9.3.1/transforms/58861c62347aa349576b37b0ba6e3cbb/transformed/credentials-play-services-auth-1.5.0/AndroidManifest.xml
Merging manifest with lower [androidx.credentials:credentials-play-services-auth:1.5.0] AndroidManifest.xml:17:1-52:12
uses-sdk defined in both files...
Merging uses-sdk with lower [androidx.credentials:credentials-play-services-auth:1.5.0] AndroidManifest.xml:21:5-44
application defined in both files...
Merging application with lower [androidx.credentials:credentials-play-services-auth:1.5.0] AndroidManifest.xml:23:5-50:19
Adopted [service: null]
Adopted [activity: null]
Adopted [activity: null]
Merging library manifest /opt/gradle/.gradle/caches/9.3.1/transforms/7ab8ca9de722282439312e431f03eda4/transformed/googleid-1.1.1/AndroidManifest.xml
Merging manifest with lower [com.google.android.libraries.identity.googleid:googleid:1.1.1] AndroidManifest.xml:2:1-7:12
uses-sdk defined in both files...
Merging uses-sdk with lower [com.google.android.libraries.identity.googleid:googleid:1.1.1] AndroidManifest.xml:5:5-44
Merging library manifest /opt/gradle/.gradle/caches/9.3.1/transforms/46af594831a9d93342fc62ffa3ff19e5/transformed/credentials-1.5.0/AndroidManifest.xml
Merging manifest with lower [androidx.credentials:credentials:1.5.0] AndroidManifest.xml:2:1-7:12
uses-sdk defined in both files...
Merging uses-sdk with lower [androidx.credentials:credentials:1.5.0] AndroidManifest.xml:5:5-44
Merging library manifest /opt/gradle/.gradle/caches/9.3.1/transforms/dea00dbde9e36a3447b75ea07904e41f/transformed/biometric-1.1.0/AndroidManifest.xml
Merging manifest with lower [androidx.biometric:biometric:1.1.0] AndroidManifest.xml:17:1-29:12
uses-sdk defined in both files...
Merging uses-sdk with lower [androidx.biometric:biometric:1.1.0] AndroidManifest.xml:20:5-22:41
Adopted [uses-permission: null]
Adopted [uses-permission: null]
Merging library manifest /opt/gradle/.gradle/caches/9.3.1/transforms/f6c5aa1475bcd8b7ffe4f4a66032d479/transformed/billing-ktx-7.1.1/AndroidManifest.xml
Merging manifest with lower [com.android.billingclient:billing-ktx:7.1.1] AndroidManifest.xml:2:1-11:12
uses-sdk defined in both files...
Merging uses-sdk with lower [com.android.billingclient:billing-ktx:7.1.1] AndroidManifest.xml:5:5-7:41
uses-permission#com.android.vending.BILLING defined in both files...
Merging uses-permission#com.android.vending.BILLING with lower [com.android.billingclient:billing-ktx:7.1.1] AndroidManifest.xml:9:5-67
Merging library manifest /opt/gradle/.gradle/caches/9.3.1/transforms/68d40185e7d8c47fb602f516ee74b661/transformed/billing-7.1.1/AndroidManifest.xml
Merging manifest with lower [com.android.billingclient:billing:7.1.1] AndroidManifest.xml:2:1-38:12
uses-sdk defined in both files...
Merging uses-sdk with lower [com.android.billingclient:billing:7.1.1] AndroidManifest.xml:6:5-8:41
uses-permission#com.android.vending.BILLING defined in both files...
Merging uses-permission#com.android.vending.BILLING with lower [com.android.billingclient:billing:7.1.1] AndroidManifest.xml:10:5-67
Adopted [queries: null]
application defined in both files...
Merging application with lower [com.android.billingclient:billing:7.1.1] AndroidManifest.xml:21:5-36:19
Adopted [meta-data: null]
Adopted [activity: null]
Adopted [activity: null]
Merging library manifest /opt/gradle/.gradle/caches/9.3.1/transforms/17a69e78c620b8663fa56d1e0c121e14/transformed/play-services-auth-21.1.1/AndroidManifest.xml
Merging manifest with lower [com.google.android.gms:play-services-auth:21.1.1] AndroidManifest.xml:17:1-40:12
uses-sdk defined in both files...
Merging uses-sdk with lower [com.google.android.gms:play-services-auth:21.1.1] AndroidManifest.xml:20:5-44
application defined in both files...
Merging application with lower [com.google.android.gms:play-services-auth:21.1.1] AndroidManifest.xml:22:5-38:19
Adopted [activity: null]
Adopted [service: null]
Merging library manifest /opt/gradle/.gradle/caches/9.3.1/transforms/59a382f73a2dae0397b3c30eb518c6e4/transformed/play-services-ads-23.6.0/AndroidManifest.xml
Merging manifest with lower [com.google.android.gms:play-services-ads:23.6.0] AndroidManifest.xml:17:1-25:12
uses-sdk defined in both files...
Merging uses-sdk with lower [com.google.android.gms:play-services-ads:23.6.0] AndroidManifest.xml:21:5-23:52
Merging library manifest /opt/gradle/.gradle/caches/9.3.1/transforms/db648456d10757da406477e03f1c7b17/transformed/firebase-messaging-25.1.0/AndroidManifest.xml
Merging manifest with lower [com.google.firebase:firebase-messaging:25.1.0] AndroidManifest.xml:17:1-66:12
uses-sdk defined in both files...
Merging uses-sdk with lower [com.google.firebase:firebase-messaging:25.1.0] AndroidManifest.xml:20:5-44
uses-permission#android.permission.ACCESS_NETWORK_STATE defined in both files...
Merging uses-permission#android.permission.ACCESS_NETWORK_STATE with lower [com.google.firebase:firebase-messaging:25.1.0] AndroidManifest.xml:22:5-79
uses-permission#android.permission.POST_NOTIFICATIONS defined in both files...
Merging uses-permission#android.permission.POST_NOTIFICATIONS with lower [com.google.firebase:firebase-messaging:25.1.0] AndroidManifest.xml:23:5-77
Adopted [uses-permission: null]
Adopted [uses-permission: null]
application defined in both files...
Merging application with lower [com.google.firebase:firebase-messaging:25.1.0] AndroidManifest.xml:28:5-64:19
Adopted [receiver: null]
Adopted [service: null]
Adopted [service: null]
Merging library manifest /opt/gradle/.gradle/caches/9.3.1/transforms/7b30fb83eed158cc1075c022ea827b64/transformed/play-services-auth-blockstore-16.4.0/AndroidManifest.xml
Merging manifest with lower [com.google.android.gms:play-services-auth-blockstore:16.4.0] AndroidManifest.xml:2:1-9:12
uses-sdk defined in both files...
Merging uses-sdk with lower [com.google.android.gms:play-services-auth-blockstore:16.4.0] AndroidManifest.xml:5:5-44
application defined in both files...
Merging application with lower [com.google.android.gms:play-services-auth-blockstore:16.4.0] AndroidManifest.xml:7:5-20
Merging library manifest /opt/gradle/.gradle/caches/9.3.1/transforms/20bce2b7475fb8b96f40873d83f22b51/transformed/play-services-fido-21.0.0/AndroidManifest.xml
Merging manifest with lower [com.google.android.gms:play-services-fido:21.0.0] AndroidManifest.xml:2:1-10:12
uses-sdk defined in both files...
Merging uses-sdk with lower [com.google.android.gms:play-services-fido:21.0.0] AndroidManifest.xml:5:5-44
application defined in both files...
Merging application with lower [com.google.android.gms:play-services-fido:21.0.0] AndroidManifest.xml:7:5-8:19
Merging library manifest /opt/gradle/.gradle/caches/9.3.1/transforms/1f45375eb22386b5a414273c0a41b529/transformed/play-services-identity-credentials-16.0.0-alpha02/AndroidManifest.xml
Merging manifest with lower [com.google.android.gms:play-services-identity-credentials:16.0.0-alpha02] AndroidManifest.xml:2:1-7:12
uses-sdk defined in both files...
Merging uses-sdk with lower [com.google.android.gms:play-services-identity-credentials:16.0.0-alpha02] AndroidManifest.xml:5:5-44
Merging library manifest /opt/gradle/.gradle/caches/9.3.1/transforms/346e18c4331dfef1907bc7989d434b6a/transformed/play-services-ads-lite-23.6.0/AndroidManifest.xml
Merging manifest with lower [com.google.android.gms:play-services-ads-lite:23.6.0] AndroidManifest.xml:17:1-112:12
uses-sdk defined in both files...
Merging uses-sdk with lower [com.google.android.gms:play-services-ads-lite:23.6.0] AndroidManifest.xml:21:5-44
uses-permission#android.permission.INTERNET defined in both files...
Merging uses-permission#android.permission.INTERNET with lower [com.google.android.gms:play-services-ads-lite:23.6.0] AndroidManifest.xml:24:5-67
uses-permission#android.permission.ACCESS_NETWORK_STATE defined in both files...
Merging uses-permission#android.permission.ACCESS_NETWORK_STATE with lower [com.google.android.gms:play-services-ads-lite:23.6.0] AndroidManifest.xml:25:5-79
Adopted [uses-permission: null]
Adopted [uses-permission: null]
Adopted [uses-permission: null]
Adopted [uses-permission: null]
Adopted [uses-permission: null]
queries defined in both files...
Merging queries with lower [com.google.android.gms:play-services-ads-lite:23.6.0] AndroidManifest.xml:35:5-68:15
Adopted [intent: null]
Adopted [intent: null]
Adopted [intent: null]
Adopted [intent: null]
Adopted [intent: null]
application defined in both files...
Merging application with lower [com.google.android.gms:play-services-ads-lite:23.6.0] AndroidManifest.xml:70:5-110:19
Adopted [activity: null]
Adopted [provider: null]
Adopted [service: null]
Adopted [activity: null]
Adopted [activity: null]
Adopted [property: null]
Merging library manifest /opt/gradle/.gradle/caches/9.3.1/transforms/7a79a79d527e30e44922c0c1c1edced4/transformed/play-services-ads-base-23.6.0/AndroidManifest.xml
Merging manifest with lower [com.google.android.gms:play-services-ads-base:23.6.0] AndroidManifest.xml:2:1-9:12
uses-sdk defined in both files...
Merging uses-sdk with lower [com.google.android.gms:play-services-ads-base:23.6.0] AndroidManifest.xml:5:5-44
application defined in both files...
Merging application with lower [com.google.android.gms:play-services-ads-base:23.6.0] AndroidManifest.xml:7:5-20
Merging library manifest /opt/gradle/.gradle/caches/9.3.1/transforms/508c5d906a6e41d12c488f9fc3074e70/transformed/firebase-analytics-23.2.0/AndroidManifest.xml
Merging manifest with lower [com.google.firebase:firebase-analytics:23.2.0] AndroidManifest.xml:2:1-9:12
uses-sdk defined in both files...
Merging uses-sdk with lower [com.google.firebase:firebase-analytics:23.2.0] AndroidManifest.xml:5:5-44
application defined in both files...
Merging application with lower [com.google.firebase:firebase-analytics:23.2.0] AndroidManifest.xml:7:5-20
Merging library manifest /opt/gradle/.gradle/caches/9.3.1/transforms/f93ffe78d70335f8dfa07dd8c38049d4/transformed/play-services-measurement-23.2.0/AndroidManifest.xml
Merging manifest with lower [com.google.android.gms:play-services-measurement:23.2.0] AndroidManifest.xml:17:1-46:12
uses-sdk defined in both files...
Merging uses-sdk with lower [com.google.android.gms:play-services-measurement:23.2.0] AndroidManifest.xml:20:5-44
uses-permission#android.permission.INTERNET defined in both files...
Merging uses-permission#android.permission.INTERNET with lower [com.google.android.gms:play-services-measurement:23.2.0] AndroidManifest.xml:23:5-67
uses-permission#android.permission.ACCESS_NETWORK_STATE defined in both files...
Merging uses-permission#android.permission.ACCESS_NETWORK_STATE with lower [com.google.android.gms:play-services-measurement:23.2.0] AndroidManifest.xml:24:5-79
uses-permission#android.permission.WAKE_LOCK defined in both files...
Merging uses-permission#android.permission.WAKE_LOCK with lower [com.google.android.gms:play-services-measurement:23.2.0] AndroidManifest.xml:25:5-68
Adopted [uses-permission: null]
application defined in both files...
Merging application with lower [com.google.android.gms:play-services-measurement:23.2.0] AndroidManifest.xml:28:5-44:19
Adopted [receiver: null]
Adopted [service: null]
Adopted [service: null]
Merging library manifest /opt/gradle/.gradle/caches/9.3.1/transforms/8811e1f0715aee9e8ff468d303de84b4/transformed/play-services-measurement-api-23.2.0/AndroidManifest.xml
Merging manifest with lower [com.google.android.gms:play-services-measurement-api:23.2.0] AndroidManifest.xml:17:1-39:12
uses-sdk defined in both files...
Merging uses-sdk with lower [com.google.android.gms:play-services-measurement-api:23.2.0] AndroidManifest.xml:20:5-44
uses-permission#android.permission.INTERNET defined in both files...
Merging uses-permission#android.permission.INTERNET with lower [com.google.android.gms:play-services-measurement-api:23.2.0] AndroidManifest.xml:22:5-67
uses-permission#android.permission.ACCESS_NETWORK_STATE defined in both files...
Merging uses-permission#android.permission.ACCESS_NETWORK_STATE with lower [com.google.android.gms:play-services-measurement-api:23.2.0] AndroidManifest.xml:23:5-79
uses-permission#android.permission.WAKE_LOCK defined in both files...
Merging uses-permission#android.permission.WAKE_LOCK with lower [com.google.android.gms:play-services-measurement-api:23.2.0] AndroidManifest.xml:24:5-68
uses-permission#com.google.android.gms.permission.AD_ID defined in both files...
Merging uses-permission#com.google.android.gms.permission.AD_ID with lower [com.google.android.gms:play-services-measurement-api:23.2.0] AndroidManifest.xml:25:5-79
uses-permission#android.permission.ACCESS_ADSERVICES_ATTRIBUTION defined in both files...
Merging uses-permission#android.permission.ACCESS_ADSERVICES_ATTRIBUTION with lower [com.google.android.gms:play-services-measurement-api:23.2.0] AndroidManifest.xml:26:5-88
uses-permission#android.permission.ACCESS_ADSERVICES_AD_ID defined in both files...
Merging uses-permission#android.permission.ACCESS_ADSERVICES_AD_ID with lower [com.google.android.gms:play-services-measurement-api:23.2.0] AndroidManifest.xml:27:5-82
application defined in both files...
Merging application with lower [com.google.android.gms:play-services-measurement-api:23.2.0] AndroidManifest.xml:29:5-37:19
service#com.google.firebase.components.ComponentDiscoveryService defined in both files...
Merging service#com.google.firebase.components.ComponentDiscoveryService with lower [com.google.android.gms:play-services-measurement-api:23.2.0] AndroidManifest.xml:30:9-36:19
Adopted [meta-data: null]
Merging library manifest /opt/gradle/.gradle/caches/9.3.1/transforms/3aa21c1df20643e0283d4fc7f53fb86c/transformed/play-services-measurement-sdk-23.2.0/AndroidManifest.xml
Merging manifest with lower [com.google.android.gms:play-services-measurement-sdk:23.2.0] AndroidManifest.xml:17:1-25:12
uses-sdk defined in both files...
Merging uses-sdk with lower [com.google.android.gms:play-services-measurement-sdk:23.2.0] AndroidManifest.xml:20:5-44
application defined in both files...
Merging application with lower [com.google.android.gms:play-services-measurement-sdk:23.2.0] AndroidManifest.xml:22:5-23:19
Merging library manifest /opt/gradle/.gradle/caches/9.3.1/transforms/6d43ce64c217ed6083ed7cf32787dc80/transformed/play-services-measurement-impl-23.2.0/AndroidManifest.xml
Merging manifest with lower [com.google.android.gms:play-services-measurement-impl:23.2.0] AndroidManifest.xml:17:1-32:12
uses-sdk defined in both files...
Merging uses-sdk with lower [com.google.android.gms:play-services-measurement-impl:23.2.0] AndroidManifest.xml:20:5-44
uses-permission#android.permission.INTERNET defined in both files...
Merging uses-permission#android.permission.INTERNET with lower [com.google.android.gms:play-services-measurement-impl:23.2.0] AndroidManifest.xml:23:5-67
uses-permission#android.permission.ACCESS_NETWORK_STATE defined in both files...
Merging uses-permission#android.permission.ACCESS_NETWORK_STATE with lower [com.google.android.gms:play-services-measurement-impl:23.2.0] AndroidManifest.xml:24:5-79
uses-permission#android.permission.WAKE_LOCK defined in both files...
Merging uses-permission#android.permission.WAKE_LOCK with lower [com.google.android.gms:play-services-measurement-impl:23.2.0] AndroidManifest.xml:25:5-68
uses-permission#com.google.android.finsky.permission.BIND_GET_INSTALL_REFERRER_SERVICE defined in both files...
Merging uses-permission#com.google.android.finsky.permission.BIND_GET_INSTALL_REFERRER_SERVICE with lower [com.google.android.gms:play-services-measurement-impl:23.2.0] AndroidManifest.xml:26:5-110
uses-permission#com.google.android.gms.permission.AD_ID defined in both files...
Merging uses-permission#com.google.android.gms.permission.AD_ID with lower [com.google.android.gms:play-services-measurement-impl:23.2.0] AndroidManifest.xml:27:5-79
application defined in both files...
Merging application with lower [com.google.android.gms:play-services-measurement-impl:23.2.0] AndroidManifest.xml:29:5-30:19
Merging library manifest /opt/gradle/.gradle/caches/9.3.1/transforms/ea435a14ecbc735f0c5c06bd7e33fc06/transformed/play-services-ads-identifier-18.0.0/AndroidManifest.xml
Merging manifest with lower [com.google.android.gms:play-services-ads-identifier:18.0.0] AndroidManifest.xml:17:1-27:12
uses-sdk defined in both files...
Merging uses-sdk with lower [com.google.android.gms:play-services-ads-identifier:18.0.0] AndroidManifest.xml:20:5-44
uses-permission#com.google.android.gms.permission.AD_ID defined in both files...
Merging uses-permission#com.google.android.gms.permission.AD_ID with lower [com.google.android.gms:play-services-ads-identifier:18.0.0] AndroidManifest.xml:23:5-79
application defined in both files...
Merging application with lower [com.google.android.gms:play-services-ads-identifier:18.0.0] AndroidManifest.xml:25:5-20
Merging library manifest /opt/gradle/.gradle/caches/9.3.1/transforms/ae4841b7a1cce4490f4f048070cd2381/transformed/play-services-appset-16.0.1/AndroidManifest.xml
Merging manifest with lower [com.google.android.gms:play-services-appset:16.0.1] AndroidManifest.xml:2:1-9:12
uses-sdk defined in both files...
Merging uses-sdk with lower [com.google.android.gms:play-services-appset:16.0.1] AndroidManifest.xml:5:5-44
application defined in both files...
Merging application with lower [com.google.android.gms:play-services-appset:16.0.1] AndroidManifest.xml:7:5-20
Merging library manifest /opt/gradle/.gradle/caches/9.3.1/transforms/5add79c0cb209f902bf8ea53617a0cd8/transformed/firebase-appcheck-recaptcha-19.0.0/AndroidManifest.xml
Merging manifest with lower [com.google.firebase:firebase-appcheck-recaptcha:19.0.0] AndroidManifest.xml:15:1-30:12
uses-sdk defined in both files...
Merging uses-sdk with lower [com.google.firebase:firebase-appcheck-recaptcha:19.0.0] AndroidManifest.xml:18:5-44
application defined in both files...
Merging application with lower [com.google.firebase:firebase-appcheck-recaptcha:19.0.0] AndroidManifest.xml:20:5-28:19
service#com.google.firebase.components.ComponentDiscoveryService defined in both files...
Merging service#com.google.firebase.components.ComponentDiscoveryService with lower [com.google.firebase:firebase-appcheck-recaptcha:19.0.0] AndroidManifest.xml:21:9-27:19
Adopted [meta-data: null]
Merging library manifest /opt/gradle/.gradle/caches/9.3.1/transforms/bdb7ed574ad9195272839b9ba455164f/transformed/recaptcha-18.7.1/AndroidManifest.xml
Merging manifest with lower [com.google.android.recaptcha:recaptcha:18.7.1] AndroidManifest.xml:2:1-11:12
uses-sdk defined in both files...
Merging uses-sdk with lower [com.google.android.recaptcha:recaptcha:18.7.1] AndroidManifest.xml:5:5-44
uses-permission#android.permission.INTERNET defined in both files...
Merging uses-permission#android.permission.INTERNET with lower [com.google.android.recaptcha:recaptcha:18.7.1] AndroidManifest.xml:7:5-67
uses-permission#android.permission.ACCESS_NETWORK_STATE defined in both files...
Merging uses-permission#android.permission.ACCESS_NETWORK_STATE with lower [com.google.android.recaptcha:recaptcha:18.7.1] AndroidManifest.xml:8:5-79
Adopted [uses-permission: null]
Merging library manifest /opt/gradle/.gradle/caches/9.3.1/transforms/55e2ba82d3db87f268ff23d603e5cb89/transformed/firebase-ai-17.13.0/AndroidManifest.xml
Merging manifest with lower [com.google.firebase:firebase-ai:17.13.0] AndroidManifest.xml:15:1-37:12
uses-sdk defined in both files...
Merging uses-sdk with lower [com.google.firebase:firebase-ai:17.13.0] AndroidManifest.xml:18:5-44
uses-permission#android.permission.ACCESS_NETWORK_STATE defined in both files...
Merging uses-permission#android.permission.ACCESS_NETWORK_STATE with lower [com.google.firebase:firebase-ai:17.13.0] AndroidManifest.xml:22:5-79
uses-permission#android.permission.INTERNET defined in both files...
Merging uses-permission#android.permission.INTERNET with lower [com.google.firebase:firebase-ai:17.13.0] AndroidManifest.xml:23:5-67
application defined in both files...
Merging application with lower [com.google.firebase:firebase-ai:17.13.0] AndroidManifest.xml:27:5-35:19
service#com.google.firebase.components.ComponentDiscoveryService defined in both files...
Merging service#com.google.firebase.components.ComponentDiscoveryService with lower [com.google.firebase:firebase-ai:17.13.0] AndroidManifest.xml:28:9-34:19
Adopted [meta-data: null]
Merging library manifest /opt/gradle/.gradle/caches/9.3.1/transforms/e54ffc2cced87050bf6852c5a565f2df/transformed/firebase-appcheck-19.2.0/AndroidManifest.xml
Merging manifest with lower [com.google.firebase:firebase-appcheck:19.2.0] AndroidManifest.xml:15:1-34:12
uses-sdk defined in both files...
Merging uses-sdk with lower [com.google.firebase:firebase-appcheck:19.2.0] AndroidManifest.xml:18:5-44
application defined in both files...
Merging application with lower [com.google.firebase:firebase-appcheck:19.2.0] AndroidManifest.xml:21:5-32:19
service#com.google.firebase.components.ComponentDiscoveryService defined in both files...
Merging service#com.google.firebase.components.ComponentDiscoveryService with lower [com.google.firebase:firebase-appcheck:19.2.0] AndroidManifest.xml:22:9-31:19
Adopted [meta-data: null]
Adopted [meta-data: null]
Merging library manifest /opt/gradle/.gradle/caches/9.3.1/transforms/1b315d2f5dc76cdccaab4725fe4de10f/transformed/firebase-installations-19.1.1/AndroidManifest.xml
Merging manifest with lower [com.google.firebase:firebase-installations:19.1.1] AndroidManifest.xml:2:1-24:12
uses-sdk defined in both files...
Merging uses-sdk with lower [com.google.firebase:firebase-installations:19.1.1] AndroidManifest.xml:5:5-44
uses-permission#android.permission.ACCESS_NETWORK_STATE defined in both files...
Merging uses-permission#android.permission.ACCESS_NETWORK_STATE with lower [com.google.firebase:firebase-installations:19.1.1] AndroidManifest.xml:7:5-79
uses-permission#android.permission.INTERNET defined in both files...
Merging uses-permission#android.permission.INTERNET with lower [com.google.firebase:firebase-installations:19.1.1] AndroidManifest.xml:8:5-67
application defined in both files...
Merging application with lower [com.google.firebase:firebase-installations:19.1.1] AndroidManifest.xml:11:5-22:19
service#com.google.firebase.components.ComponentDiscoveryService defined in both files...
Merging service#com.google.firebase.components.ComponentDiscoveryService with lower [com.google.firebase:firebase-installations:19.1.1] AndroidManifest.xml:12:9-21:19
Adopted [meta-data: null]
Adopted [meta-data: null]
Merging library manifest /opt/gradle/.gradle/caches/9.3.1/transforms/7a2833fdac3345d939777f82a6ffc2f0/transformed/firebase-auth-interop-18.0.0/AndroidManifest.xml
Merging manifest with lower [com.google.firebase:firebase-auth-interop:18.0.0] AndroidManifest.xml:2:1-10:12
uses-sdk defined in both files...
Merging uses-sdk with lower [com.google.firebase:firebase-auth-interop:18.0.0] AndroidManifest.xml:5:5-44
application defined in both files...
Merging application with lower [com.google.firebase:firebase-auth-interop:18.0.0] AndroidManifest.xml:7:5-8:19
Merging library manifest /opt/gradle/.gradle/caches/9.3.1/transforms/427516a848a1f5cf0aea87169b1daa80/transformed/firebase-ai-ondevice-interop-16.0.0-beta03/AndroidManifest.xml
Merging manifest with lower [com.google.firebase:firebase-ai-ondevice-interop:16.0.0-beta03] AndroidManifest.xml:15:1-24:12
uses-sdk defined in both files...
Merging uses-sdk with lower [com.google.firebase:firebase-ai-ondevice-interop:16.0.0-beta03] AndroidManifest.xml:18:5-44
application defined in both files...
Merging application with lower [com.google.firebase:firebase-ai-ondevice-interop:16.0.0-beta03] AndroidManifest.xml:21:5-22:19
Merging library manifest /opt/gradle/.gradle/caches/9.3.1/transforms/caddafb2e84112c2aae7aa5c583c36a4/transformed/firebase-common-22.1.0/AndroidManifest.xml
Merging manifest with lower [com.google.firebase:firebase-common:22.1.0] AndroidManifest.xml:15:1-41:12
uses-sdk defined in both files...
Merging uses-sdk with lower [com.google.firebase:firebase-common:22.1.0] AndroidManifest.xml:19:5-44
application defined in both files...
Merging application with lower [com.google.firebase:firebase-common:22.1.0] AndroidManifest.xml:22:5-39:19
Adopted [provider: null]
service#com.google.firebase.components.ComponentDiscoveryService defined in both files...
Merging service#com.google.firebase.components.ComponentDiscoveryService with lower [com.google.firebase:firebase-common:22.1.0] AndroidManifest.xml:30:9-38:19
Adopted [meta-data: null]
Merging library manifest /opt/gradle/.gradle/caches/9.3.1/transforms/fbbaf794eee60d1cb3e3a9996537f4ab/transformed/firebase-iid-interop-17.1.0/AndroidManifest.xml
Merging manifest with lower [com.google.firebase:firebase-iid-interop:17.1.0] AndroidManifest.xml:2:1-10:12
uses-sdk defined in both files...
Merging uses-sdk with lower [com.google.firebase:firebase-iid-interop:17.1.0] AndroidManifest.xml:5:5-44
application defined in both files...
Merging application with lower [com.google.firebase:firebase-iid-interop:17.1.0] AndroidManifest.xml:7:5-8:19
Merging library manifest /opt/gradle/.gradle/caches/9.3.1/transforms/3ccac0f229b679d8e3a0755b8c65c62c/transformed/play-services-cloud-messaging-17.4.0/AndroidManifest.xml
Merging manifest with lower [com.google.android.gms:play-services-cloud-messaging:17.4.0] AndroidManifest.xml:2:1-13:12
uses-sdk defined in both files...
Merging uses-sdk with lower [com.google.android.gms:play-services-cloud-messaging:17.4.0] AndroidManifest.xml:5:5-44
uses-permission#android.permission.ACCESS_NETWORK_STATE defined in both files...
Merging uses-permission#android.permission.ACCESS_NETWORK_STATE with lower [com.google.android.gms:play-services-cloud-messaging:17.4.0] AndroidManifest.xml:7:5-79
uses-permission#android.permission.INTERNET defined in both files...
Merging uses-permission#android.permission.INTERNET with lower [com.google.android.gms:play-services-cloud-messaging:17.4.0] AndroidManifest.xml:8:5-67
uses-permission#android.permission.WAKE_LOCK defined in both files...
Merging uses-permission#android.permission.WAKE_LOCK with lower [com.google.android.gms:play-services-cloud-messaging:17.4.0] AndroidManifest.xml:9:5-68
uses-permission#com.google.android.c2dm.permission.RECEIVE defined in both files...
Merging uses-permission#com.google.android.c2dm.permission.RECEIVE with lower [com.google.android.gms:play-services-cloud-messaging:17.4.0] AndroidManifest.xml:11:5-82
Merging library manifest /opt/gradle/.gradle/caches/9.3.1/transforms/b4974d99883e211e8e63b87dbe430efe/transformed/firebase-appcheck-interop-17.1.0/AndroidManifest.xml
Merging manifest with lower [com.google.firebase:firebase-appcheck-interop:17.1.0] AndroidManifest.xml:15:1-23:12
uses-sdk defined in both files...
Merging uses-sdk with lower [com.google.firebase:firebase-appcheck-interop:17.1.0] AndroidManifest.xml:18:5-44
application defined in both files...
Merging application with lower [com.google.firebase:firebase-appcheck-interop:17.1.0] AndroidManifest.xml:21:5-20
Merging library manifest /opt/gradle/.gradle/caches/9.3.1/transforms/4d494364561b5ec9076867a91043eb93/transformed/play-services-auth-api-phone-18.0.2/AndroidManifest.xml
Merging manifest with lower [com.google.android.gms:play-services-auth-api-phone:18.0.2] AndroidManifest.xml:2:1-7:12
uses-sdk defined in both files...
Merging uses-sdk with lower [com.google.android.gms:play-services-auth-api-phone:18.0.2] AndroidManifest.xml:5:5-44
Merging library manifest /opt/gradle/.gradle/caches/9.3.1/transforms/080655b35ca31973963082ffd071b2e9/transformed/play-services-auth-base-18.0.10/AndroidManifest.xml
Merging manifest with lower [com.google.android.gms:play-services-auth-base:18.0.10] AndroidManifest.xml:2:1-7:12
uses-sdk defined in both files...
Merging uses-sdk with lower [com.google.android.gms:play-services-auth-base:18.0.10] AndroidManifest.xml:5:5-44
Merging library manifest /opt/gradle/.gradle/caches/9.3.1/transforms/ad54522f11c969f73ff65518a79330d3/transformed/play-services-location-19.0.0/AndroidManifest.xml
Merging manifest with lower [com.google.android.gms:play-services-location:19.0.0] AndroidManifest.xml:2:1-9:12
uses-sdk defined in both files...
Merging uses-sdk with lower [com.google.android.gms:play-services-location:19.0.0] AndroidManifest.xml:5:5-44
application defined in both files...
Merging application with lower [com.google.android.gms:play-services-location:19.0.0] AndroidManifest.xml:7:5-20
Merging library manifest /opt/gradle/.gradle/caches/9.3.1/transforms/f486f3f90330bd290ff82be28d39fbf3/transformed/play-services-recaptchabase-16.1.0/AndroidManifest.xml
Merging manifest with lower [com.google.android.gms:play-services-recaptchabase:16.1.0] AndroidManifest.xml:2:1-7:12
uses-sdk defined in both files...
Merging uses-sdk with lower [com.google.android.gms:play-services-recaptchabase:16.1.0] AndroidManifest.xml:5:5-44
Merging library manifest /opt/gradle/.gradle/caches/9.3.1/transforms/ba79db43e3017a2957c0718724ab064b/transformed/play-services-base-18.9.0/AndroidManifest.xml
Merging manifest with lower [com.google.android.gms:play-services-base:18.9.0] AndroidManifest.xml:16:1-24:12
uses-sdk defined in both files...
Merging uses-sdk with lower [com.google.android.gms:play-services-base:18.9.0] AndroidManifest.xml:18:5-43
application defined in both files...
Merging application with lower [com.google.android.gms:play-services-base:18.9.0] AndroidManifest.xml:19:5-23:19
Adopted [activity: null]
Merging library manifest /opt/gradle/.gradle/caches/9.3.1/transforms/c0d5aa0f0f1226210330ab083fe28ea2/transformed/integrity-1.4.0/AndroidManifest.xml
Merging manifest with lower [com.google.android.play:integrity:1.4.0] AndroidManifest.xml:2:1-7:12
uses-sdk defined in both files...
Merging uses-sdk with lower [com.google.android.play:integrity:1.4.0] AndroidManifest.xml:4:5-44
application defined in both files...
Merging application with lower [com.google.android.play:integrity:1.4.0] AndroidManifest.xml:5:5-6:19
Merging library manifest /opt/gradle/.gradle/caches/9.3.1/transforms/62f1acdc9a54aa38606fe34121369fb3/transformed/firebase-installations-interop-17.3.0/AndroidManifest.xml
Merging manifest with lower [com.google.firebase:firebase-installations-interop:17.3.0] AndroidManifest.xml:15:1-19:12
uses-sdk defined in both files...
Merging uses-sdk with lower [com.google.firebase:firebase-installations-interop:17.3.0] AndroidManifest.xml:17:5-44
Merging library manifest /opt/gradle/.gradle/caches/9.3.1/transforms/3ff733eac02195902d9d6bae8fbb1d14/transformed/work-runtime-2.7.0/AndroidManifest.xml
Merging manifest with lower [androidx.work:work-runtime:2.7.0] AndroidManifest.xml:17:1-145:12
uses-sdk defined in both files...
Merging uses-sdk with lower [androidx.work:work-runtime:2.7.0] AndroidManifest.xml:21:5-23:41
uses-permission#android.permission.WAKE_LOCK defined in both files...
Merging uses-permission#android.permission.WAKE_LOCK with lower [androidx.work:work-runtime:2.7.0] AndroidManifest.xml:25:5-68
uses-permission#android.permission.ACCESS_NETWORK_STATE defined in both files...
Merging uses-permission#android.permission.ACCESS_NETWORK_STATE with lower [androidx.work:work-runtime:2.7.0] AndroidManifest.xml:26:5-79
uses-permission#android.permission.RECEIVE_BOOT_COMPLETED defined in both files...
Adopted [uses-permission: null]
application defined in both files...
Merging application with lower [androidx.work:work-runtime:2.7.0] AndroidManifest.xml:30:5-143:19
Adopted [provider: null]
Adopted [service: null]
Adopted [service: null]
Adopted [service: null]
Adopted [receiver: null]
Adopted [receiver: null]
Adopted [receiver: null]
Adopted [receiver: null]
Adopted [receiver: null]
Adopted [receiver: null]
Adopted [receiver: null]
Adopted [receiver: null]
Merging library manifest /opt/gradle/.gradle/caches/9.3.1/transforms/cef548efa70380ca5a380af716c5dc36/transformed/room-runtime-release/AndroidManifest.xml
Merging manifest with lower [androidx.room:room-runtime-android:2.7.0] AndroidManifest.xml:17:1-31:12
uses-sdk defined in both files...
Merging uses-sdk with lower [androidx.room:room-runtime-android:2.7.0] AndroidManifest.xml:21:5-44
application defined in both files...
Merging application with lower [androidx.room:room-runtime-android:2.7.0] AndroidManifest.xml:23:5-29:19
Adopted [service: null]
Merging library manifest /opt/gradle/.gradle/caches/9.3.1/transforms/c601a211a7d4d15ee807efdcad4aaaa2/transformed/room-ktx-2.7.0/AndroidManifest.xml
Merging manifest with lower [androidx.room:room-ktx:2.7.0] AndroidManifest.xml:17:1-22:12
uses-sdk defined in both files...
Merging uses-sdk with lower [androidx.room:room-ktx:2.7.0] AndroidManifest.xml:20:5-44
Merging library manifest /opt/gradle/.gradle/caches/9.3.1/transforms/e520bfb82e99d30f9fecaabd40cb912e/transformed/accompanist-drawablepainter-0.32.0/AndroidManifest.xml
Merging manifest with lower [com.google.accompanist:accompanist-drawablepainter:0.32.0] AndroidManifest.xml:17:1-23:12
uses-sdk defined in both files...
Merging uses-sdk with lower [com.google.accompanist:accompanist-drawablepainter:0.32.0] AndroidManifest.xml:21:5-44
Merging library manifest /opt/gradle/.gradle/caches/9.3.1/transforms/f8c72858141ae7973589e7c39a48399f/transformed/coil-2.7.0/AndroidManifest.xml
Merging manifest with lower [io.coil-kt:coil:2.7.0] AndroidManifest.xml:2:1-7:12
uses-sdk defined in both files...
Merging uses-sdk with lower [io.coil-kt:coil:2.7.0] AndroidManifest.xml:5:5-44
Merging library manifest /opt/gradle/.gradle/caches/9.3.1/transforms/e9316b22ee82762008d0f6819a9e1b15/transformed/coil-base-2.7.0/AndroidManifest.xml
Merging manifest with lower [io.coil-kt:coil-base:2.7.0] AndroidManifest.xml:2:1-7:12
uses-sdk defined in both files...
Merging uses-sdk with lower [io.coil-kt:coil-base:2.7.0] AndroidManifest.xml:5:5-44
Merging library manifest /opt/gradle/.gradle/caches/9.3.1/transforms/e1d530096ebc5a3eb7429fa584f861d7/transformed/runtime-saveable-release/AndroidManifest.xml
Merging manifest with lower [androidx.compose.runtime:runtime-saveable-android:1.7.1] AndroidManifest.xml:2:1-7:12
uses-sdk defined in both files...
Merging uses-sdk with lower [androidx.compose.runtime:runtime-saveable-android:1.7.1] AndroidManifest.xml:5:5-44
Merging library manifest /opt/gradle/.gradle/caches/9.3.1/transforms/7d30a78f080bd094b4ae596ec8546c32/transformed/runtime-release/AndroidManifest.xml
Merging manifest with lower [androidx.compose.runtime:runtime-android:1.7.1] AndroidManifest.xml:2:1-7:12
uses-sdk defined in both files...
Merging uses-sdk with lower [androidx.compose.runtime:runtime-android:1.7.1] AndroidManifest.xml:5:5-44
Merging library manifest /opt/gradle/.gradle/caches/9.3.1/transforms/4d545c764b643bd865acb76c1b3510d3/transformed/customview-poolingcontainer-1.0.0/AndroidManifest.xml
Merging manifest with lower [androidx.customview:customview-poolingcontainer:1.0.0] AndroidManifest.xml:17:1-23:12
uses-sdk defined in both files...
Merging uses-sdk with lower [androidx.customview:customview-poolingcontainer:1.0.0] AndroidManifest.xml:20:5-21:38
Merging library manifest /opt/gradle/.gradle/caches/9.3.1/transforms/3ec517e83dbcb3877e6ccb6f527d1d8f/transformed/ads-adservices-java-1.1.0-beta11/AndroidManifest.xml
Merging manifest with lower [androidx.privacysandbox.ads:ads-adservices-java:1.1.0-beta11] AndroidManifest.xml:2:1-7:12
uses-sdk defined in both files...
Merging uses-sdk with lower [androidx.privacysandbox.ads:ads-adservices-java:1.1.0-beta11] AndroidManifest.xml:5:5-44
Merging library manifest /opt/gradle/.gradle/caches/9.3.1/transforms/0d6600a5fc56e223f3383a19fd30109c/transformed/ads-adservices-1.1.0-beta11/AndroidManifest.xml
Merging manifest with lower [androidx.privacysandbox.ads:ads-adservices:1.1.0-beta11] AndroidManifest.xml:17:1-28:12
uses-sdk defined in both files...
Merging uses-sdk with lower [androidx.privacysandbox.ads:ads-adservices:1.1.0-beta11] AndroidManifest.xml:20:5-44
application defined in both files...
Merging application with lower [androidx.privacysandbox.ads:ads-adservices:1.1.0-beta11] AndroidManifest.xml:22:5-26:19
Adopted [uses-library: null]
Merging library manifest /opt/gradle/.gradle/caches/9.3.1/transforms/ed90b3278de04a8784229dac96ab30bb/transformed/appcompat-resources-1.6.1/AndroidManifest.xml
Merging manifest with lower [androidx.appcompat:appcompat-resources:1.6.1] AndroidManifest.xml:17:1-22:12
uses-sdk defined in both files...
Merging uses-sdk with lower [androidx.appcompat:appcompat-resources:1.6.1] AndroidManifest.xml:20:5-44
Merging library manifest /opt/gradle/.gradle/caches/9.3.1/transforms/7c30406a607df9841fb3ffd472c93138/transformed/appcompat-1.6.1/AndroidManifest.xml
Merging manifest with lower [androidx.appcompat:appcompat:1.6.1] AndroidManifest.xml:17:1-22:12
uses-sdk defined in both files...
Merging uses-sdk with lower [androidx.appcompat:appcompat:1.6.1] AndroidManifest.xml:20:5-44
Merging library manifest /opt/gradle/.gradle/caches/9.3.1/transforms/71b07b3d30cadb20ce45b2c0291634bf/transformed/core-ktx-1.18.0/AndroidManifest.xml
Merging manifest with lower [androidx.core:core-ktx:1.18.0] AndroidManifest.xml:2:1-7:12
uses-sdk defined in both files...
Merging uses-sdk with lower [androidx.core:core-ktx:1.18.0] AndroidManifest.xml:5:5-44
Merging library manifest /opt/gradle/.gradle/caches/9.3.1/transforms/80b4193284784fa9fc4c413aff112724/transformed/browser-1.8.0/AndroidManifest.xml
Merging manifest with lower [androidx.browser:browser:1.8.0] AndroidManifest.xml:2:1-7:12
uses-sdk defined in both files...
Merging uses-sdk with lower [androidx.browser:browser:1.8.0] AndroidManifest.xml:5:5-44
Merging library manifest /opt/gradle/.gradle/caches/9.3.1/transforms/ef927ce1b76c73bc788b032c9c038882/transformed/webkit-1.11.0-alpha02/AndroidManifest.xml
Merging manifest with lower [androidx.webkit:webkit:1.11.0-alpha02] AndroidManifest.xml:2:1-7:12
uses-sdk defined in both files...
Merging uses-sdk with lower [androidx.webkit:webkit:1.11.0-alpha02] AndroidManifest.xml:5:5-44
Merging library manifest /opt/gradle/.gradle/caches/9.3.1/transforms/186ae08aaf0540b18ce14c03d0753851/transformed/autofill-1.0.0/AndroidManifest.xml
Merging manifest with lower [androidx.autofill:autofill:1.0.0] AndroidManifest.xml:17:1-24:12
uses-sdk defined in both files...
Merging uses-sdk with lower [androidx.autofill:autofill:1.0.0] AndroidManifest.xml:20:5-22:41
Merging library manifest /opt/gradle/.gradle/caches/9.3.1/transforms/4858d09a5f12bb7f82dccc729d394945/transformed/graphics-path-1.0.1/AndroidManifest.xml
Merging manifest with lower [androidx.graphics:graphics-path:1.0.1] AndroidManifest.xml:2:1-7:12
uses-sdk defined in both files...
Merging uses-sdk with lower [androidx.graphics:graphics-path:1.0.1] AndroidManifest.xml:5:5-44
Merging library manifest /opt/gradle/.gradle/caches/9.3.1/transforms/1342e7620127a100de2076a9214fcae0/transformed/play-services-stats-17.0.2/AndroidManifest.xml
Merging manifest with lower [com.google.android.gms:play-services-stats:17.0.2] AndroidManifest.xml:2:1-9:12
uses-sdk defined in both files...
Merging uses-sdk with lower [com.google.android.gms:play-services-stats:17.0.2] AndroidManifest.xml:5:5-44
application defined in both files...
Merging application with lower [com.google.android.gms:play-services-stats:17.0.2] AndroidManifest.xml:7:5-20
Merging library manifest /opt/gradle/.gradle/caches/9.3.1/transforms/8ab92754c065aa51591cfeb79a0d95bf/transformed/legacy-support-core-utils-1.0.0/AndroidManifest.xml
Merging manifest with lower [androidx.legacy:legacy-support-core-utils:1.0.0] AndroidManifest.xml:17:1-22:12
uses-sdk defined in both files...
Merging uses-sdk with lower [androidx.legacy:legacy-support-core-utils:1.0.0] AndroidManifest.xml:20:5-44
Merging library manifest /opt/gradle/.gradle/caches/9.3.1/transforms/0af1990c2bf27303b03ca9d9705019c0/transformed/loader-1.0.0/AndroidManifest.xml
Merging manifest with lower [androidx.loader:loader:1.0.0] AndroidManifest.xml:17:1-22:12
uses-sdk defined in both files...
Merging uses-sdk with lower [androidx.loader:loader:1.0.0] AndroidManifest.xml:20:5-44
Merging library manifest /opt/gradle/.gradle/caches/9.3.1/transforms/cd7874c8c8e35359842f7fa611af140f/transformed/viewpager-1.0.0/AndroidManifest.xml
Merging manifest with lower [androidx.viewpager:viewpager:1.0.0] AndroidManifest.xml:17:1-22:12
uses-sdk defined in both files...
Merging uses-sdk with lower [androidx.viewpager:viewpager:1.0.0] AndroidManifest.xml:20:5-44
Merging library manifest /opt/gradle/.gradle/caches/9.3.1/transforms/d918951ae8159ce7899ec41256fe1f23/transformed/vectordrawable-animated-1.1.0/AndroidManifest.xml
Merging manifest with lower [androidx.vectordrawable:vectordrawable-animated:1.1.0] AndroidManifest.xml:17:1-24:12
uses-sdk defined in both files...
Merging uses-sdk with lower [androidx.vectordrawable:vectordrawable-animated:1.1.0] AndroidManifest.xml:20:5-22:41
Merging library manifest /opt/gradle/.gradle/caches/9.3.1/transforms/b697d1617f2f30dc662e45961bb8eb77/transformed/vectordrawable-1.1.0/AndroidManifest.xml
Merging manifest with lower [androidx.vectordrawable:vectordrawable:1.1.0] AndroidManifest.xml:17:1-24:12
uses-sdk defined in both files...
Merging uses-sdk with lower [androidx.vectordrawable:vectordrawable:1.1.0] AndroidManifest.xml:20:5-22:41
Merging library manifest /opt/gradle/.gradle/caches/9.3.1/transforms/35578b6ded74ca5260d33cf547fa3b60/transformed/emoji2-views-helper-1.3.0/AndroidManifest.xml
Merging manifest with lower [androidx.emoji2:emoji2-views-helper:1.3.0] AndroidManifest.xml:2:1-7:12
uses-sdk defined in both files...
Merging uses-sdk with lower [androidx.emoji2:emoji2-views-helper:1.3.0] AndroidManifest.xml:5:5-44
Merging library manifest /opt/gradle/.gradle/caches/9.3.1/transforms/56f01748afe616a0bbc3b9695c20ba0c/transformed/emoji2-1.3.0/AndroidManifest.xml
Merging manifest with lower [androidx.emoji2:emoji2:1.3.0] AndroidManifest.xml:17:1-35:12
uses-sdk defined in both files...
Merging uses-sdk with lower [androidx.emoji2:emoji2:1.3.0] AndroidManifest.xml:21:5-44
application defined in both files...
Merging application with lower [androidx.emoji2:emoji2:1.3.0] AndroidManifest.xml:23:5-33:19
provider#androidx.startup.InitializationProvider defined in both files...
Merging provider#androidx.startup.InitializationProvider with lower [androidx.emoji2:emoji2:1.3.0] AndroidManifest.xml:24:9-32:20
Adopted [meta-data: null]
Merging library manifest /opt/gradle/.gradle/caches/9.3.1/transforms/c8e3e479ec7daf47a9acc4fce7fba691/transformed/drawerlayout-1.0.0/AndroidManifest.xml
Merging manifest with lower [androidx.drawerlayout:drawerlayout:1.0.0] AndroidManifest.xml:17:1-22:12
uses-sdk defined in both files...
Merging uses-sdk with lower [androidx.drawerlayout:drawerlayout:1.0.0] AndroidManifest.xml:20:5-44
Merging library manifest /opt/gradle/.gradle/caches/9.3.1/transforms/144def50fb575d7580db65286c82b417/transformed/customview-1.0.0/AndroidManifest.xml
Merging manifest with lower [androidx.customview:customview:1.0.0] AndroidManifest.xml:17:1-22:12
uses-sdk defined in both files...
Merging uses-sdk with lower [androidx.customview:customview:1.0.0] AndroidManifest.xml:20:5-44
Merging library manifest /opt/gradle/.gradle/caches/9.3.1/transforms/d3f37363bafa811486fa8d81bbaa15ab/transformed/core-1.18.0/AndroidManifest.xml
Merging manifest with lower [androidx.core:core:1.18.0] AndroidManifest.xml:17:1-30:12
uses-sdk defined in both files...
Merging uses-sdk with lower [androidx.core:core:1.18.0] AndroidManifest.xml:20:5-44
Adopted [permission: null]
Adopted [uses-permission: null]
application defined in both files...
Merging application with lower [androidx.core:core:1.18.0] AndroidManifest.xml:28:5-89
Merging library manifest /opt/gradle/.gradle/caches/9.3.1/transforms/08bcc25c56fc826c1cfb73fed92dc1ec/transformed/savedstate-ktx-1.2.1/AndroidManifest.xml
Merging manifest with lower [androidx.savedstate:savedstate-ktx:1.2.1] AndroidManifest.xml:17:1-22:12
uses-sdk defined in both files...
Merging uses-sdk with lower [androidx.savedstate:savedstate-ktx:1.2.1] AndroidManifest.xml:20:5-44
Merging library manifest /opt/gradle/.gradle/caches/9.3.1/transforms/98602aabba8da14da7f09c997aecdf1c/transformed/savedstate-1.2.1/AndroidManifest.xml
Merging manifest with lower [androidx.savedstate:savedstate:1.2.1] AndroidManifest.xml:17:1-22:12
uses-sdk defined in both files...
Merging uses-sdk with lower [androidx.savedstate:savedstate:1.2.1] AndroidManifest.xml:20:5-44
Merging library manifest /opt/gradle/.gradle/caches/9.3.1/transforms/883ee44c5ca1b60143f84615e9cbb70e/transformed/lifecycle-process-2.8.7/AndroidManifest.xml
Merging manifest with lower [androidx.lifecycle:lifecycle-process:2.8.7] AndroidManifest.xml:17:1-35:12
uses-sdk defined in both files...
Merging uses-sdk with lower [androidx.lifecycle:lifecycle-process:2.8.7] AndroidManifest.xml:21:5-44
application defined in both files...
Merging application with lower [androidx.lifecycle:lifecycle-process:2.8.7] AndroidManifest.xml:23:5-33:19
provider#androidx.startup.InitializationProvider defined in both files...
Merging provider#androidx.startup.InitializationProvider with lower [androidx.lifecycle:lifecycle-process:2.8.7] AndroidManifest.xml:24:9-32:20
Adopted [meta-data: null]
Merging library manifest /opt/gradle/.gradle/caches/9.3.1/transforms/93698e92dc8156225dcee43290f87576/transformed/lifecycle-service-2.8.7/AndroidManifest.xml
Merging manifest with lower [androidx.lifecycle:lifecycle-service:2.8.7] AndroidManifest.xml:2:1-7:12
uses-sdk defined in both files...
Merging uses-sdk with lower [androidx.lifecycle:lifecycle-service:2.8.7] AndroidManifest.xml:5:5-44
Merging library manifest /opt/gradle/.gradle/caches/9.3.1/transforms/1e1a36fb28d035765feaf58c3f6ea3c0/transformed/lifecycle-viewmodel-2.8.7/AndroidManifest.xml
Merging manifest with lower [androidx.lifecycle:lifecycle-viewmodel:2.8.7] AndroidManifest.xml:2:1-5:12
uses-sdk defined in both files...
Merging uses-sdk with lower [androidx.lifecycle:lifecycle-viewmodel:2.8.7] AndroidManifest.xml:4:5-43
Merging library manifest /opt/gradle/.gradle/caches/9.3.1/transforms/99edc25275b8946e08a7c99b9d924704/transformed/lifecycle-viewmodel-release/AndroidManifest.xml
Merging manifest with lower [androidx.lifecycle:lifecycle-viewmodel-android:2.8.7] AndroidManifest.xml:17:1-22:12
uses-sdk defined in both files...
Merging uses-sdk with lower [androidx.lifecycle:lifecycle-viewmodel-android:2.8.7] AndroidManifest.xml:20:5-44
Merging library manifest /opt/gradle/.gradle/caches/9.3.1/transforms/2959d5f9a588866d3eee46ffe70c9574/transformed/lifecycle-livedata-core-ktx-2.8.7/AndroidManifest.xml
Merging manifest with lower [androidx.lifecycle:lifecycle-livedata-core-ktx:2.8.7] AndroidManifest.xml:2:1-7:12
uses-sdk defined in both files...
Merging uses-sdk with lower [androidx.lifecycle:lifecycle-livedata-core-ktx:2.8.7] AndroidManifest.xml:5:5-44
Merging library manifest /opt/gradle/.gradle/caches/9.3.1/transforms/13fbdd3ced9040b5f6fc3627516c7c47/transformed/lifecycle-runtime-release/AndroidManifest.xml
Merging manifest with lower [androidx.lifecycle:lifecycle-runtime-android:2.8.7] AndroidManifest.xml:17:1-22:12
uses-sdk defined in both files...
Merging uses-sdk with lower [androidx.lifecycle:lifecycle-runtime-android:2.8.7] AndroidManifest.xml:20:5-44
Merging library manifest /opt/gradle/.gradle/caches/9.3.1/transforms/b8c63c209f5866bb4344b9c4d8769207/transformed/profileinstaller-1.4.0/AndroidManifest.xml
Merging manifest with lower [androidx.profileinstaller:profileinstaller:1.4.0] AndroidManifest.xml:17:1-55:12
uses-sdk defined in both files...
Merging uses-sdk with lower [androidx.profileinstaller:profileinstaller:1.4.0] AndroidManifest.xml:21:5-44
application defined in both files...
Merging application with lower [androidx.profileinstaller:profileinstaller:1.4.0] AndroidManifest.xml:23:5-53:19
provider#androidx.startup.InitializationProvider defined in both files...
Merging provider#androidx.startup.InitializationProvider with lower [androidx.profileinstaller:profileinstaller:1.4.0] AndroidManifest.xml:24:9-32:20
Adopted [meta-data: null]
Adopted [receiver: null]
Merging library manifest /opt/gradle/.gradle/caches/9.3.1/transforms/0ba654f2ae96dfb2d401e881f7857b78/transformed/datastore-core-release/AndroidManifest.xml
Merging manifest with lower [androidx.datastore:datastore-core-android:1.1.7] AndroidManifest.xml:2:1-7:12
uses-sdk defined in both files...
Merging uses-sdk with lower [androidx.datastore:datastore-core-android:1.1.7] AndroidManifest.xml:5:5-44
Merging library manifest /opt/gradle/.gradle/caches/9.3.1/transforms/0defbf3afe4a9499877bf6b195849996/transformed/datastore-preferences-core-release/AndroidManifest.xml
Merging manifest with lower [androidx.datastore:datastore-preferences-core-android:1.1.7] AndroidManifest.xml:2:1-7:12
uses-sdk defined in both files...
Merging uses-sdk with lower [androidx.datastore:datastore-preferences-core-android:1.1.7] AndroidManifest.xml:5:5-44
Merging library manifest /opt/gradle/.gradle/caches/9.3.1/transforms/2dc06328238512f4176ba037abb39983/transformed/datastore-release/AndroidManifest.xml
Merging manifest with lower [androidx.datastore:datastore-android:1.1.7] AndroidManifest.xml:17:1-22:12
uses-sdk defined in both files...
Merging uses-sdk with lower [androidx.datastore:datastore-android:1.1.7] AndroidManifest.xml:20:5-44
Merging library manifest /opt/gradle/.gradle/caches/9.3.1/transforms/ebbc457e7c7b8de6a66d5d8863590ef8/transformed/datastore-preferences-release/AndroidManifest.xml
Merging manifest with lower [androidx.datastore:datastore-preferences-android:1.1.7] AndroidManifest.xml:17:1-22:12
uses-sdk defined in both files...
Merging uses-sdk with lower [androidx.datastore:datastore-preferences-android:1.1.7] AndroidManifest.xml:20:5-44
Merging library manifest /opt/gradle/.gradle/caches/9.3.1/transforms/3a62a50215ffa400839170ed9e0395e5/transformed/play-services-tasks-18.4.0/AndroidManifest.xml
Merging manifest with lower [com.google.android.gms:play-services-tasks:18.4.0] AndroidManifest.xml:2:1-6:12
uses-sdk defined in both files...
Merging uses-sdk with lower [com.google.android.gms:play-services-tasks:18.4.0] AndroidManifest.xml:4:5-43
application defined in both files...
Merging application with lower [com.google.android.gms:play-services-tasks:18.4.0] AndroidManifest.xml:5:5-20
Merging library manifest /opt/gradle/.gradle/caches/9.3.1/transforms/f4733b83a8e5a38dbd09d44ac8dc2f11/transformed/firebase-measurement-connector-19.0.0/AndroidManifest.xml
Merging manifest with lower [com.google.firebase:firebase-measurement-connector:19.0.0] AndroidManifest.xml:17:1-25:12
uses-sdk defined in both files...
Merging uses-sdk with lower [com.google.firebase:firebase-measurement-connector:19.0.0] AndroidManifest.xml:20:5-44
application defined in both files...
Merging application with lower [com.google.firebase:firebase-measurement-connector:19.0.0] AndroidManifest.xml:22:5-23:19
Merging library manifest /opt/gradle/.gradle/caches/9.3.1/transforms/4be9ed8cc1512daa00f4f9b8f2c5d3f9/transformed/user-messaging-platform-3.0.0/AndroidManifest.xml
Merging manifest with lower [com.google.android.ump:user-messaging-platform:3.0.0] AndroidManifest.xml:2:1-7:12
uses-sdk defined in both files...
Merging uses-sdk with lower [com.google.android.ump:user-messaging-platform:3.0.0] AndroidManifest.xml:5:5-44
Merging library manifest /opt/gradle/.gradle/caches/9.3.1/transforms/b359fe2be5640817415ebec74326a3b4/transformed/play-services-measurement-sdk-api-23.2.0/AndroidManifest.xml
Merging manifest with lower [com.google.android.gms:play-services-measurement-sdk-api:23.2.0] AndroidManifest.xml:17:1-30:12
uses-sdk defined in both files...
Merging uses-sdk with lower [com.google.android.gms:play-services-measurement-sdk-api:23.2.0] AndroidManifest.xml:20:5-44
uses-permission#android.permission.INTERNET defined in both files...
Merging uses-permission#android.permission.INTERNET with lower [com.google.android.gms:play-services-measurement-sdk-api:23.2.0] AndroidManifest.xml:23:5-67
uses-permission#android.permission.ACCESS_NETWORK_STATE defined in both files...
Merging uses-permission#android.permission.ACCESS_NETWORK_STATE with lower [com.google.android.gms:play-services-measurement-sdk-api:23.2.0] AndroidManifest.xml:24:5-79
uses-permission#android.permission.WAKE_LOCK defined in both files...
Merging uses-permission#android.permission.WAKE_LOCK with lower [com.google.android.gms:play-services-measurement-sdk-api:23.2.0] AndroidManifest.xml:25:5-68
uses-permission#com.google.android.gms.permission.AD_ID defined in both files...
Merging uses-permission#com.google.android.gms.permission.AD_ID with lower [com.google.android.gms:play-services-measurement-sdk-api:23.2.0] AndroidManifest.xml:26:5-79
uses-permission#android.permission.ACCESS_ADSERVICES_ATTRIBUTION defined in both files...
Merging uses-permission#android.permission.ACCESS_ADSERVICES_ATTRIBUTION with lower [com.google.android.gms:play-services-measurement-sdk-api:23.2.0] AndroidManifest.xml:27:5-88
uses-permission#android.permission.ACCESS_ADSERVICES_AD_ID defined in both files...
Merging uses-permission#android.permission.ACCESS_ADSERVICES_AD_ID with lower [com.google.android.gms:play-services-measurement-sdk-api:23.2.0] AndroidManifest.xml:28:5-82
Merging library manifest /opt/gradle/.gradle/caches/9.3.1/transforms/43e7014f6cda84b141737f842f2ff053/transformed/play-services-measurement-base-23.2.0/AndroidManifest.xml
Merging manifest with lower [com.google.android.gms:play-services-measurement-base:23.2.0] AndroidManifest.xml:2:1-9:12
uses-sdk defined in both files...
Merging uses-sdk with lower [com.google.android.gms:play-services-measurement-base:23.2.0] AndroidManifest.xml:5:5-44
application defined in both files...
Merging application with lower [com.google.android.gms:play-services-measurement-base:23.2.0] AndroidManifest.xml:7:5-20
Merging library manifest /opt/gradle/.gradle/caches/9.3.1/transforms/99b8f40daa840d78fbe63a924472043a/transformed/play-services-places-placereport-17.0.0/AndroidManifest.xml
Merging manifest with lower [com.google.android.gms:play-services-places-placereport:17.0.0] AndroidManifest.xml:17:1-24:12
uses-sdk defined in both files...
Merging uses-sdk with lower [com.google.android.gms:play-services-places-placereport:17.0.0] AndroidManifest.xml:20:5-44
application defined in both files...
Merging application with lower [com.google.android.gms:play-services-places-placereport:17.0.0] AndroidManifest.xml:22:5-20
Merging library manifest /opt/gradle/.gradle/caches/9.3.1/transforms/08ee7fd731fccb7e6a5d7139d4798c38/transformed/play-services-basement-18.9.0/AndroidManifest.xml
Merging manifest with lower [com.google.android.gms:play-services-basement:18.9.0] AndroidManifest.xml:16:1-26:12
uses-sdk defined in both files...
Merging uses-sdk with lower [com.google.android.gms:play-services-basement:18.9.0] AndroidManifest.xml:18:5-43
application defined in both files...
Merging application with lower [com.google.android.gms:play-services-basement:18.9.0] AndroidManifest.xml:20:5-24:19
Adopted [meta-data: null]
Merging library manifest /opt/gradle/.gradle/caches/9.3.1/transforms/084583c1b4543728105545a8acc6afa8/transformed/fragment-1.5.7/AndroidManifest.xml
Merging manifest with lower [androidx.fragment:fragment:1.5.7] AndroidManifest.xml:17:1-24:12
uses-sdk defined in both files...
Merging uses-sdk with lower [androidx.fragment:fragment:1.5.7] AndroidManifest.xml:20:5-22:41
Merging library manifest /opt/gradle/.gradle/caches/9.3.1/transforms/03150329023bff67b125c76fa7ed4b05/transformed/activity-1.10.1/AndroidManifest.xml
Merging manifest with lower [androidx.activity:activity:1.10.1] AndroidManifest.xml:17:1-22:12
uses-sdk defined in both files...
Merging uses-sdk with lower [androidx.activity:activity:1.10.1] AndroidManifest.xml:20:5-44
Merging library manifest /opt/gradle/.gradle/caches/9.3.1/transforms/7ce3f16f993c9dcd71f094808ba8eeae/transformed/lifecycle-viewmodel-savedstate-2.8.7/AndroidManifest.xml
Merging manifest with lower [androidx.lifecycle:lifecycle-viewmodel-savedstate:2.8.7] AndroidManifest.xml:17:1-22:12
uses-sdk defined in both files...
Merging uses-sdk with lower [androidx.lifecycle:lifecycle-viewmodel-savedstate:2.8.7] AndroidManifest.xml:20:5-44
Merging library manifest /opt/gradle/.gradle/caches/9.3.1/transforms/b7f29bc208a9f0527cc893d3225767d7/transformed/lifecycle-viewmodel-ktx-2.8.7/AndroidManifest.xml
Merging manifest with lower [androidx.lifecycle:lifecycle-viewmodel-ktx:2.8.7] AndroidManifest.xml:2:1-7:12
uses-sdk defined in both files...
Merging uses-sdk with lower [androidx.lifecycle:lifecycle-viewmodel-ktx:2.8.7] AndroidManifest.xml:5:5-44
Merging library manifest /opt/gradle/.gradle/caches/9.3.1/transforms/3b7d415e03a3ad95affb2b0c2cc711b1/transformed/lifecycle-livedata-core-2.8.7/AndroidManifest.xml
Merging manifest with lower [androidx.lifecycle:lifecycle-livedata-core:2.8.7] AndroidManifest.xml:17:1-22:12
uses-sdk defined in both files...
Merging uses-sdk with lower [androidx.lifecycle:lifecycle-livedata-core:2.8.7] AndroidManifest.xml:20:5-44
Merging library manifest /opt/gradle/.gradle/caches/9.3.1/transforms/685bf773e8eeae0a540f98dc18153f4b/transformed/lifecycle-livedata-2.8.7/AndroidManifest.xml
Merging manifest with lower [androidx.lifecycle:lifecycle-livedata:2.8.7] AndroidManifest.xml:17:1-22:12
uses-sdk defined in both files...
Merging uses-sdk with lower [androidx.lifecycle:lifecycle-livedata:2.8.7] AndroidManifest.xml:20:5-44
Merging library manifest /opt/gradle/.gradle/caches/9.3.1/transforms/592caa137262f907c91bc06409089f09/transformed/lifecycle-runtime-ktx-release/AndroidManifest.xml
Merging manifest with lower [androidx.lifecycle:lifecycle-runtime-ktx-android:2.8.7] AndroidManifest.xml:2:1-7:12
uses-sdk defined in both files...
Merging uses-sdk with lower [androidx.lifecycle:lifecycle-runtime-ktx-android:2.8.7] AndroidManifest.xml:5:5-44
Merging library manifest /opt/gradle/.gradle/caches/9.3.1/transforms/542c16840240951b8765143220fa93ad/transformed/lifecycle-runtime-compose-release/AndroidManifest.xml
Merging manifest with lower [androidx.lifecycle:lifecycle-runtime-compose-android:2.8.7] AndroidManifest.xml:2:1-7:12
uses-sdk defined in both files...
Merging uses-sdk with lower [androidx.lifecycle:lifecycle-runtime-compose-android:2.8.7] AndroidManifest.xml:5:5-44
Merging library manifest /opt/gradle/.gradle/caches/9.3.1/transforms/bd8954772e92b975a887c4613afda604/transformed/lifecycle-viewmodel-compose-release/AndroidManifest.xml
Merging manifest with lower [androidx.lifecycle:lifecycle-viewmodel-compose-android:2.8.7] AndroidManifest.xml:2:1-7:12
uses-sdk defined in both files...
Merging uses-sdk with lower [androidx.lifecycle:lifecycle-viewmodel-compose-android:2.8.7] AndroidManifest.xml:5:5-44
Merging library manifest /opt/gradle/.gradle/caches/9.3.1/transforms/3e3cd709404236d5c72239adcac8929c/transformed/material-icons-extended-release/AndroidManifest.xml
Merging manifest with lower [androidx.compose.material:material-icons-extended-android:1.7.0] AndroidManifest.xml:2:1-7:12
uses-sdk defined in both files...
Merging uses-sdk with lower [androidx.compose.material:material-icons-extended-android:1.7.0] AndroidManifest.xml:5:5-44
Merging library manifest /opt/gradle/.gradle/caches/9.3.1/transforms/4ac548f285a7cdc4d73208b5aef4c0f8/transformed/material-icons-core-release/AndroidManifest.xml
Merging manifest with lower [androidx.compose.material:material-icons-core-android:1.7.0] AndroidManifest.xml:2:1-7:12
uses-sdk defined in both files...
Merging uses-sdk with lower [androidx.compose.material:material-icons-core-android:1.7.0] AndroidManifest.xml:5:5-44
Merging library manifest /opt/gradle/.gradle/caches/9.3.1/transforms/84a323bde0d49887132031176e4c0262/transformed/ui-release/AndroidManifest.xml
Merging manifest with lower [androidx.compose.ui:ui-android:1.7.0] AndroidManifest.xml:2:1-7:12
uses-sdk defined in both files...
Merging uses-sdk with lower [androidx.compose.ui:ui-android:1.7.0] AndroidManifest.xml:5:5-44
Merging library manifest /opt/gradle/.gradle/caches/9.3.1/transforms/e116aaea6e45914635a61cf2749dacca/transformed/activity-ktx-1.10.1/AndroidManifest.xml
Merging manifest with lower [androidx.activity:activity-ktx:1.10.1] AndroidManifest.xml:2:1-7:12
uses-sdk defined in both files...
Merging uses-sdk with lower [androidx.activity:activity-ktx:1.10.1] AndroidManifest.xml:5:5-44
Merging library manifest /opt/gradle/.gradle/caches/9.3.1/transforms/9307601e2f259fc0cba5eeaaaa9f115d/transformed/activity-compose-1.10.1/AndroidManifest.xml
Merging manifest with lower [androidx.activity:activity-compose:1.10.1] AndroidManifest.xml:2:1-7:12
uses-sdk defined in both files...
Merging uses-sdk with lower [androidx.activity:activity-compose:1.10.1] AndroidManifest.xml:5:5-44
Merging library manifest /opt/gradle/.gradle/caches/9.3.1/transforms/f8a720dc012096b943a0616a53fa5b19/transformed/annotation-experimental-1.4.1/AndroidManifest.xml
Merging manifest with lower [androidx.annotation:annotation-experimental:1.4.1] AndroidManifest.xml:2:1-7:12
uses-sdk defined in both files...
Merging uses-sdk with lower [androidx.annotation:annotation-experimental:1.4.1] AndroidManifest.xml:5:5-44
Merging library manifest /opt/gradle/.gradle/caches/9.3.1/transforms/ba536e4ea16cd720500756be4dce8607/transformed/startup-runtime-1.1.1/AndroidManifest.xml
Merging manifest with lower [androidx.startup:startup-runtime:1.1.1] AndroidManifest.xml:17:1-33:12
uses-sdk defined in both files...
Merging uses-sdk with lower [androidx.startup:startup-runtime:1.1.1] AndroidManifest.xml:21:5-23:41
application defined in both files...
Merging application with lower [androidx.startup:startup-runtime:1.1.1] AndroidManifest.xml:25:5-31:19
provider#androidx.startup.InitializationProvider defined in both files...
Merging provider#androidx.startup.InitializationProvider with lower [androidx.startup:startup-runtime:1.1.1] AndroidManifest.xml:26:9-30:34
Merging library manifest /opt/gradle/.gradle/caches/9.3.1/transforms/ee71310729616ab405bced78c08738e8/transformed/tracing-1.2.0/AndroidManifest.xml
Merging manifest with lower [androidx.tracing:tracing:1.2.0] AndroidManifest.xml:17:1-22:12
uses-sdk defined in both files...
Merging uses-sdk with lower [androidx.tracing:tracing:1.2.0] AndroidManifest.xml:20:5-44
Merging library manifest /opt/gradle/.gradle/caches/9.3.1/transforms/25c9f4759a48510ff820422fbbbb761e/transformed/tracing-ktx-1.2.0/AndroidManifest.xml
Merging manifest with lower [androidx.tracing:tracing-ktx:1.2.0] AndroidManifest.xml:17:1-22:12
uses-sdk defined in both files...
Merging uses-sdk with lower [androidx.tracing:tracing-ktx:1.2.0] AndroidManifest.xml:20:5-44
Merging library manifest /opt/gradle/.gradle/caches/9.3.1/transforms/c002013fe2c19affed521c87243403c4/transformed/core-viewtree-1.0.0/AndroidManifest.xml
Merging manifest with lower [androidx.core:core-viewtree:1.0.0] AndroidManifest.xml:2:1-7:12
uses-sdk defined in both files...
Merging uses-sdk with lower [androidx.core:core-viewtree:1.0.0] AndroidManifest.xml:5:5-44
Merging library manifest /opt/gradle/.gradle/caches/9.3.1/transforms/a867ecd794eadae3a3ef35d8e55388df/transformed/versionedparcelable-1.1.1/AndroidManifest.xml
Merging manifest with lower [androidx.versionedparcelable:versionedparcelable:1.1.1] AndroidManifest.xml:17:1-27:12
uses-sdk defined in both files...
Merging uses-sdk with lower [androidx.versionedparcelable:versionedparcelable:1.1.1] AndroidManifest.xml:20:5-22:41
application defined in both files...
Merging application with lower [androidx.versionedparcelable:versionedparcelable:1.1.1] AndroidManifest.xml:24:5-25:19
Merging library manifest /opt/gradle/.gradle/caches/9.3.1/transforms/0ab6a483da67e329f357943f2a25e415/transformed/security-crypto-1.1.0-alpha03/AndroidManifest.xml
Merging manifest with lower [androidx.security:security-crypto:1.1.0-alpha03] AndroidManifest.xml:17:1-24:12
uses-sdk defined in both files...
Merging uses-sdk with lower [androidx.security:security-crypto:1.1.0-alpha03] AndroidManifest.xml:20:5-22:41
Merging library manifest /opt/gradle/.gradle/caches/9.3.1/transforms/91a6a30279593a18c1678ea6f1617284/transformed/sqlite-framework-release/AndroidManifest.xml
Merging manifest with lower [androidx.sqlite:sqlite-framework-android:2.5.0] AndroidManifest.xml:17:1-22:12
uses-sdk defined in both files...
Merging uses-sdk with lower [androidx.sqlite:sqlite-framework-android:2.5.0] AndroidManifest.xml:20:5-44
Merging library manifest /opt/gradle/.gradle/caches/9.3.1/transforms/05037c1f13969d84836cd44112200108/transformed/sqlite-release/AndroidManifest.xml
Merging manifest with lower [androidx.sqlite:sqlite-android:2.5.0] AndroidManifest.xml:17:1-22:12
uses-sdk defined in both files...
Merging uses-sdk with lower [androidx.sqlite:sqlite-android:2.5.0] AndroidManifest.xml:20:5-44
Merging library manifest /opt/gradle/.gradle/caches/9.3.1/transforms/176e5285f16345012ccbc0c469725576/transformed/core-runtime-2.2.0/AndroidManifest.xml
Merging manifest with lower [androidx.arch.core:core-runtime:2.2.0] AndroidManifest.xml:17:1-22:12
uses-sdk defined in both files...
Merging uses-sdk with lower [androidx.arch.core:core-runtime:2.2.0] AndroidManifest.xml:20:5-44
Merging library manifest /opt/gradle/.gradle/caches/9.3.1/transforms/73d3ff493dcc11c4f9df4c7a3cbfd847/transformed/featurecombinationquery-1.5.0/AndroidManifest.xml
Merging manifest with lower [androidx.camera.featurecombinationquery:featurecombinationquery:1.5.0] AndroidManifest.xml:2:1-7:12
uses-sdk defined in both files...
Merging uses-sdk with lower [androidx.camera.featurecombinationquery:featurecombinationquery:1.5.0] AndroidManifest.xml:5:5-44
Merging library manifest /opt/gradle/.gradle/caches/9.3.1/transforms/918405836e4fdf2e74a753d79d46345b/transformed/firebase-components-19.0.0/AndroidManifest.xml
Merging manifest with lower [com.google.firebase:firebase-components:19.0.0] AndroidManifest.xml:15:1-20:12
uses-sdk defined in both files...
Merging uses-sdk with lower [com.google.firebase:firebase-components:19.0.0] AndroidManifest.xml:18:5-44
Merging library manifest /opt/gradle/.gradle/caches/9.3.1/transforms/06a46151e5088fbe4c11507be1f89bbc/transformed/firebase-datatransport-18.2.0/AndroidManifest.xml
Merging manifest with lower [com.google.firebase:firebase-datatransport:18.2.0] AndroidManifest.xml:15:1-31:12
uses-sdk defined in both files...
Merging uses-sdk with lower [com.google.firebase:firebase-datatransport:18.2.0] AndroidManifest.xml:18:5-44
application defined in both files...
Merging application with lower [com.google.firebase:firebase-datatransport:18.2.0] AndroidManifest.xml:21:5-29:19
service#com.google.firebase.components.ComponentDiscoveryService defined in both files...
Merging service#com.google.firebase.components.ComponentDiscoveryService with lower [com.google.firebase:firebase-datatransport:18.2.0] AndroidManifest.xml:22:9-28:19
Adopted [meta-data: null]
Merging library manifest /opt/gradle/.gradle/caches/9.3.1/transforms/e23c7f3b5ef8cdd399a5ea97d167ffba/transformed/transport-backend-cct-3.1.9/AndroidManifest.xml
Merging manifest with lower [com.google.android.datatransport:transport-backend-cct:3.1.9] AndroidManifest.xml:15:1-37:12
uses-sdk defined in both files...
Merging uses-sdk with lower [com.google.android.datatransport:transport-backend-cct:3.1.9] AndroidManifest.xml:18:5-20:41
uses-permission#android.permission.ACCESS_NETWORK_STATE defined in both files...
Merging uses-permission#android.permission.ACCESS_NETWORK_STATE with lower [com.google.android.datatransport:transport-backend-cct:3.1.9] AndroidManifest.xml:24:5-79
uses-permission#android.permission.INTERNET defined in both files...
Merging uses-permission#android.permission.INTERNET with lower [com.google.android.datatransport:transport-backend-cct:3.1.9] AndroidManifest.xml:25:5-67
application defined in both files...
Merging application with lower [com.google.android.datatransport:transport-backend-cct:3.1.9] AndroidManifest.xml:27:5-35:19
Adopted [service: null]
Merging library manifest /opt/gradle/.gradle/caches/9.3.1/transforms/242cb78fde9b06549cfb261fa0e250b1/transformed/firebase-encoders-json-18.0.0/AndroidManifest.xml
Merging manifest with lower [com.google.firebase:firebase-encoders-json:18.0.0] AndroidManifest.xml:15:1-23:12
uses-sdk defined in both files...
Merging uses-sdk with lower [com.google.firebase:firebase-encoders-json:18.0.0] AndroidManifest.xml:19:5-21:41
Merging library manifest /opt/gradle/.gradle/caches/9.3.1/transforms/ecdc50a88c4156fec14411f9ca3ff0ab/transformed/transport-runtime-3.1.9/AndroidManifest.xml
Merging manifest with lower [com.google.android.datatransport:transport-runtime:3.1.9] AndroidManifest.xml:15:1-41:12
uses-sdk defined in both files...
Merging uses-sdk with lower [com.google.android.datatransport:transport-runtime:3.1.9] AndroidManifest.xml:18:5-20:41
uses-permission#android.permission.ACCESS_NETWORK_STATE defined in both files...
Merging uses-permission#android.permission.ACCESS_NETWORK_STATE with lower [com.google.android.datatransport:transport-runtime:3.1.9] AndroidManifest.xml:22:5-79
application defined in both files...
Merging application with lower [com.google.android.datatransport:transport-runtime:3.1.9] AndroidManifest.xml:25:5-39:19
Adopted [service: null]
Adopted [receiver: null]
service#com.google.android.datatransport.runtime.backends.TransportBackendDiscovery defined in both files...
Merging service#com.google.android.datatransport.runtime.backends.TransportBackendDiscovery with lower [com.google.android.datatransport:transport-runtime:3.1.9] AndroidManifest.xml:36:9-38:40
Merging library manifest /opt/gradle/.gradle/caches/9.3.1/transforms/d1c20ca34da994392d543f145e27400b/transformed/transport-api-3.1.0/AndroidManifest.xml
Merging manifest with lower [com.google.android.datatransport:transport-api:3.1.0] AndroidManifest.xml:15:1-20:12
uses-sdk defined in both files...
Merging uses-sdk with lower [com.google.android.datatransport:transport-api:3.1.0] AndroidManifest.xml:18:5-44
Merging library manifest /opt/gradle/.gradle/caches/9.3.1/transforms/cb558368a856656f7f21a2915488e4e9/transformed/interpolator-1.0.0/AndroidManifest.xml
Merging manifest with lower [androidx.interpolator:interpolator:1.0.0] AndroidManifest.xml:17:1-22:12
uses-sdk defined in both files...
Merging uses-sdk with lower [androidx.interpolator:interpolator:1.0.0] AndroidManifest.xml:20:5-44
Merging library manifest /opt/gradle/.gradle/caches/9.3.1/transforms/5066eee8f848c7cde2f06cdb57161e8e/transformed/exifinterface-1.3.7/AndroidManifest.xml
Merging manifest with lower [androidx.exifinterface:exifinterface:1.3.7] AndroidManifest.xml:17:1-24:12
uses-sdk defined in both files...
Merging uses-sdk with lower [androidx.exifinterface:exifinterface:1.3.7] AndroidManifest.xml:20:5-22:41
Merging library manifest /opt/gradle/.gradle/caches/9.3.1/transforms/9390dff3bcb3f1d8d20773a67d730643/transformed/documentfile-1.0.0/AndroidManifest.xml
Merging manifest with lower [androidx.documentfile:documentfile:1.0.0] AndroidManifest.xml:17:1-22:12
uses-sdk defined in both files...
Merging uses-sdk with lower [androidx.documentfile:documentfile:1.0.0] AndroidManifest.xml:20:5-44
Merging library manifest /opt/gradle/.gradle/caches/9.3.1/transforms/fec093271fb74dc4dbe1946def1df662/transformed/localbroadcastmanager-1.0.0/AndroidManifest.xml
Merging manifest with lower [androidx.localbroadcastmanager:localbroadcastmanager:1.0.0] AndroidManifest.xml:17:1-22:12
uses-sdk defined in both files...
Merging uses-sdk with lower [androidx.localbroadcastmanager:localbroadcastmanager:1.0.0] AndroidManifest.xml:20:5-44
Merging library manifest /opt/gradle/.gradle/caches/9.3.1/transforms/4ef378d607d6c4fbb9821b1b28d6d85d/transformed/print-1.0.0/AndroidManifest.xml
Merging manifest with lower [androidx.print:print:1.0.0] AndroidManifest.xml:17:1-22:12
uses-sdk defined in both files...
Merging uses-sdk with lower [androidx.print:print:1.0.0] AndroidManifest.xml:20:5-44
Merging library manifest /opt/gradle/.gradle/caches/9.3.1/transforms/42711b8f0a648fdb60b1ed3fdc6e6fe7/transformed/cursoradapter-1.0.0/AndroidManifest.xml
Merging manifest with lower [androidx.cursoradapter:cursoradapter:1.0.0] AndroidManifest.xml:17:1-22:12
uses-sdk defined in both files...
Merging uses-sdk with lower [androidx.cursoradapter:cursoradapter:1.0.0] AndroidManifest.xml:20:5-44
Merging library manifest /opt/gradle/.gradle/caches/9.3.1/transforms/bf8202e7d1f7eba250ce5e3cead10fc0/transformed/core-common-2.0.4/AndroidManifest.xml
Merging manifest with lower [com.google.android.play:core-common:2.0.4] AndroidManifest.xml:2:1-21:12
uses-sdk defined in both files...
Merging uses-sdk with lower [com.google.android.play:core-common:2.0.4] AndroidManifest.xml:7:5-9:41
application defined in both files...
Merging application with lower [com.google.android.play:core-common:2.0.4] AndroidManifest.xml:11:5-19:19
Adopted [activity: null]
Merging result: SUCCESS
1<?xml version="1.0" encoding="utf-8"?>
2<manifest xmlns:android="http://schemas.android.com/apk/res/android"
3    package="com.mcc.qivo"
4    android:versionCode="1"
5    android:versionName="1.0" >
6
7    <uses-sdk
7-->INJECTED
8        android:minSdkVersion="24"
8-->INJECTED
9        android:targetSdkVersion="36" />
9-->INJECTED
10
11    <uses-permission android:name="android.permission.INTERNET" />
11-->/app/applet/app/src/main/AndroidManifest.xml:5:5-67
11-->/app/applet/app/src/main/AndroidManifest.xml:5:22-64
12    <uses-permission android:name="android.permission.ACCESS_NETWORK_STATE" />
12-->/app/applet/app/src/main/AndroidManifest.xml:6:5-79
12-->/app/applet/app/src/main/AndroidManifest.xml:6:22-76
13    <uses-permission android:name="android.permission.ACCESS_WIFI_STATE" />
13-->/app/applet/app/src/main/AndroidManifest.xml:7:5-76
13-->/app/applet/app/src/main/AndroidManifest.xml:7:22-73
14    <uses-permission android:name="android.permission.READ_MEDIA_IMAGES" />
14-->/app/applet/app/src/main/AndroidManifest.xml:8:5-76
14-->/app/applet/app/src/main/AndroidManifest.xml:8:22-73
15    <uses-permission android:name="android.permission.READ_MEDIA_AUDIO" />
15-->/app/applet/app/src/main/AndroidManifest.xml:9:5-75
15-->/app/applet/app/src/main/AndroidManifest.xml:9:22-72
16    <uses-permission
16-->/app/applet/app/src/main/AndroidManifest.xml:10:5-107
17        android:name="android.permission.READ_EXTERNAL_STORAGE"
17-->/app/applet/app/src/main/AndroidManifest.xml:10:22-77
18        android:maxSdkVersion="32" />
18-->/app/applet/app/src/main/AndroidManifest.xml:10:78-104
19    <uses-permission android:name="android.permission.CAMERA" />
19-->/app/applet/app/src/main/AndroidManifest.xml:11:5-65
19-->/app/applet/app/src/main/AndroidManifest.xml:11:22-62
20    <uses-permission android:name="android.permission.RECORD_AUDIO" />
20-->/app/applet/app/src/main/AndroidManifest.xml:12:5-71
20-->/app/applet/app/src/main/AndroidManifest.xml:12:22-68
21    <uses-permission android:name="android.permission.MODIFY_AUDIO_SETTINGS" />
21-->/app/applet/app/src/main/AndroidManifest.xml:13:5-80
21-->/app/applet/app/src/main/AndroidManifest.xml:13:22-77
22    <uses-permission android:name="android.permission.POST_NOTIFICATIONS" />
22-->/app/applet/app/src/main/AndroidManifest.xml:14:5-77
22-->/app/applet/app/src/main/AndroidManifest.xml:14:22-74
23    <uses-permission android:name="android.permission.VIBRATE" />
23-->/app/applet/app/src/main/AndroidManifest.xml:15:5-66
23-->/app/applet/app/src/main/AndroidManifest.xml:15:22-63
24    <uses-permission android:name="android.permission.SYSTEM_ALERT_WINDOW" />
24-->/app/applet/app/src/main/AndroidManifest.xml:16:5-78
24-->/app/applet/app/src/main/AndroidManifest.xml:16:22-75
25    <uses-permission android:name="com.android.vending.BILLING" />
25-->/app/applet/app/src/main/AndroidManifest.xml:17:5-67
25-->/app/applet/app/src/main/AndroidManifest.xml:17:22-64
26    <uses-permission android:name="android.permission.USE_BIOMETRIC" /> <!-- suppress DeprecatedClassUsageInspection -->
26-->[androidx.biometric:biometric:1.1.0] /opt/gradle/.gradle/caches/9.3.1/transforms/dea00dbde9e36a3447b75ea07904e41f/transformed/biometric-1.1.0/AndroidManifest.xml:24:5-72
26-->[androidx.biometric:biometric:1.1.0] /opt/gradle/.gradle/caches/9.3.1/transforms/dea00dbde9e36a3447b75ea07904e41f/transformed/biometric-1.1.0/AndroidManifest.xml:24:22-69
27    <uses-permission android:name="android.permission.USE_FINGERPRINT" />
27-->[androidx.biometric:biometric:1.1.0] /opt/gradle/.gradle/caches/9.3.1/transforms/dea00dbde9e36a3447b75ea07904e41f/transformed/biometric-1.1.0/AndroidManifest.xml:27:5-74
27-->[androidx.biometric:biometric:1.1.0] /opt/gradle/.gradle/caches/9.3.1/transforms/dea00dbde9e36a3447b75ea07904e41f/transformed/biometric-1.1.0/AndroidManifest.xml:27:22-71
28
29    <queries>
29-->[com.android.billingclient:billing:7.1.1] /opt/gradle/.gradle/caches/9.3.1/transforms/68d40185e7d8c47fb602f516ee74b661/transformed/billing-7.1.1/AndroidManifest.xml:12:5-19:15
30        <intent>
30-->[com.android.billingclient:billing:7.1.1] /opt/gradle/.gradle/caches/9.3.1/transforms/68d40185e7d8c47fb602f516ee74b661/transformed/billing-7.1.1/AndroidManifest.xml:13:9-15:18
31            <action android:name="com.android.vending.billing.InAppBillingService.BIND" />
31-->[com.android.billingclient:billing:7.1.1] /opt/gradle/.gradle/caches/9.3.1/transforms/68d40185e7d8c47fb602f516ee74b661/transformed/billing-7.1.1/AndroidManifest.xml:14:13-91
31-->[com.android.billingclient:billing:7.1.1] /opt/gradle/.gradle/caches/9.3.1/transforms/68d40185e7d8c47fb602f516ee74b661/transformed/billing-7.1.1/AndroidManifest.xml:14:21-88
32        </intent>
33        <intent>
33-->[com.android.billingclient:billing:7.1.1] /opt/gradle/.gradle/caches/9.3.1/transforms/68d40185e7d8c47fb602f516ee74b661/transformed/billing-7.1.1/AndroidManifest.xml:16:9-18:18
34            <action android:name="com.google.android.apps.play.billingtestcompanion.BillingOverrideService.BIND" />
34-->[com.android.billingclient:billing:7.1.1] /opt/gradle/.gradle/caches/9.3.1/transforms/68d40185e7d8c47fb602f516ee74b661/transformed/billing-7.1.1/AndroidManifest.xml:17:13-116
34-->[com.android.billingclient:billing:7.1.1] /opt/gradle/.gradle/caches/9.3.1/transforms/68d40185e7d8c47fb602f516ee74b661/transformed/billing-7.1.1/AndroidManifest.xml:17:21-113
35        </intent>
36        <!-- For browser content -->
37        <intent>
37-->[com.google.android.gms:play-services-ads-lite:23.6.0] /opt/gradle/.gradle/caches/9.3.1/transforms/346e18c4331dfef1907bc7989d434b6a/transformed/play-services-ads-lite-23.6.0/AndroidManifest.xml:38:9-44:18
38            <action android:name="android.intent.action.VIEW" />
38-->/app/applet/app/src/main/AndroidManifest.xml:59:17-69
38-->/app/applet/app/src/main/AndroidManifest.xml:59:25-66
39
40            <category android:name="android.intent.category.BROWSABLE" />
40-->/app/applet/app/src/main/AndroidManifest.xml:61:17-78
40-->/app/applet/app/src/main/AndroidManifest.xml:61:27-75
41
42            <data android:scheme="https" />
42-->/app/applet/app/src/main/AndroidManifest.xml:62:17-64:44
42-->/app/applet/app/src/main/AndroidManifest.xml:63:21-42
43        </intent> <!-- End of browser content -->
44        <!-- For CustomTabsService -->
45        <intent>
45-->[com.google.android.gms:play-services-ads-lite:23.6.0] /opt/gradle/.gradle/caches/9.3.1/transforms/346e18c4331dfef1907bc7989d434b6a/transformed/play-services-ads-lite-23.6.0/AndroidManifest.xml:47:9-49:18
46            <action android:name="android.support.customtabs.action.CustomTabsService" />
46-->[com.google.android.gms:play-services-ads-lite:23.6.0] /opt/gradle/.gradle/caches/9.3.1/transforms/346e18c4331dfef1907bc7989d434b6a/transformed/play-services-ads-lite-23.6.0/AndroidManifest.xml:48:13-90
46-->[com.google.android.gms:play-services-ads-lite:23.6.0] /opt/gradle/.gradle/caches/9.3.1/transforms/346e18c4331dfef1907bc7989d434b6a/transformed/play-services-ads-lite-23.6.0/AndroidManifest.xml:48:21-87
47        </intent> <!-- End of CustomTabsService -->
48        <!-- For MRAID capabilities -->
49        <intent>
49-->[com.google.android.gms:play-services-ads-lite:23.6.0] /opt/gradle/.gradle/caches/9.3.1/transforms/346e18c4331dfef1907bc7989d434b6a/transformed/play-services-ads-lite-23.6.0/AndroidManifest.xml:52:9-56:18
50            <action android:name="android.intent.action.INSERT" />
50-->[com.google.android.gms:play-services-ads-lite:23.6.0] /opt/gradle/.gradle/caches/9.3.1/transforms/346e18c4331dfef1907bc7989d434b6a/transformed/play-services-ads-lite-23.6.0/AndroidManifest.xml:53:13-67
50-->[com.google.android.gms:play-services-ads-lite:23.6.0] /opt/gradle/.gradle/caches/9.3.1/transforms/346e18c4331dfef1907bc7989d434b6a/transformed/play-services-ads-lite-23.6.0/AndroidManifest.xml:53:21-64
51
52            <data android:mimeType="vnd.android.cursor.dir/event" />
52-->/app/applet/app/src/main/AndroidManifest.xml:62:17-64:44
53        </intent>
54        <intent>
54-->[com.google.android.gms:play-services-ads-lite:23.6.0] /opt/gradle/.gradle/caches/9.3.1/transforms/346e18c4331dfef1907bc7989d434b6a/transformed/play-services-ads-lite-23.6.0/AndroidManifest.xml:57:9-61:18
55            <action android:name="android.intent.action.VIEW" />
55-->/app/applet/app/src/main/AndroidManifest.xml:59:17-69
55-->/app/applet/app/src/main/AndroidManifest.xml:59:25-66
56
57            <data android:scheme="sms" />
57-->/app/applet/app/src/main/AndroidManifest.xml:62:17-64:44
57-->/app/applet/app/src/main/AndroidManifest.xml:63:21-42
58        </intent>
59        <intent>
59-->[com.google.android.gms:play-services-ads-lite:23.6.0] /opt/gradle/.gradle/caches/9.3.1/transforms/346e18c4331dfef1907bc7989d434b6a/transformed/play-services-ads-lite-23.6.0/AndroidManifest.xml:62:9-66:18
60            <action android:name="android.intent.action.DIAL" />
60-->[com.google.android.gms:play-services-ads-lite:23.6.0] /opt/gradle/.gradle/caches/9.3.1/transforms/346e18c4331dfef1907bc7989d434b6a/transformed/play-services-ads-lite-23.6.0/AndroidManifest.xml:63:13-65
60-->[com.google.android.gms:play-services-ads-lite:23.6.0] /opt/gradle/.gradle/caches/9.3.1/transforms/346e18c4331dfef1907bc7989d434b6a/transformed/play-services-ads-lite-23.6.0/AndroidManifest.xml:63:21-62
61
62            <data android:path="tel:" />
62-->/app/applet/app/src/main/AndroidManifest.xml:62:17-64:44
63        </intent>
64    </queries>
65
66    <uses-permission android:name="android.permission.WAKE_LOCK" /> <!-- Required by older versions of Google Play services to create IID tokens -->
66-->[com.google.firebase:firebase-messaging:25.1.0] /opt/gradle/.gradle/caches/9.3.1/transforms/db648456d10757da406477e03f1c7b17/transformed/firebase-messaging-25.1.0/AndroidManifest.xml:24:5-68
66-->[com.google.firebase:firebase-messaging:25.1.0] /opt/gradle/.gradle/caches/9.3.1/transforms/db648456d10757da406477e03f1c7b17/transformed/firebase-messaging-25.1.0/AndroidManifest.xml:24:22-65
67    <uses-permission android:name="com.google.android.c2dm.permission.RECEIVE" />
67-->[com.google.firebase:firebase-messaging:25.1.0] /opt/gradle/.gradle/caches/9.3.1/transforms/db648456d10757da406477e03f1c7b17/transformed/firebase-messaging-25.1.0/AndroidManifest.xml:26:5-82
67-->[com.google.firebase:firebase-messaging:25.1.0] /opt/gradle/.gradle/caches/9.3.1/transforms/db648456d10757da406477e03f1c7b17/transformed/firebase-messaging-25.1.0/AndroidManifest.xml:26:22-79
68    <uses-permission android:name="com.google.android.gms.permission.AD_ID" />
68-->[com.google.android.gms:play-services-ads-lite:23.6.0] /opt/gradle/.gradle/caches/9.3.1/transforms/346e18c4331dfef1907bc7989d434b6a/transformed/play-services-ads-lite-23.6.0/AndroidManifest.xml:26:5-79
68-->[com.google.android.gms:play-services-ads-lite:23.6.0] /opt/gradle/.gradle/caches/9.3.1/transforms/346e18c4331dfef1907bc7989d434b6a/transformed/play-services-ads-lite-23.6.0/AndroidManifest.xml:26:22-76
69    <uses-permission android:name="android.permission.ACCESS_ADSERVICES_AD_ID" />
69-->[com.google.android.gms:play-services-ads-lite:23.6.0] /opt/gradle/.gradle/caches/9.3.1/transforms/346e18c4331dfef1907bc7989d434b6a/transformed/play-services-ads-lite-23.6.0/AndroidManifest.xml:27:5-82
69-->[com.google.android.gms:play-services-ads-lite:23.6.0] /opt/gradle/.gradle/caches/9.3.1/transforms/346e18c4331dfef1907bc7989d434b6a/transformed/play-services-ads-lite-23.6.0/AndroidManifest.xml:27:22-79
70    <uses-permission android:name="android.permission.ACCESS_ADSERVICES_ATTRIBUTION" />
70-->[com.google.android.gms:play-services-ads-lite:23.6.0] /opt/gradle/.gradle/caches/9.3.1/transforms/346e18c4331dfef1907bc7989d434b6a/transformed/play-services-ads-lite-23.6.0/AndroidManifest.xml:28:5-88
70-->[com.google.android.gms:play-services-ads-lite:23.6.0] /opt/gradle/.gradle/caches/9.3.1/transforms/346e18c4331dfef1907bc7989d434b6a/transformed/play-services-ads-lite-23.6.0/AndroidManifest.xml:28:22-85
71    <uses-permission android:name="android.permission.ACCESS_ADSERVICES_TOPICS" />
71-->[com.google.android.gms:play-services-ads-lite:23.6.0] /opt/gradle/.gradle/caches/9.3.1/transforms/346e18c4331dfef1907bc7989d434b6a/transformed/play-services-ads-lite-23.6.0/AndroidManifest.xml:29:5-83
71-->[com.google.android.gms:play-services-ads-lite:23.6.0] /opt/gradle/.gradle/caches/9.3.1/transforms/346e18c4331dfef1907bc7989d434b6a/transformed/play-services-ads-lite-23.6.0/AndroidManifest.xml:29:22-80
72    <uses-permission android:name="com.google.android.finsky.permission.BIND_GET_INSTALL_REFERRER_SERVICE" />
72-->[com.google.android.gms:play-services-measurement:23.2.0] /opt/gradle/.gradle/caches/9.3.1/transforms/f93ffe78d70335f8dfa07dd8c38049d4/transformed/play-services-measurement-23.2.0/AndroidManifest.xml:26:5-110
72-->[com.google.android.gms:play-services-measurement:23.2.0] /opt/gradle/.gradle/caches/9.3.1/transforms/f93ffe78d70335f8dfa07dd8c38049d4/transformed/play-services-measurement-23.2.0/AndroidManifest.xml:26:22-107
73    <uses-permission android:name="com.google.android.providers.gsf.permission.READ_GSERVICES" />
73-->[com.google.android.recaptcha:recaptcha:18.7.1] /opt/gradle/.gradle/caches/9.3.1/transforms/bdb7ed574ad9195272839b9ba455164f/transformed/recaptcha-18.7.1/AndroidManifest.xml:9:5-98
73-->[com.google.android.recaptcha:recaptcha:18.7.1] /opt/gradle/.gradle/caches/9.3.1/transforms/bdb7ed574ad9195272839b9ba455164f/transformed/recaptcha-18.7.1/AndroidManifest.xml:9:22-95
74    <uses-permission android:name="android.permission.FOREGROUND_SERVICE" />
74-->[androidx.work:work-runtime:2.7.0] /opt/gradle/.gradle/caches/9.3.1/transforms/3ff733eac02195902d9d6bae8fbb1d14/transformed/work-runtime-2.7.0/AndroidManifest.xml:28:5-77
74-->[androidx.work:work-runtime:2.7.0] /opt/gradle/.gradle/caches/9.3.1/transforms/3ff733eac02195902d9d6bae8fbb1d14/transformed/work-runtime-2.7.0/AndroidManifest.xml:28:22-74
75
76    <permission
76-->[androidx.core:core:1.18.0] /opt/gradle/.gradle/caches/9.3.1/transforms/d3f37363bafa811486fa8d81bbaa15ab/transformed/core-1.18.0/AndroidManifest.xml:22:5-24:47
77        android:name="com.mcc.qivo.DYNAMIC_RECEIVER_NOT_EXPORTED_PERMISSION"
77-->[androidx.core:core:1.18.0] /opt/gradle/.gradle/caches/9.3.1/transforms/d3f37363bafa811486fa8d81bbaa15ab/transformed/core-1.18.0/AndroidManifest.xml:23:9-81
78        android:protectionLevel="signature" />
78-->[androidx.core:core:1.18.0] /opt/gradle/.gradle/caches/9.3.1/transforms/d3f37363bafa811486fa8d81bbaa15ab/transformed/core-1.18.0/AndroidManifest.xml:24:9-44
79
80    <uses-permission android:name="com.mcc.qivo.DYNAMIC_RECEIVER_NOT_EXPORTED_PERMISSION" />
80-->[androidx.core:core:1.18.0] /opt/gradle/.gradle/caches/9.3.1/transforms/d3f37363bafa811486fa8d81bbaa15ab/transformed/core-1.18.0/AndroidManifest.xml:26:5-97
80-->[androidx.core:core:1.18.0] /opt/gradle/.gradle/caches/9.3.1/transforms/d3f37363bafa811486fa8d81bbaa15ab/transformed/core-1.18.0/AndroidManifest.xml:26:22-94
81
82    <application
82-->/app/applet/app/src/main/AndroidManifest.xml:19:5-81:19
83        android:name="com.example.QivoApplication"
83-->/app/applet/app/src/main/AndroidManifest.xml:20:9-40
84        android:allowBackup="false"
84-->/app/applet/app/src/main/AndroidManifest.xml:21:9-36
85        android:appComponentFactory="androidx.core.app.CoreComponentFactory"
85-->[androidx.core:core:1.18.0] /opt/gradle/.gradle/caches/9.3.1/transforms/d3f37363bafa811486fa8d81bbaa15ab/transformed/core-1.18.0/AndroidManifest.xml:28:18-86
86        android:dataExtractionRules="@xml/data_extraction_rules"
86-->/app/applet/app/src/main/AndroidManifest.xml:22:9-65
87        android:extractNativeLibs="false"
87-->INJECTED
88        android:fullBackupContent="@xml/backup_rules"
88-->/app/applet/app/src/main/AndroidManifest.xml:23:9-54
89        android:icon="@mipmap/ic_launcher"
89-->/app/applet/app/src/main/AndroidManifest.xml:24:9-43
90        android:label="@string/app_name"
90-->/app/applet/app/src/main/AndroidManifest.xml:25:9-41
91        android:roundIcon="@mipmap/ic_launcher_round"
91-->/app/applet/app/src/main/AndroidManifest.xml:26:9-54
92        android:supportsRtl="true"
92-->/app/applet/app/src/main/AndroidManifest.xml:27:9-35
93        android:theme="@style/Theme.MyApplication" >
93-->/app/applet/app/src/main/AndroidManifest.xml:28:9-51
94
95        <!-- Google AdMob Application ID -->
96        <meta-data
96-->/app/applet/app/src/main/AndroidManifest.xml:31:9-33:70
97            android:name="com.google.android.gms.ads.APPLICATION_ID"
97-->/app/applet/app/src/main/AndroidManifest.xml:32:13-69
98            android:value="ca-app-pub-6650386020805853~8560266813" />
98-->/app/applet/app/src/main/AndroidManifest.xml:33:13-67
99
100        <!-- Firebase Push Notification Default Styling -->
101        <meta-data
101-->/app/applet/app/src/main/AndroidManifest.xml:36:9-38:60
102            android:name="com.google.firebase.messaging.default_notification_icon"
102-->/app/applet/app/src/main/AndroidManifest.xml:37:13-83
103            android:resource="@drawable/ic_notification" />
103-->/app/applet/app/src/main/AndroidManifest.xml:38:13-57
104        <meta-data
104-->/app/applet/app/src/main/AndroidManifest.xml:39:9-41:53
105            android:name="com.google.firebase.messaging.default_notification_color"
105-->/app/applet/app/src/main/AndroidManifest.xml:40:13-84
106            android:resource="@color/qivo_orange" />
106-->/app/applet/app/src/main/AndroidManifest.xml:41:13-50
107
108        <activity
108-->/app/applet/app/src/main/AndroidManifest.xml:43:9-72:20
109            android:name="com.example.MainActivity"
109-->/app/applet/app/src/main/AndroidManifest.xml:44:13-41
110            android:exported="true"
110-->/app/applet/app/src/main/AndroidManifest.xml:45:13-36
111            android:label="@string/app_name"
111-->/app/applet/app/src/main/AndroidManifest.xml:49:13-45
112            android:launchMode="singleTask"
112-->/app/applet/app/src/main/AndroidManifest.xml:46:13-44
113            android:taskAffinity=""
113-->/app/applet/app/src/main/AndroidManifest.xml:48:13-36
114            android:theme="@style/Theme.MyApplication"
114-->/app/applet/app/src/main/AndroidManifest.xml:50:13-55
115            android:windowSoftInputMode="adjustResize" >
115-->/app/applet/app/src/main/AndroidManifest.xml:47:13-55
116            <intent-filter>
116-->/app/applet/app/src/main/AndroidManifest.xml:51:13-55:29
117                <action android:name="android.intent.action.MAIN" />
117-->/app/applet/app/src/main/AndroidManifest.xml:52:17-69
117-->/app/applet/app/src/main/AndroidManifest.xml:52:25-66
118
119                <category android:name="android.intent.category.LAUNCHER" />
119-->/app/applet/app/src/main/AndroidManifest.xml:54:17-77
119-->/app/applet/app/src/main/AndroidManifest.xml:54:27-74
120            </intent-filter>
121
122            <!-- Supabase OAuth Google Sign-In Deep Link Callback -->
123            <intent-filter>
123-->/app/applet/app/src/main/AndroidManifest.xml:58:13-71:29
124                <action android:name="android.intent.action.VIEW" />
124-->/app/applet/app/src/main/AndroidManifest.xml:59:17-69
124-->/app/applet/app/src/main/AndroidManifest.xml:59:25-66
125
126                <category android:name="android.intent.category.DEFAULT" />
126-->/app/applet/app/src/main/AndroidManifest.xml:60:17-76
126-->/app/applet/app/src/main/AndroidManifest.xml:60:27-73
127                <category android:name="android.intent.category.BROWSABLE" />
127-->/app/applet/app/src/main/AndroidManifest.xml:61:17-78
127-->/app/applet/app/src/main/AndroidManifest.xml:61:27-75
128
129                <data
129-->/app/applet/app/src/main/AndroidManifest.xml:62:17-64:44
130                    android:host="login"
130-->/app/applet/app/src/main/AndroidManifest.xml:64:21-41
131                    android:scheme="qivo" />
131-->/app/applet/app/src/main/AndroidManifest.xml:63:21-42
132                <data
132-->/app/applet/app/src/main/AndroidManifest.xml:62:17-64:44
133                    android:host="auth"
133-->/app/applet/app/src/main/AndroidManifest.xml:64:21-41
134                    android:scheme="qivo" />
134-->/app/applet/app/src/main/AndroidManifest.xml:63:21-42
135                <data
135-->/app/applet/app/src/main/AndroidManifest.xml:62:17-64:44
136                    android:host="callback"
136-->/app/applet/app/src/main/AndroidManifest.xml:64:21-41
137                    android:scheme="qivo" />
137-->/app/applet/app/src/main/AndroidManifest.xml:63:21-42
138            </intent-filter>
139        </activity>
140
141        <service
141-->/app/applet/app/src/main/AndroidManifest.xml:74:9-80:19
142            android:name="com.example.data.QivoFirebaseMessagingService"
142-->/app/applet/app/src/main/AndroidManifest.xml:75:13-62
143            android:exported="false" >
143-->/app/applet/app/src/main/AndroidManifest.xml:76:13-37
144            <intent-filter>
144-->/app/applet/app/src/main/AndroidManifest.xml:77:13-79:29
145                <action android:name="com.google.firebase.MESSAGING_EVENT" />
145-->/app/applet/app/src/main/AndroidManifest.xml:78:17-78
145-->/app/applet/app/src/main/AndroidManifest.xml:78:25-75
146            </intent-filter>
147        </service>
148        <service
148-->[androidx.camera:camera-camera2:1.5.0] /opt/gradle/.gradle/caches/9.3.1/transforms/c43e6efe870816d9c5ae86e198501dca/transformed/camera-camera2-1.5.0/AndroidManifest.xml:24:9-33:19
149            android:name="androidx.camera.core.impl.MetadataHolderService"
149-->[androidx.camera:camera-camera2:1.5.0] /opt/gradle/.gradle/caches/9.3.1/transforms/c43e6efe870816d9c5ae86e198501dca/transformed/camera-camera2-1.5.0/AndroidManifest.xml:25:13-75
150            android:enabled="false"
150-->[androidx.camera:camera-camera2:1.5.0] /opt/gradle/.gradle/caches/9.3.1/transforms/c43e6efe870816d9c5ae86e198501dca/transformed/camera-camera2-1.5.0/AndroidManifest.xml:26:13-36
151            android:exported="false" >
151-->[androidx.camera:camera-camera2:1.5.0] /opt/gradle/.gradle/caches/9.3.1/transforms/c43e6efe870816d9c5ae86e198501dca/transformed/camera-camera2-1.5.0/AndroidManifest.xml:27:13-37
152            <meta-data
152-->[androidx.camera:camera-camera2:1.5.0] /opt/gradle/.gradle/caches/9.3.1/transforms/c43e6efe870816d9c5ae86e198501dca/transformed/camera-camera2-1.5.0/AndroidManifest.xml:30:13-32:89
153                android:name="androidx.camera.core.impl.MetadataHolderService.DEFAULT_CONFIG_PROVIDER"
153-->[androidx.camera:camera-camera2:1.5.0] /opt/gradle/.gradle/caches/9.3.1/transforms/c43e6efe870816d9c5ae86e198501dca/transformed/camera-camera2-1.5.0/AndroidManifest.xml:31:17-103
154                android:value="androidx.camera.camera2.Camera2Config$DefaultProvider" />
154-->[androidx.camera:camera-camera2:1.5.0] /opt/gradle/.gradle/caches/9.3.1/transforms/c43e6efe870816d9c5ae86e198501dca/transformed/camera-camera2-1.5.0/AndroidManifest.xml:32:17-86
155        </service>
156        <service
156-->[androidx.credentials:credentials-play-services-auth:1.5.0] /opt/gradle/.gradle/caches/9.3.1/transforms/58861c62347aa349576b37b0ba6e3cbb/transformed/credentials-play-services-auth-1.5.0/AndroidManifest.xml:24:9-32:19
157            android:name="androidx.credentials.playservices.CredentialProviderMetadataHolder"
157-->[androidx.credentials:credentials-play-services-auth:1.5.0] /opt/gradle/.gradle/caches/9.3.1/transforms/58861c62347aa349576b37b0ba6e3cbb/transformed/credentials-play-services-auth-1.5.0/AndroidManifest.xml:25:13-94
158            android:enabled="true"
158-->[androidx.credentials:credentials-play-services-auth:1.5.0] /opt/gradle/.gradle/caches/9.3.1/transforms/58861c62347aa349576b37b0ba6e3cbb/transformed/credentials-play-services-auth-1.5.0/AndroidManifest.xml:26:13-35
159            android:exported="false" >
159-->[androidx.credentials:credentials-play-services-auth:1.5.0] /opt/gradle/.gradle/caches/9.3.1/transforms/58861c62347aa349576b37b0ba6e3cbb/transformed/credentials-play-services-auth-1.5.0/AndroidManifest.xml:27:13-37
160            <meta-data
160-->[androidx.credentials:credentials-play-services-auth:1.5.0] /opt/gradle/.gradle/caches/9.3.1/transforms/58861c62347aa349576b37b0ba6e3cbb/transformed/credentials-play-services-auth-1.5.0/AndroidManifest.xml:29:13-31:104
161                android:name="androidx.credentials.CREDENTIAL_PROVIDER_KEY"
161-->[androidx.credentials:credentials-play-services-auth:1.5.0] /opt/gradle/.gradle/caches/9.3.1/transforms/58861c62347aa349576b37b0ba6e3cbb/transformed/credentials-play-services-auth-1.5.0/AndroidManifest.xml:30:17-76
162                android:value="androidx.credentials.playservices.CredentialProviderPlayServicesImpl" />
162-->[androidx.credentials:credentials-play-services-auth:1.5.0] /opt/gradle/.gradle/caches/9.3.1/transforms/58861c62347aa349576b37b0ba6e3cbb/transformed/credentials-play-services-auth-1.5.0/AndroidManifest.xml:31:17-101
163        </service>
164
165        <activity
165-->[androidx.credentials:credentials-play-services-auth:1.5.0] /opt/gradle/.gradle/caches/9.3.1/transforms/58861c62347aa349576b37b0ba6e3cbb/transformed/credentials-play-services-auth-1.5.0/AndroidManifest.xml:34:9-41:20
166            android:name="androidx.credentials.playservices.HiddenActivity"
166-->[androidx.credentials:credentials-play-services-auth:1.5.0] /opt/gradle/.gradle/caches/9.3.1/transforms/58861c62347aa349576b37b0ba6e3cbb/transformed/credentials-play-services-auth-1.5.0/AndroidManifest.xml:35:13-76
167            android:configChanges="orientation|screenSize|screenLayout|keyboardHidden"
167-->[androidx.credentials:credentials-play-services-auth:1.5.0] /opt/gradle/.gradle/caches/9.3.1/transforms/58861c62347aa349576b37b0ba6e3cbb/transformed/credentials-play-services-auth-1.5.0/AndroidManifest.xml:36:13-87
168            android:enabled="true"
168-->[androidx.credentials:credentials-play-services-auth:1.5.0] /opt/gradle/.gradle/caches/9.3.1/transforms/58861c62347aa349576b37b0ba6e3cbb/transformed/credentials-play-services-auth-1.5.0/AndroidManifest.xml:37:13-35
169            android:exported="false"
169-->[androidx.credentials:credentials-play-services-auth:1.5.0] /opt/gradle/.gradle/caches/9.3.1/transforms/58861c62347aa349576b37b0ba6e3cbb/transformed/credentials-play-services-auth-1.5.0/AndroidManifest.xml:38:13-37
170            android:fitsSystemWindows="true"
170-->[androidx.credentials:credentials-play-services-auth:1.5.0] /opt/gradle/.gradle/caches/9.3.1/transforms/58861c62347aa349576b37b0ba6e3cbb/transformed/credentials-play-services-auth-1.5.0/AndroidManifest.xml:39:13-45
171            android:theme="@style/Theme.Hidden" >
171-->[androidx.credentials:credentials-play-services-auth:1.5.0] /opt/gradle/.gradle/caches/9.3.1/transforms/58861c62347aa349576b37b0ba6e3cbb/transformed/credentials-play-services-auth-1.5.0/AndroidManifest.xml:40:13-48
172        </activity>
173        <activity
173-->[androidx.credentials:credentials-play-services-auth:1.5.0] /opt/gradle/.gradle/caches/9.3.1/transforms/58861c62347aa349576b37b0ba6e3cbb/transformed/credentials-play-services-auth-1.5.0/AndroidManifest.xml:42:9-49:20
174            android:name="androidx.credentials.playservices.IdentityCredentialApiHiddenActivity"
174-->[androidx.credentials:credentials-play-services-auth:1.5.0] /opt/gradle/.gradle/caches/9.3.1/transforms/58861c62347aa349576b37b0ba6e3cbb/transformed/credentials-play-services-auth-1.5.0/AndroidManifest.xml:43:13-97
175            android:configChanges="orientation|screenSize|screenLayout|keyboardHidden"
175-->[androidx.credentials:credentials-play-services-auth:1.5.0] /opt/gradle/.gradle/caches/9.3.1/transforms/58861c62347aa349576b37b0ba6e3cbb/transformed/credentials-play-services-auth-1.5.0/AndroidManifest.xml:44:13-87
176            android:enabled="true"
176-->[androidx.credentials:credentials-play-services-auth:1.5.0] /opt/gradle/.gradle/caches/9.3.1/transforms/58861c62347aa349576b37b0ba6e3cbb/transformed/credentials-play-services-auth-1.5.0/AndroidManifest.xml:45:13-35
177            android:exported="false"
177-->[androidx.credentials:credentials-play-services-auth:1.5.0] /opt/gradle/.gradle/caches/9.3.1/transforms/58861c62347aa349576b37b0ba6e3cbb/transformed/credentials-play-services-auth-1.5.0/AndroidManifest.xml:46:13-37
178            android:fitsSystemWindows="true"
178-->[androidx.credentials:credentials-play-services-auth:1.5.0] /opt/gradle/.gradle/caches/9.3.1/transforms/58861c62347aa349576b37b0ba6e3cbb/transformed/credentials-play-services-auth-1.5.0/AndroidManifest.xml:47:13-45
179            android:theme="@style/Theme.Hidden" >
179-->[androidx.credentials:credentials-play-services-auth:1.5.0] /opt/gradle/.gradle/caches/9.3.1/transforms/58861c62347aa349576b37b0ba6e3cbb/transformed/credentials-play-services-auth-1.5.0/AndroidManifest.xml:48:13-48
180        </activity>
181
182        <meta-data
182-->[com.android.billingclient:billing:7.1.1] /opt/gradle/.gradle/caches/9.3.1/transforms/68d40185e7d8c47fb602f516ee74b661/transformed/billing-7.1.1/AndroidManifest.xml:22:9-24:37
183            android:name="com.google.android.play.billingclient.version"
183-->[com.android.billingclient:billing:7.1.1] /opt/gradle/.gradle/caches/9.3.1/transforms/68d40185e7d8c47fb602f516ee74b661/transformed/billing-7.1.1/AndroidManifest.xml:23:13-73
184            android:value="7.1.1" />
184-->[com.android.billingclient:billing:7.1.1] /opt/gradle/.gradle/caches/9.3.1/transforms/68d40185e7d8c47fb602f516ee74b661/transformed/billing-7.1.1/AndroidManifest.xml:24:13-34
185
186        <activity
186-->[com.android.billingclient:billing:7.1.1] /opt/gradle/.gradle/caches/9.3.1/transforms/68d40185e7d8c47fb602f516ee74b661/transformed/billing-7.1.1/AndroidManifest.xml:26:9-30:75
187            android:name="com.android.billingclient.api.ProxyBillingActivity"
187-->[com.android.billingclient:billing:7.1.1] /opt/gradle/.gradle/caches/9.3.1/transforms/68d40185e7d8c47fb602f516ee74b661/transformed/billing-7.1.1/AndroidManifest.xml:27:13-78
188            android:configChanges="keyboard|keyboardHidden|screenLayout|screenSize|orientation"
188-->[com.android.billingclient:billing:7.1.1] /opt/gradle/.gradle/caches/9.3.1/transforms/68d40185e7d8c47fb602f516ee74b661/transformed/billing-7.1.1/AndroidManifest.xml:28:13-96
189            android:exported="false"
189-->[com.android.billingclient:billing:7.1.1] /opt/gradle/.gradle/caches/9.3.1/transforms/68d40185e7d8c47fb602f516ee74b661/transformed/billing-7.1.1/AndroidManifest.xml:29:13-37
190            android:theme="@android:style/Theme.Translucent.NoTitleBar" />
190-->[com.android.billingclient:billing:7.1.1] /opt/gradle/.gradle/caches/9.3.1/transforms/68d40185e7d8c47fb602f516ee74b661/transformed/billing-7.1.1/AndroidManifest.xml:30:13-72
191        <activity
191-->[com.android.billingclient:billing:7.1.1] /opt/gradle/.gradle/caches/9.3.1/transforms/68d40185e7d8c47fb602f516ee74b661/transformed/billing-7.1.1/AndroidManifest.xml:31:9-35:75
192            android:name="com.android.billingclient.api.ProxyBillingActivityV2"
192-->[com.android.billingclient:billing:7.1.1] /opt/gradle/.gradle/caches/9.3.1/transforms/68d40185e7d8c47fb602f516ee74b661/transformed/billing-7.1.1/AndroidManifest.xml:32:13-80
193            android:configChanges="keyboard|keyboardHidden|screenLayout|screenSize|orientation"
193-->[com.android.billingclient:billing:7.1.1] /opt/gradle/.gradle/caches/9.3.1/transforms/68d40185e7d8c47fb602f516ee74b661/transformed/billing-7.1.1/AndroidManifest.xml:33:13-96
194            android:exported="false"
194-->[com.android.billingclient:billing:7.1.1] /opt/gradle/.gradle/caches/9.3.1/transforms/68d40185e7d8c47fb602f516ee74b661/transformed/billing-7.1.1/AndroidManifest.xml:34:13-37
195            android:theme="@android:style/Theme.Translucent.NoTitleBar" />
195-->[com.android.billingclient:billing:7.1.1] /opt/gradle/.gradle/caches/9.3.1/transforms/68d40185e7d8c47fb602f516ee74b661/transformed/billing-7.1.1/AndroidManifest.xml:35:13-72
196        <activity
196-->[com.google.android.gms:play-services-auth:21.1.1] /opt/gradle/.gradle/caches/9.3.1/transforms/17a69e78c620b8663fa56d1e0c121e14/transformed/play-services-auth-21.1.1/AndroidManifest.xml:23:9-27:75
197            android:name="com.google.android.gms.auth.api.signin.internal.SignInHubActivity"
197-->[com.google.android.gms:play-services-auth:21.1.1] /opt/gradle/.gradle/caches/9.3.1/transforms/17a69e78c620b8663fa56d1e0c121e14/transformed/play-services-auth-21.1.1/AndroidManifest.xml:24:13-93
198            android:excludeFromRecents="true"
198-->[com.google.android.gms:play-services-auth:21.1.1] /opt/gradle/.gradle/caches/9.3.1/transforms/17a69e78c620b8663fa56d1e0c121e14/transformed/play-services-auth-21.1.1/AndroidManifest.xml:25:13-46
199            android:exported="false"
199-->[com.google.android.gms:play-services-auth:21.1.1] /opt/gradle/.gradle/caches/9.3.1/transforms/17a69e78c620b8663fa56d1e0c121e14/transformed/play-services-auth-21.1.1/AndroidManifest.xml:26:13-37
200            android:theme="@android:style/Theme.Translucent.NoTitleBar" />
200-->[com.google.android.gms:play-services-auth:21.1.1] /opt/gradle/.gradle/caches/9.3.1/transforms/17a69e78c620b8663fa56d1e0c121e14/transformed/play-services-auth-21.1.1/AndroidManifest.xml:27:13-72
201        <!--
202            Service handling Google Sign-In user revocation. For apps that do not integrate with
203            Google Sign-In, this service will never be started.
204        -->
205        <service
205-->[com.google.android.gms:play-services-auth:21.1.1] /opt/gradle/.gradle/caches/9.3.1/transforms/17a69e78c620b8663fa56d1e0c121e14/transformed/play-services-auth-21.1.1/AndroidManifest.xml:33:9-37:51
206            android:name="com.google.android.gms.auth.api.signin.RevocationBoundService"
206-->[com.google.android.gms:play-services-auth:21.1.1] /opt/gradle/.gradle/caches/9.3.1/transforms/17a69e78c620b8663fa56d1e0c121e14/transformed/play-services-auth-21.1.1/AndroidManifest.xml:34:13-89
207            android:exported="true"
207-->[com.google.android.gms:play-services-auth:21.1.1] /opt/gradle/.gradle/caches/9.3.1/transforms/17a69e78c620b8663fa56d1e0c121e14/transformed/play-services-auth-21.1.1/AndroidManifest.xml:35:13-36
208            android:permission="com.google.android.gms.auth.api.signin.permission.REVOCATION_NOTIFICATION"
208-->[com.google.android.gms:play-services-auth:21.1.1] /opt/gradle/.gradle/caches/9.3.1/transforms/17a69e78c620b8663fa56d1e0c121e14/transformed/play-services-auth-21.1.1/AndroidManifest.xml:36:13-107
209            android:visibleToInstantApps="true" />
209-->[com.google.android.gms:play-services-auth:21.1.1] /opt/gradle/.gradle/caches/9.3.1/transforms/17a69e78c620b8663fa56d1e0c121e14/transformed/play-services-auth-21.1.1/AndroidManifest.xml:37:13-48
210
211        <receiver
211-->[com.google.firebase:firebase-messaging:25.1.0] /opt/gradle/.gradle/caches/9.3.1/transforms/db648456d10757da406477e03f1c7b17/transformed/firebase-messaging-25.1.0/AndroidManifest.xml:29:9-40:20
212            android:name="com.google.firebase.iid.FirebaseInstanceIdReceiver"
212-->[com.google.firebase:firebase-messaging:25.1.0] /opt/gradle/.gradle/caches/9.3.1/transforms/db648456d10757da406477e03f1c7b17/transformed/firebase-messaging-25.1.0/AndroidManifest.xml:30:13-78
213            android:exported="true"
213-->[com.google.firebase:firebase-messaging:25.1.0] /opt/gradle/.gradle/caches/9.3.1/transforms/db648456d10757da406477e03f1c7b17/transformed/firebase-messaging-25.1.0/AndroidManifest.xml:31:13-36
214            android:permission="com.google.android.c2dm.permission.SEND" >
214-->[com.google.firebase:firebase-messaging:25.1.0] /opt/gradle/.gradle/caches/9.3.1/transforms/db648456d10757da406477e03f1c7b17/transformed/firebase-messaging-25.1.0/AndroidManifest.xml:32:13-73
215            <intent-filter>
215-->[com.google.firebase:firebase-messaging:25.1.0] /opt/gradle/.gradle/caches/9.3.1/transforms/db648456d10757da406477e03f1c7b17/transformed/firebase-messaging-25.1.0/AndroidManifest.xml:33:13-35:29
216                <action android:name="com.google.android.c2dm.intent.RECEIVE" />
216-->[com.google.firebase:firebase-messaging:25.1.0] /opt/gradle/.gradle/caches/9.3.1/transforms/db648456d10757da406477e03f1c7b17/transformed/firebase-messaging-25.1.0/AndroidManifest.xml:34:17-81
216-->[com.google.firebase:firebase-messaging:25.1.0] /opt/gradle/.gradle/caches/9.3.1/transforms/db648456d10757da406477e03f1c7b17/transformed/firebase-messaging-25.1.0/AndroidManifest.xml:34:25-78
217            </intent-filter>
218
219            <meta-data
219-->[com.google.firebase:firebase-messaging:25.1.0] /opt/gradle/.gradle/caches/9.3.1/transforms/db648456d10757da406477e03f1c7b17/transformed/firebase-messaging-25.1.0/AndroidManifest.xml:37:13-39:40
220                android:name="com.google.android.gms.cloudmessaging.FINISHED_AFTER_HANDLED"
220-->[com.google.firebase:firebase-messaging:25.1.0] /opt/gradle/.gradle/caches/9.3.1/transforms/db648456d10757da406477e03f1c7b17/transformed/firebase-messaging-25.1.0/AndroidManifest.xml:38:17-92
221                android:value="true" />
221-->[com.google.firebase:firebase-messaging:25.1.0] /opt/gradle/.gradle/caches/9.3.1/transforms/db648456d10757da406477e03f1c7b17/transformed/firebase-messaging-25.1.0/AndroidManifest.xml:39:17-37
222        </receiver>
223        <!--
224             FirebaseMessagingService performs security checks at runtime,
225             but set to not exported to explicitly avoid allowing another app to call it.
226        -->
227        <service
227-->[com.google.firebase:firebase-messaging:25.1.0] /opt/gradle/.gradle/caches/9.3.1/transforms/db648456d10757da406477e03f1c7b17/transformed/firebase-messaging-25.1.0/AndroidManifest.xml:46:9-53:19
228            android:name="com.google.firebase.messaging.FirebaseMessagingService"
228-->[com.google.firebase:firebase-messaging:25.1.0] /opt/gradle/.gradle/caches/9.3.1/transforms/db648456d10757da406477e03f1c7b17/transformed/firebase-messaging-25.1.0/AndroidManifest.xml:47:13-82
229            android:directBootAware="true"
229-->[com.google.firebase:firebase-messaging:25.1.0] /opt/gradle/.gradle/caches/9.3.1/transforms/db648456d10757da406477e03f1c7b17/transformed/firebase-messaging-25.1.0/AndroidManifest.xml:48:13-43
230            android:exported="false" >
230-->[com.google.firebase:firebase-messaging:25.1.0] /opt/gradle/.gradle/caches/9.3.1/transforms/db648456d10757da406477e03f1c7b17/transformed/firebase-messaging-25.1.0/AndroidManifest.xml:49:13-37
231            <intent-filter android:priority="-500" >
231-->/app/applet/app/src/main/AndroidManifest.xml:77:13-79:29
232                <action android:name="com.google.firebase.MESSAGING_EVENT" />
232-->/app/applet/app/src/main/AndroidManifest.xml:78:17-78
232-->/app/applet/app/src/main/AndroidManifest.xml:78:25-75
233            </intent-filter>
234        </service>
235        <service
235-->[com.google.firebase:firebase-messaging:25.1.0] /opt/gradle/.gradle/caches/9.3.1/transforms/db648456d10757da406477e03f1c7b17/transformed/firebase-messaging-25.1.0/AndroidManifest.xml:54:9-63:19
236            android:name="com.google.firebase.components.ComponentDiscoveryService"
236-->[com.google.firebase:firebase-messaging:25.1.0] /opt/gradle/.gradle/caches/9.3.1/transforms/db648456d10757da406477e03f1c7b17/transformed/firebase-messaging-25.1.0/AndroidManifest.xml:55:13-84
237            android:directBootAware="true"
237-->[com.google.firebase:firebase-common:22.1.0] /opt/gradle/.gradle/caches/9.3.1/transforms/caddafb2e84112c2aae7aa5c583c36a4/transformed/firebase-common-22.1.0/AndroidManifest.xml:32:13-43
238            android:exported="false" >
238-->[com.google.firebase:firebase-messaging:25.1.0] /opt/gradle/.gradle/caches/9.3.1/transforms/db648456d10757da406477e03f1c7b17/transformed/firebase-messaging-25.1.0/AndroidManifest.xml:56:13-37
239            <meta-data
239-->[com.google.firebase:firebase-messaging:25.1.0] /opt/gradle/.gradle/caches/9.3.1/transforms/db648456d10757da406477e03f1c7b17/transformed/firebase-messaging-25.1.0/AndroidManifest.xml:57:13-59:85
240                android:name="com.google.firebase.components:com.google.firebase.messaging.FirebaseMessagingKtxRegistrar"
240-->[com.google.firebase:firebase-messaging:25.1.0] /opt/gradle/.gradle/caches/9.3.1/transforms/db648456d10757da406477e03f1c7b17/transformed/firebase-messaging-25.1.0/AndroidManifest.xml:58:17-122
241                android:value="com.google.firebase.components.ComponentRegistrar" />
241-->[com.google.firebase:firebase-messaging:25.1.0] /opt/gradle/.gradle/caches/9.3.1/transforms/db648456d10757da406477e03f1c7b17/transformed/firebase-messaging-25.1.0/AndroidManifest.xml:59:17-82
242            <meta-data
242-->[com.google.firebase:firebase-messaging:25.1.0] /opt/gradle/.gradle/caches/9.3.1/transforms/db648456d10757da406477e03f1c7b17/transformed/firebase-messaging-25.1.0/AndroidManifest.xml:60:13-62:85
243                android:name="com.google.firebase.components:com.google.firebase.messaging.FirebaseMessagingRegistrar"
243-->[com.google.firebase:firebase-messaging:25.1.0] /opt/gradle/.gradle/caches/9.3.1/transforms/db648456d10757da406477e03f1c7b17/transformed/firebase-messaging-25.1.0/AndroidManifest.xml:61:17-119
244                android:value="com.google.firebase.components.ComponentRegistrar" />
244-->[com.google.firebase:firebase-messaging:25.1.0] /opt/gradle/.gradle/caches/9.3.1/transforms/db648456d10757da406477e03f1c7b17/transformed/firebase-messaging-25.1.0/AndroidManifest.xml:62:17-82
245            <meta-data
245-->[com.google.android.gms:play-services-measurement-api:23.2.0] /opt/gradle/.gradle/caches/9.3.1/transforms/8811e1f0715aee9e8ff468d303de84b4/transformed/play-services-measurement-api-23.2.0/AndroidManifest.xml:33:13-35:85
246                android:name="com.google.firebase.components:com.google.firebase.analytics.connector.internal.AnalyticsConnectorRegistrar"
246-->[com.google.android.gms:play-services-measurement-api:23.2.0] /opt/gradle/.gradle/caches/9.3.1/transforms/8811e1f0715aee9e8ff468d303de84b4/transformed/play-services-measurement-api-23.2.0/AndroidManifest.xml:34:17-139
247                android:value="com.google.firebase.components.ComponentRegistrar" />
247-->[com.google.android.gms:play-services-measurement-api:23.2.0] /opt/gradle/.gradle/caches/9.3.1/transforms/8811e1f0715aee9e8ff468d303de84b4/transformed/play-services-measurement-api-23.2.0/AndroidManifest.xml:35:17-82
248            <meta-data
248-->[com.google.firebase:firebase-appcheck-recaptcha:19.0.0] /opt/gradle/.gradle/caches/9.3.1/transforms/5add79c0cb209f902bf8ea53617a0cd8/transformed/firebase-appcheck-recaptcha-19.0.0/AndroidManifest.xml:24:13-26:85
249                android:name="com.google.firebase.components:com.google.firebase.appcheck.recaptcha.FirebaseAppCheckRecaptchaRegistrar"
249-->[com.google.firebase:firebase-appcheck-recaptcha:19.0.0] /opt/gradle/.gradle/caches/9.3.1/transforms/5add79c0cb209f902bf8ea53617a0cd8/transformed/firebase-appcheck-recaptcha-19.0.0/AndroidManifest.xml:25:17-136
250                android:value="com.google.firebase.components.ComponentRegistrar" />
250-->[com.google.firebase:firebase-appcheck-recaptcha:19.0.0] /opt/gradle/.gradle/caches/9.3.1/transforms/5add79c0cb209f902bf8ea53617a0cd8/transformed/firebase-appcheck-recaptcha-19.0.0/AndroidManifest.xml:26:17-82
251            <meta-data
251-->[com.google.firebase:firebase-ai:17.13.0] /opt/gradle/.gradle/caches/9.3.1/transforms/55e2ba82d3db87f268ff23d603e5cb89/transformed/firebase-ai-17.13.0/AndroidManifest.xml:31:13-33:85
252                android:name="com.google.firebase.components:com.google.firebase.ai.FirebaseAIRegistrar"
252-->[com.google.firebase:firebase-ai:17.13.0] /opt/gradle/.gradle/caches/9.3.1/transforms/55e2ba82d3db87f268ff23d603e5cb89/transformed/firebase-ai-17.13.0/AndroidManifest.xml:32:17-105
253                android:value="com.google.firebase.components.ComponentRegistrar" />
253-->[com.google.firebase:firebase-ai:17.13.0] /opt/gradle/.gradle/caches/9.3.1/transforms/55e2ba82d3db87f268ff23d603e5cb89/transformed/firebase-ai-17.13.0/AndroidManifest.xml:33:17-82
254            <meta-data
254-->[com.google.firebase:firebase-appcheck:19.2.0] /opt/gradle/.gradle/caches/9.3.1/transforms/e54ffc2cced87050bf6852c5a565f2df/transformed/firebase-appcheck-19.2.0/AndroidManifest.xml:25:13-27:85
255                android:name="com.google.firebase.components:com.google.firebase.appcheck.FirebaseAppCheckKtxRegistrar"
255-->[com.google.firebase:firebase-appcheck:19.2.0] /opt/gradle/.gradle/caches/9.3.1/transforms/e54ffc2cced87050bf6852c5a565f2df/transformed/firebase-appcheck-19.2.0/AndroidManifest.xml:26:17-120
256                android:value="com.google.firebase.components.ComponentRegistrar" />
256-->[com.google.firebase:firebase-appcheck:19.2.0] /opt/gradle/.gradle/caches/9.3.1/transforms/e54ffc2cced87050bf6852c5a565f2df/transformed/firebase-appcheck-19.2.0/AndroidManifest.xml:27:17-82
257            <meta-data
257-->[com.google.firebase:firebase-appcheck:19.2.0] /opt/gradle/.gradle/caches/9.3.1/transforms/e54ffc2cced87050bf6852c5a565f2df/transformed/firebase-appcheck-19.2.0/AndroidManifest.xml:28:13-30:85
258                android:name="com.google.firebase.components:com.google.firebase.appcheck.FirebaseAppCheckRegistrar"
258-->[com.google.firebase:firebase-appcheck:19.2.0] /opt/gradle/.gradle/caches/9.3.1/transforms/e54ffc2cced87050bf6852c5a565f2df/transformed/firebase-appcheck-19.2.0/AndroidManifest.xml:29:17-117
259                android:value="com.google.firebase.components.ComponentRegistrar" />
259-->[com.google.firebase:firebase-appcheck:19.2.0] /opt/gradle/.gradle/caches/9.3.1/transforms/e54ffc2cced87050bf6852c5a565f2df/transformed/firebase-appcheck-19.2.0/AndroidManifest.xml:30:17-82
260            <meta-data
260-->[com.google.firebase:firebase-installations:19.1.1] /opt/gradle/.gradle/caches/9.3.1/transforms/1b315d2f5dc76cdccaab4725fe4de10f/transformed/firebase-installations-19.1.1/AndroidManifest.xml:15:13-17:85
261                android:name="com.google.firebase.components:com.google.firebase.installations.FirebaseInstallationsKtxRegistrar"
261-->[com.google.firebase:firebase-installations:19.1.1] /opt/gradle/.gradle/caches/9.3.1/transforms/1b315d2f5dc76cdccaab4725fe4de10f/transformed/firebase-installations-19.1.1/AndroidManifest.xml:16:17-130
262                android:value="com.google.firebase.components.ComponentRegistrar" />
262-->[com.google.firebase:firebase-installations:19.1.1] /opt/gradle/.gradle/caches/9.3.1/transforms/1b315d2f5dc76cdccaab4725fe4de10f/transformed/firebase-installations-19.1.1/AndroidManifest.xml:17:17-82
263            <meta-data
263-->[com.google.firebase:firebase-installations:19.1.1] /opt/gradle/.gradle/caches/9.3.1/transforms/1b315d2f5dc76cdccaab4725fe4de10f/transformed/firebase-installations-19.1.1/AndroidManifest.xml:18:13-20:85
264                android:name="com.google.firebase.components:com.google.firebase.installations.FirebaseInstallationsRegistrar"
264-->[com.google.firebase:firebase-installations:19.1.1] /opt/gradle/.gradle/caches/9.3.1/transforms/1b315d2f5dc76cdccaab4725fe4de10f/transformed/firebase-installations-19.1.1/AndroidManifest.xml:19:17-127
265                android:value="com.google.firebase.components.ComponentRegistrar" />
265-->[com.google.firebase:firebase-installations:19.1.1] /opt/gradle/.gradle/caches/9.3.1/transforms/1b315d2f5dc76cdccaab4725fe4de10f/transformed/firebase-installations-19.1.1/AndroidManifest.xml:20:17-82
266            <meta-data
266-->[com.google.firebase:firebase-common:22.1.0] /opt/gradle/.gradle/caches/9.3.1/transforms/caddafb2e84112c2aae7aa5c583c36a4/transformed/firebase-common-22.1.0/AndroidManifest.xml:35:13-37:85
267                android:name="com.google.firebase.components:com.google.firebase.FirebaseCommonKtxRegistrar"
267-->[com.google.firebase:firebase-common:22.1.0] /opt/gradle/.gradle/caches/9.3.1/transforms/caddafb2e84112c2aae7aa5c583c36a4/transformed/firebase-common-22.1.0/AndroidManifest.xml:36:17-109
268                android:value="com.google.firebase.components.ComponentRegistrar" />
268-->[com.google.firebase:firebase-common:22.1.0] /opt/gradle/.gradle/caches/9.3.1/transforms/caddafb2e84112c2aae7aa5c583c36a4/transformed/firebase-common-22.1.0/AndroidManifest.xml:37:17-82
269            <meta-data
269-->[com.google.firebase:firebase-datatransport:18.2.0] /opt/gradle/.gradle/caches/9.3.1/transforms/06a46151e5088fbe4c11507be1f89bbc/transformed/firebase-datatransport-18.2.0/AndroidManifest.xml:25:13-27:85
270                android:name="com.google.firebase.components:com.google.firebase.datatransport.TransportRegistrar"
270-->[com.google.firebase:firebase-datatransport:18.2.0] /opt/gradle/.gradle/caches/9.3.1/transforms/06a46151e5088fbe4c11507be1f89bbc/transformed/firebase-datatransport-18.2.0/AndroidManifest.xml:26:17-115
271                android:value="com.google.firebase.components.ComponentRegistrar" />
271-->[com.google.firebase:firebase-datatransport:18.2.0] /opt/gradle/.gradle/caches/9.3.1/transforms/06a46151e5088fbe4c11507be1f89bbc/transformed/firebase-datatransport-18.2.0/AndroidManifest.xml:27:17-82
272        </service> <!-- Include the AdActivity and InAppPurchaseActivity configChanges and themes. -->
273        <activity
273-->[com.google.android.gms:play-services-ads-lite:23.6.0] /opt/gradle/.gradle/caches/9.3.1/transforms/346e18c4331dfef1907bc7989d434b6a/transformed/play-services-ads-lite-23.6.0/AndroidManifest.xml:73:9-78:43
274            android:name="com.google.android.gms.ads.AdActivity"
274-->[com.google.android.gms:play-services-ads-lite:23.6.0] /opt/gradle/.gradle/caches/9.3.1/transforms/346e18c4331dfef1907bc7989d434b6a/transformed/play-services-ads-lite-23.6.0/AndroidManifest.xml:74:13-65
275            android:configChanges="keyboard|keyboardHidden|orientation|screenLayout|uiMode|screenSize|smallestScreenSize"
275-->[com.google.android.gms:play-services-ads-lite:23.6.0] /opt/gradle/.gradle/caches/9.3.1/transforms/346e18c4331dfef1907bc7989d434b6a/transformed/play-services-ads-lite-23.6.0/AndroidManifest.xml:75:13-122
276            android:exported="false"
276-->[com.google.android.gms:play-services-ads-lite:23.6.0] /opt/gradle/.gradle/caches/9.3.1/transforms/346e18c4331dfef1907bc7989d434b6a/transformed/play-services-ads-lite-23.6.0/AndroidManifest.xml:76:13-37
277            android:theme="@android:style/Theme.Translucent" />
277-->[com.google.android.gms:play-services-ads-lite:23.6.0] /opt/gradle/.gradle/caches/9.3.1/transforms/346e18c4331dfef1907bc7989d434b6a/transformed/play-services-ads-lite-23.6.0/AndroidManifest.xml:77:13-61
278
279        <provider
279-->[com.google.android.gms:play-services-ads-lite:23.6.0] /opt/gradle/.gradle/caches/9.3.1/transforms/346e18c4331dfef1907bc7989d434b6a/transformed/play-services-ads-lite-23.6.0/AndroidManifest.xml:80:9-85:43
280            android:name="com.google.android.gms.ads.MobileAdsInitProvider"
280-->[com.google.android.gms:play-services-ads-lite:23.6.0] /opt/gradle/.gradle/caches/9.3.1/transforms/346e18c4331dfef1907bc7989d434b6a/transformed/play-services-ads-lite-23.6.0/AndroidManifest.xml:81:13-76
281            android:authorities="com.mcc.qivo.mobileadsinitprovider"
281-->[com.google.android.gms:play-services-ads-lite:23.6.0] /opt/gradle/.gradle/caches/9.3.1/transforms/346e18c4331dfef1907bc7989d434b6a/transformed/play-services-ads-lite-23.6.0/AndroidManifest.xml:82:13-73
282            android:exported="false"
282-->[com.google.android.gms:play-services-ads-lite:23.6.0] /opt/gradle/.gradle/caches/9.3.1/transforms/346e18c4331dfef1907bc7989d434b6a/transformed/play-services-ads-lite-23.6.0/AndroidManifest.xml:83:13-37
283            android:initOrder="100" />
283-->[com.google.android.gms:play-services-ads-lite:23.6.0] /opt/gradle/.gradle/caches/9.3.1/transforms/346e18c4331dfef1907bc7989d434b6a/transformed/play-services-ads-lite-23.6.0/AndroidManifest.xml:84:13-36
284
285        <service
285-->[com.google.android.gms:play-services-ads-lite:23.6.0] /opt/gradle/.gradle/caches/9.3.1/transforms/346e18c4331dfef1907bc7989d434b6a/transformed/play-services-ads-lite-23.6.0/AndroidManifest.xml:87:9-91:43
286            android:name="com.google.android.gms.ads.AdService"
286-->[com.google.android.gms:play-services-ads-lite:23.6.0] /opt/gradle/.gradle/caches/9.3.1/transforms/346e18c4331dfef1907bc7989d434b6a/transformed/play-services-ads-lite-23.6.0/AndroidManifest.xml:88:13-64
287            android:enabled="true"
287-->[com.google.android.gms:play-services-ads-lite:23.6.0] /opt/gradle/.gradle/caches/9.3.1/transforms/346e18c4331dfef1907bc7989d434b6a/transformed/play-services-ads-lite-23.6.0/AndroidManifest.xml:89:13-35
288            android:exported="false" />
288-->[com.google.android.gms:play-services-ads-lite:23.6.0] /opt/gradle/.gradle/caches/9.3.1/transforms/346e18c4331dfef1907bc7989d434b6a/transformed/play-services-ads-lite-23.6.0/AndroidManifest.xml:90:13-37
289
290        <activity
290-->[com.google.android.gms:play-services-ads-lite:23.6.0] /opt/gradle/.gradle/caches/9.3.1/transforms/346e18c4331dfef1907bc7989d434b6a/transformed/play-services-ads-lite-23.6.0/AndroidManifest.xml:93:9-97:43
291            android:name="com.google.android.gms.ads.OutOfContextTestingActivity"
291-->[com.google.android.gms:play-services-ads-lite:23.6.0] /opt/gradle/.gradle/caches/9.3.1/transforms/346e18c4331dfef1907bc7989d434b6a/transformed/play-services-ads-lite-23.6.0/AndroidManifest.xml:94:13-82
292            android:configChanges="keyboard|keyboardHidden|orientation|screenLayout|uiMode|screenSize|smallestScreenSize"
292-->[com.google.android.gms:play-services-ads-lite:23.6.0] /opt/gradle/.gradle/caches/9.3.1/transforms/346e18c4331dfef1907bc7989d434b6a/transformed/play-services-ads-lite-23.6.0/AndroidManifest.xml:95:13-122
293            android:exported="false" />
293-->[com.google.android.gms:play-services-ads-lite:23.6.0] /opt/gradle/.gradle/caches/9.3.1/transforms/346e18c4331dfef1907bc7989d434b6a/transformed/play-services-ads-lite-23.6.0/AndroidManifest.xml:96:13-37
294        <activity
294-->[com.google.android.gms:play-services-ads-lite:23.6.0] /opt/gradle/.gradle/caches/9.3.1/transforms/346e18c4331dfef1907bc7989d434b6a/transformed/play-services-ads-lite-23.6.0/AndroidManifest.xml:98:9-105:43
295            android:name="com.google.android.gms.ads.NotificationHandlerActivity"
295-->[com.google.android.gms:play-services-ads-lite:23.6.0] /opt/gradle/.gradle/caches/9.3.1/transforms/346e18c4331dfef1907bc7989d434b6a/transformed/play-services-ads-lite-23.6.0/AndroidManifest.xml:99:13-82
296            android:excludeFromRecents="true"
296-->[com.google.android.gms:play-services-ads-lite:23.6.0] /opt/gradle/.gradle/caches/9.3.1/transforms/346e18c4331dfef1907bc7989d434b6a/transformed/play-services-ads-lite-23.6.0/AndroidManifest.xml:100:13-46
297            android:exported="false"
297-->[com.google.android.gms:play-services-ads-lite:23.6.0] /opt/gradle/.gradle/caches/9.3.1/transforms/346e18c4331dfef1907bc7989d434b6a/transformed/play-services-ads-lite-23.6.0/AndroidManifest.xml:101:13-37
298            android:launchMode="singleTask"
298-->[com.google.android.gms:play-services-ads-lite:23.6.0] /opt/gradle/.gradle/caches/9.3.1/transforms/346e18c4331dfef1907bc7989d434b6a/transformed/play-services-ads-lite-23.6.0/AndroidManifest.xml:102:13-44
299            android:taskAffinity=""
299-->[com.google.android.gms:play-services-ads-lite:23.6.0] /opt/gradle/.gradle/caches/9.3.1/transforms/346e18c4331dfef1907bc7989d434b6a/transformed/play-services-ads-lite-23.6.0/AndroidManifest.xml:103:13-36
300            android:theme="@android:style/Theme.Translucent.NoTitleBar" />
300-->[com.google.android.gms:play-services-ads-lite:23.6.0] /opt/gradle/.gradle/caches/9.3.1/transforms/346e18c4331dfef1907bc7989d434b6a/transformed/play-services-ads-lite-23.6.0/AndroidManifest.xml:104:13-72
301
302        <property
302-->[com.google.android.gms:play-services-ads-lite:23.6.0] /opt/gradle/.gradle/caches/9.3.1/transforms/346e18c4331dfef1907bc7989d434b6a/transformed/play-services-ads-lite-23.6.0/AndroidManifest.xml:107:9-109:62
303            android:name="android.adservices.AD_SERVICES_CONFIG"
303-->[com.google.android.gms:play-services-ads-lite:23.6.0] /opt/gradle/.gradle/caches/9.3.1/transforms/346e18c4331dfef1907bc7989d434b6a/transformed/play-services-ads-lite-23.6.0/AndroidManifest.xml:108:13-65
304            android:resource="@xml/gma_ad_services_config" />
304-->[com.google.android.gms:play-services-ads-lite:23.6.0] /opt/gradle/.gradle/caches/9.3.1/transforms/346e18c4331dfef1907bc7989d434b6a/transformed/play-services-ads-lite-23.6.0/AndroidManifest.xml:109:13-59
305
306        <receiver
306-->[com.google.android.gms:play-services-measurement:23.2.0] /opt/gradle/.gradle/caches/9.3.1/transforms/f93ffe78d70335f8dfa07dd8c38049d4/transformed/play-services-measurement-23.2.0/AndroidManifest.xml:29:9-33:20
307            android:name="com.google.android.gms.measurement.AppMeasurementReceiver"
307-->[com.google.android.gms:play-services-measurement:23.2.0] /opt/gradle/.gradle/caches/9.3.1/transforms/f93ffe78d70335f8dfa07dd8c38049d4/transformed/play-services-measurement-23.2.0/AndroidManifest.xml:30:13-85
308            android:enabled="true"
308-->[com.google.android.gms:play-services-measurement:23.2.0] /opt/gradle/.gradle/caches/9.3.1/transforms/f93ffe78d70335f8dfa07dd8c38049d4/transformed/play-services-measurement-23.2.0/AndroidManifest.xml:31:13-35
309            android:exported="false" >
309-->[com.google.android.gms:play-services-measurement:23.2.0] /opt/gradle/.gradle/caches/9.3.1/transforms/f93ffe78d70335f8dfa07dd8c38049d4/transformed/play-services-measurement-23.2.0/AndroidManifest.xml:32:13-37
310        </receiver>
311
312        <service
312-->[com.google.android.gms:play-services-measurement:23.2.0] /opt/gradle/.gradle/caches/9.3.1/transforms/f93ffe78d70335f8dfa07dd8c38049d4/transformed/play-services-measurement-23.2.0/AndroidManifest.xml:35:9-38:40
313            android:name="com.google.android.gms.measurement.AppMeasurementService"
313-->[com.google.android.gms:play-services-measurement:23.2.0] /opt/gradle/.gradle/caches/9.3.1/transforms/f93ffe78d70335f8dfa07dd8c38049d4/transformed/play-services-measurement-23.2.0/AndroidManifest.xml:36:13-84
314            android:enabled="true"
314-->[com.google.android.gms:play-services-measurement:23.2.0] /opt/gradle/.gradle/caches/9.3.1/transforms/f93ffe78d70335f8dfa07dd8c38049d4/transformed/play-services-measurement-23.2.0/AndroidManifest.xml:37:13-35
315            android:exported="false" />
315-->[com.google.android.gms:play-services-measurement:23.2.0] /opt/gradle/.gradle/caches/9.3.1/transforms/f93ffe78d70335f8dfa07dd8c38049d4/transformed/play-services-measurement-23.2.0/AndroidManifest.xml:38:13-37
316        <service
316-->[com.google.android.gms:play-services-measurement:23.2.0] /opt/gradle/.gradle/caches/9.3.1/transforms/f93ffe78d70335f8dfa07dd8c38049d4/transformed/play-services-measurement-23.2.0/AndroidManifest.xml:39:9-43:72
317            android:name="com.google.android.gms.measurement.AppMeasurementJobService"
317-->[com.google.android.gms:play-services-measurement:23.2.0] /opt/gradle/.gradle/caches/9.3.1/transforms/f93ffe78d70335f8dfa07dd8c38049d4/transformed/play-services-measurement-23.2.0/AndroidManifest.xml:40:13-87
318            android:enabled="true"
318-->[com.google.android.gms:play-services-measurement:23.2.0] /opt/gradle/.gradle/caches/9.3.1/transforms/f93ffe78d70335f8dfa07dd8c38049d4/transformed/play-services-measurement-23.2.0/AndroidManifest.xml:41:13-35
319            android:exported="false"
319-->[com.google.android.gms:play-services-measurement:23.2.0] /opt/gradle/.gradle/caches/9.3.1/transforms/f93ffe78d70335f8dfa07dd8c38049d4/transformed/play-services-measurement-23.2.0/AndroidManifest.xml:42:13-37
320            android:permission="android.permission.BIND_JOB_SERVICE" />
320-->[com.google.android.gms:play-services-measurement:23.2.0] /opt/gradle/.gradle/caches/9.3.1/transforms/f93ffe78d70335f8dfa07dd8c38049d4/transformed/play-services-measurement-23.2.0/AndroidManifest.xml:43:13-69
321
322        <provider
322-->[com.google.firebase:firebase-common:22.1.0] /opt/gradle/.gradle/caches/9.3.1/transforms/caddafb2e84112c2aae7aa5c583c36a4/transformed/firebase-common-22.1.0/AndroidManifest.xml:23:9-28:39
323            android:name="com.google.firebase.provider.FirebaseInitProvider"
323-->[com.google.firebase:firebase-common:22.1.0] /opt/gradle/.gradle/caches/9.3.1/transforms/caddafb2e84112c2aae7aa5c583c36a4/transformed/firebase-common-22.1.0/AndroidManifest.xml:24:13-77
324            android:authorities="com.mcc.qivo.firebaseinitprovider"
324-->[com.google.firebase:firebase-common:22.1.0] /opt/gradle/.gradle/caches/9.3.1/transforms/caddafb2e84112c2aae7aa5c583c36a4/transformed/firebase-common-22.1.0/AndroidManifest.xml:25:13-72
325            android:directBootAware="true"
325-->[com.google.firebase:firebase-common:22.1.0] /opt/gradle/.gradle/caches/9.3.1/transforms/caddafb2e84112c2aae7aa5c583c36a4/transformed/firebase-common-22.1.0/AndroidManifest.xml:26:13-43
326            android:exported="false"
326-->[com.google.firebase:firebase-common:22.1.0] /opt/gradle/.gradle/caches/9.3.1/transforms/caddafb2e84112c2aae7aa5c583c36a4/transformed/firebase-common-22.1.0/AndroidManifest.xml:27:13-37
327            android:initOrder="100" />
327-->[com.google.firebase:firebase-common:22.1.0] /opt/gradle/.gradle/caches/9.3.1/transforms/caddafb2e84112c2aae7aa5c583c36a4/transformed/firebase-common-22.1.0/AndroidManifest.xml:28:13-36
328
329        <activity
329-->[com.google.android.gms:play-services-base:18.9.0] /opt/gradle/.gradle/caches/9.3.1/transforms/ba79db43e3017a2957c0718724ab064b/transformed/play-services-base-18.9.0/AndroidManifest.xml:20:9-22:45
330            android:name="com.google.android.gms.common.api.GoogleApiActivity"
330-->[com.google.android.gms:play-services-base:18.9.0] /opt/gradle/.gradle/caches/9.3.1/transforms/ba79db43e3017a2957c0718724ab064b/transformed/play-services-base-18.9.0/AndroidManifest.xml:20:19-85
331            android:exported="false"
331-->[com.google.android.gms:play-services-base:18.9.0] /opt/gradle/.gradle/caches/9.3.1/transforms/ba79db43e3017a2957c0718724ab064b/transformed/play-services-base-18.9.0/AndroidManifest.xml:22:19-43
332            android:theme="@android:style/Theme.Translucent.NoTitleBar" />
332-->[com.google.android.gms:play-services-base:18.9.0] /opt/gradle/.gradle/caches/9.3.1/transforms/ba79db43e3017a2957c0718724ab064b/transformed/play-services-base-18.9.0/AndroidManifest.xml:21:19-78
333
334        <provider
334-->[androidx.work:work-runtime:2.7.0] /opt/gradle/.gradle/caches/9.3.1/transforms/3ff733eac02195902d9d6bae8fbb1d14/transformed/work-runtime-2.7.0/AndroidManifest.xml:31:9-39:20
335            android:name="androidx.startup.InitializationProvider"
335-->[androidx.work:work-runtime:2.7.0] /opt/gradle/.gradle/caches/9.3.1/transforms/3ff733eac02195902d9d6bae8fbb1d14/transformed/work-runtime-2.7.0/AndroidManifest.xml:32:13-67
336            android:authorities="com.mcc.qivo.androidx-startup"
336-->[androidx.work:work-runtime:2.7.0] /opt/gradle/.gradle/caches/9.3.1/transforms/3ff733eac02195902d9d6bae8fbb1d14/transformed/work-runtime-2.7.0/AndroidManifest.xml:33:13-68
337            android:exported="false" >
337-->[androidx.work:work-runtime:2.7.0] /opt/gradle/.gradle/caches/9.3.1/transforms/3ff733eac02195902d9d6bae8fbb1d14/transformed/work-runtime-2.7.0/AndroidManifest.xml:34:13-37
338            <meta-data
338-->[androidx.work:work-runtime:2.7.0] /opt/gradle/.gradle/caches/9.3.1/transforms/3ff733eac02195902d9d6bae8fbb1d14/transformed/work-runtime-2.7.0/AndroidManifest.xml:36:13-38:52
339                android:name="androidx.work.WorkManagerInitializer"
339-->[androidx.work:work-runtime:2.7.0] /opt/gradle/.gradle/caches/9.3.1/transforms/3ff733eac02195902d9d6bae8fbb1d14/transformed/work-runtime-2.7.0/AndroidManifest.xml:37:17-68
340                android:value="androidx.startup" />
340-->[androidx.work:work-runtime:2.7.0] /opt/gradle/.gradle/caches/9.3.1/transforms/3ff733eac02195902d9d6bae8fbb1d14/transformed/work-runtime-2.7.0/AndroidManifest.xml:38:17-49
341            <meta-data
341-->[androidx.emoji2:emoji2:1.3.0] /opt/gradle/.gradle/caches/9.3.1/transforms/56f01748afe616a0bbc3b9695c20ba0c/transformed/emoji2-1.3.0/AndroidManifest.xml:29:13-31:52
342                android:name="androidx.emoji2.text.EmojiCompatInitializer"
342-->[androidx.emoji2:emoji2:1.3.0] /opt/gradle/.gradle/caches/9.3.1/transforms/56f01748afe616a0bbc3b9695c20ba0c/transformed/emoji2-1.3.0/AndroidManifest.xml:30:17-75
343                android:value="androidx.startup" />
343-->[androidx.emoji2:emoji2:1.3.0] /opt/gradle/.gradle/caches/9.3.1/transforms/56f01748afe616a0bbc3b9695c20ba0c/transformed/emoji2-1.3.0/AndroidManifest.xml:31:17-49
344            <meta-data
344-->[androidx.lifecycle:lifecycle-process:2.8.7] /opt/gradle/.gradle/caches/9.3.1/transforms/883ee44c5ca1b60143f84615e9cbb70e/transformed/lifecycle-process-2.8.7/AndroidManifest.xml:29:13-31:52
345                android:name="androidx.lifecycle.ProcessLifecycleInitializer"
345-->[androidx.lifecycle:lifecycle-process:2.8.7] /opt/gradle/.gradle/caches/9.3.1/transforms/883ee44c5ca1b60143f84615e9cbb70e/transformed/lifecycle-process-2.8.7/AndroidManifest.xml:30:17-78
346                android:value="androidx.startup" />
346-->[androidx.lifecycle:lifecycle-process:2.8.7] /opt/gradle/.gradle/caches/9.3.1/transforms/883ee44c5ca1b60143f84615e9cbb70e/transformed/lifecycle-process-2.8.7/AndroidManifest.xml:31:17-49
347            <meta-data
347-->[androidx.profileinstaller:profileinstaller:1.4.0] /opt/gradle/.gradle/caches/9.3.1/transforms/b8c63c209f5866bb4344b9c4d8769207/transformed/profileinstaller-1.4.0/AndroidManifest.xml:29:13-31:52
348                android:name="androidx.profileinstaller.ProfileInstallerInitializer"
348-->[androidx.profileinstaller:profileinstaller:1.4.0] /opt/gradle/.gradle/caches/9.3.1/transforms/b8c63c209f5866bb4344b9c4d8769207/transformed/profileinstaller-1.4.0/AndroidManifest.xml:30:17-85
349                android:value="androidx.startup" />
349-->[androidx.profileinstaller:profileinstaller:1.4.0] /opt/gradle/.gradle/caches/9.3.1/transforms/b8c63c209f5866bb4344b9c4d8769207/transformed/profileinstaller-1.4.0/AndroidManifest.xml:31:17-49
350        </provider>
351
352        <service
352-->[androidx.work:work-runtime:2.7.0] /opt/gradle/.gradle/caches/9.3.1/transforms/3ff733eac02195902d9d6bae8fbb1d14/transformed/work-runtime-2.7.0/AndroidManifest.xml:41:9-46:35
353            android:name="androidx.work.impl.background.systemalarm.SystemAlarmService"
353-->[androidx.work:work-runtime:2.7.0] /opt/gradle/.gradle/caches/9.3.1/transforms/3ff733eac02195902d9d6bae8fbb1d14/transformed/work-runtime-2.7.0/AndroidManifest.xml:42:13-88
354            android:directBootAware="false"
354-->[androidx.work:work-runtime:2.7.0] /opt/gradle/.gradle/caches/9.3.1/transforms/3ff733eac02195902d9d6bae8fbb1d14/transformed/work-runtime-2.7.0/AndroidManifest.xml:43:13-44
355            android:enabled="@bool/enable_system_alarm_service_default"
355-->[androidx.work:work-runtime:2.7.0] /opt/gradle/.gradle/caches/9.3.1/transforms/3ff733eac02195902d9d6bae8fbb1d14/transformed/work-runtime-2.7.0/AndroidManifest.xml:44:13-72
356            android:exported="false" />
356-->[androidx.work:work-runtime:2.7.0] /opt/gradle/.gradle/caches/9.3.1/transforms/3ff733eac02195902d9d6bae8fbb1d14/transformed/work-runtime-2.7.0/AndroidManifest.xml:45:13-37
357        <service
357-->[androidx.work:work-runtime:2.7.0] /opt/gradle/.gradle/caches/9.3.1/transforms/3ff733eac02195902d9d6bae8fbb1d14/transformed/work-runtime-2.7.0/AndroidManifest.xml:47:9-53:35
358            android:name="androidx.work.impl.background.systemjob.SystemJobService"
358-->[androidx.work:work-runtime:2.7.0] /opt/gradle/.gradle/caches/9.3.1/transforms/3ff733eac02195902d9d6bae8fbb1d14/transformed/work-runtime-2.7.0/AndroidManifest.xml:48:13-84
359            android:directBootAware="false"
359-->[androidx.work:work-runtime:2.7.0] /opt/gradle/.gradle/caches/9.3.1/transforms/3ff733eac02195902d9d6bae8fbb1d14/transformed/work-runtime-2.7.0/AndroidManifest.xml:49:13-44
360            android:enabled="@bool/enable_system_job_service_default"
360-->[androidx.work:work-runtime:2.7.0] /opt/gradle/.gradle/caches/9.3.1/transforms/3ff733eac02195902d9d6bae8fbb1d14/transformed/work-runtime-2.7.0/AndroidManifest.xml:50:13-70
361            android:exported="true"
361-->[androidx.work:work-runtime:2.7.0] /opt/gradle/.gradle/caches/9.3.1/transforms/3ff733eac02195902d9d6bae8fbb1d14/transformed/work-runtime-2.7.0/AndroidManifest.xml:51:13-36
362            android:permission="android.permission.BIND_JOB_SERVICE" />
362-->[androidx.work:work-runtime:2.7.0] /opt/gradle/.gradle/caches/9.3.1/transforms/3ff733eac02195902d9d6bae8fbb1d14/transformed/work-runtime-2.7.0/AndroidManifest.xml:52:13-69
363        <service
363-->[androidx.work:work-runtime:2.7.0] /opt/gradle/.gradle/caches/9.3.1/transforms/3ff733eac02195902d9d6bae8fbb1d14/transformed/work-runtime-2.7.0/AndroidManifest.xml:54:9-59:35
364            android:name="androidx.work.impl.foreground.SystemForegroundService"
364-->[androidx.work:work-runtime:2.7.0] /opt/gradle/.gradle/caches/9.3.1/transforms/3ff733eac02195902d9d6bae8fbb1d14/transformed/work-runtime-2.7.0/AndroidManifest.xml:55:13-81
365            android:directBootAware="false"
365-->[androidx.work:work-runtime:2.7.0] /opt/gradle/.gradle/caches/9.3.1/transforms/3ff733eac02195902d9d6bae8fbb1d14/transformed/work-runtime-2.7.0/AndroidManifest.xml:56:13-44
366            android:enabled="@bool/enable_system_foreground_service_default"
366-->[androidx.work:work-runtime:2.7.0] /opt/gradle/.gradle/caches/9.3.1/transforms/3ff733eac02195902d9d6bae8fbb1d14/transformed/work-runtime-2.7.0/AndroidManifest.xml:57:13-77
367            android:exported="false" />
367-->[androidx.work:work-runtime:2.7.0] /opt/gradle/.gradle/caches/9.3.1/transforms/3ff733eac02195902d9d6bae8fbb1d14/transformed/work-runtime-2.7.0/AndroidManifest.xml:58:13-37
368
369        <receiver
369-->[androidx.work:work-runtime:2.7.0] /opt/gradle/.gradle/caches/9.3.1/transforms/3ff733eac02195902d9d6bae8fbb1d14/transformed/work-runtime-2.7.0/AndroidManifest.xml:61:9-66:35
370            android:name="androidx.work.impl.utils.ForceStopRunnable$BroadcastReceiver"
370-->[androidx.work:work-runtime:2.7.0] /opt/gradle/.gradle/caches/9.3.1/transforms/3ff733eac02195902d9d6bae8fbb1d14/transformed/work-runtime-2.7.0/AndroidManifest.xml:62:13-88
371            android:directBootAware="false"
371-->[androidx.work:work-runtime:2.7.0] /opt/gradle/.gradle/caches/9.3.1/transforms/3ff733eac02195902d9d6bae8fbb1d14/transformed/work-runtime-2.7.0/AndroidManifest.xml:63:13-44
372            android:enabled="true"
372-->[androidx.work:work-runtime:2.7.0] /opt/gradle/.gradle/caches/9.3.1/transforms/3ff733eac02195902d9d6bae8fbb1d14/transformed/work-runtime-2.7.0/AndroidManifest.xml:64:13-35
373            android:exported="false" />
373-->[androidx.work:work-runtime:2.7.0] /opt/gradle/.gradle/caches/9.3.1/transforms/3ff733eac02195902d9d6bae8fbb1d14/transformed/work-runtime-2.7.0/AndroidManifest.xml:65:13-37
374        <receiver
374-->[androidx.work:work-runtime:2.7.0] /opt/gradle/.gradle/caches/9.3.1/transforms/3ff733eac02195902d9d6bae8fbb1d14/transformed/work-runtime-2.7.0/AndroidManifest.xml:67:9-77:20
375            android:name="androidx.work.impl.background.systemalarm.ConstraintProxy$BatteryChargingProxy"
375-->[androidx.work:work-runtime:2.7.0] /opt/gradle/.gradle/caches/9.3.1/transforms/3ff733eac02195902d9d6bae8fbb1d14/transformed/work-runtime-2.7.0/AndroidManifest.xml:68:13-106
376            android:directBootAware="false"
376-->[androidx.work:work-runtime:2.7.0] /opt/gradle/.gradle/caches/9.3.1/transforms/3ff733eac02195902d9d6bae8fbb1d14/transformed/work-runtime-2.7.0/AndroidManifest.xml:69:13-44
377            android:enabled="false"
377-->[androidx.work:work-runtime:2.7.0] /opt/gradle/.gradle/caches/9.3.1/transforms/3ff733eac02195902d9d6bae8fbb1d14/transformed/work-runtime-2.7.0/AndroidManifest.xml:70:13-36
378            android:exported="false" >
378-->[androidx.work:work-runtime:2.7.0] /opt/gradle/.gradle/caches/9.3.1/transforms/3ff733eac02195902d9d6bae8fbb1d14/transformed/work-runtime-2.7.0/AndroidManifest.xml:71:13-37
379            <intent-filter>
379-->[androidx.work:work-runtime:2.7.0] /opt/gradle/.gradle/caches/9.3.1/transforms/3ff733eac02195902d9d6bae8fbb1d14/transformed/work-runtime-2.7.0/AndroidManifest.xml:73:13-76:29
380                <action android:name="android.intent.action.ACTION_POWER_CONNECTED" />
380-->[androidx.work:work-runtime:2.7.0] /opt/gradle/.gradle/caches/9.3.1/transforms/3ff733eac02195902d9d6bae8fbb1d14/transformed/work-runtime-2.7.0/AndroidManifest.xml:74:17-87
380-->[androidx.work:work-runtime:2.7.0] /opt/gradle/.gradle/caches/9.3.1/transforms/3ff733eac02195902d9d6bae8fbb1d14/transformed/work-runtime-2.7.0/AndroidManifest.xml:74:25-84
381                <action android:name="android.intent.action.ACTION_POWER_DISCONNECTED" />
381-->[androidx.work:work-runtime:2.7.0] /opt/gradle/.gradle/caches/9.3.1/transforms/3ff733eac02195902d9d6bae8fbb1d14/transformed/work-runtime-2.7.0/AndroidManifest.xml:75:17-90
381-->[androidx.work:work-runtime:2.7.0] /opt/gradle/.gradle/caches/9.3.1/transforms/3ff733eac02195902d9d6bae8fbb1d14/transformed/work-runtime-2.7.0/AndroidManifest.xml:75:25-87
382            </intent-filter>
383        </receiver>
384        <receiver
384-->[androidx.work:work-runtime:2.7.0] /opt/gradle/.gradle/caches/9.3.1/transforms/3ff733eac02195902d9d6bae8fbb1d14/transformed/work-runtime-2.7.0/AndroidManifest.xml:78:9-88:20
385            android:name="androidx.work.impl.background.systemalarm.ConstraintProxy$BatteryNotLowProxy"
385-->[androidx.work:work-runtime:2.7.0] /opt/gradle/.gradle/caches/9.3.1/transforms/3ff733eac02195902d9d6bae8fbb1d14/transformed/work-runtime-2.7.0/AndroidManifest.xml:79:13-104
386            android:directBootAware="false"
386-->[androidx.work:work-runtime:2.7.0] /opt/gradle/.gradle/caches/9.3.1/transforms/3ff733eac02195902d9d6bae8fbb1d14/transformed/work-runtime-2.7.0/AndroidManifest.xml:80:13-44
387            android:enabled="false"
387-->[androidx.work:work-runtime:2.7.0] /opt/gradle/.gradle/caches/9.3.1/transforms/3ff733eac02195902d9d6bae8fbb1d14/transformed/work-runtime-2.7.0/AndroidManifest.xml:81:13-36
388            android:exported="false" >
388-->[androidx.work:work-runtime:2.7.0] /opt/gradle/.gradle/caches/9.3.1/transforms/3ff733eac02195902d9d6bae8fbb1d14/transformed/work-runtime-2.7.0/AndroidManifest.xml:82:13-37
389            <intent-filter>
389-->[androidx.work:work-runtime:2.7.0] /opt/gradle/.gradle/caches/9.3.1/transforms/3ff733eac02195902d9d6bae8fbb1d14/transformed/work-runtime-2.7.0/AndroidManifest.xml:84:13-87:29
390                <action android:name="android.intent.action.BATTERY_OKAY" />
390-->[androidx.work:work-runtime:2.7.0] /opt/gradle/.gradle/caches/9.3.1/transforms/3ff733eac02195902d9d6bae8fbb1d14/transformed/work-runtime-2.7.0/AndroidManifest.xml:85:17-77
390-->[androidx.work:work-runtime:2.7.0] /opt/gradle/.gradle/caches/9.3.1/transforms/3ff733eac02195902d9d6bae8fbb1d14/transformed/work-runtime-2.7.0/AndroidManifest.xml:85:25-74
391                <action android:name="android.intent.action.BATTERY_LOW" />
391-->[androidx.work:work-runtime:2.7.0] /opt/gradle/.gradle/caches/9.3.1/transforms/3ff733eac02195902d9d6bae8fbb1d14/transformed/work-runtime-2.7.0/AndroidManifest.xml:86:17-76
391-->[androidx.work:work-runtime:2.7.0] /opt/gradle/.gradle/caches/9.3.1/transforms/3ff733eac02195902d9d6bae8fbb1d14/transformed/work-runtime-2.7.0/AndroidManifest.xml:86:25-73
392            </intent-filter>
393        </receiver>
394        <receiver
394-->[androidx.work:work-runtime:2.7.0] /opt/gradle/.gradle/caches/9.3.1/transforms/3ff733eac02195902d9d6bae8fbb1d14/transformed/work-runtime-2.7.0/AndroidManifest.xml:89:9-99:20
395            android:name="androidx.work.impl.background.systemalarm.ConstraintProxy$StorageNotLowProxy"
395-->[androidx.work:work-runtime:2.7.0] /opt/gradle/.gradle/caches/9.3.1/transforms/3ff733eac02195902d9d6bae8fbb1d14/transformed/work-runtime-2.7.0/AndroidManifest.xml:90:13-104
396            android:directBootAware="false"
396-->[androidx.work:work-runtime:2.7.0] /opt/gradle/.gradle/caches/9.3.1/transforms/3ff733eac02195902d9d6bae8fbb1d14/transformed/work-runtime-2.7.0/AndroidManifest.xml:91:13-44
397            android:enabled="false"
397-->[androidx.work:work-runtime:2.7.0] /opt/gradle/.gradle/caches/9.3.1/transforms/3ff733eac02195902d9d6bae8fbb1d14/transformed/work-runtime-2.7.0/AndroidManifest.xml:92:13-36
398            android:exported="false" >
398-->[androidx.work:work-runtime:2.7.0] /opt/gradle/.gradle/caches/9.3.1/transforms/3ff733eac02195902d9d6bae8fbb1d14/transformed/work-runtime-2.7.0/AndroidManifest.xml:93:13-37
399            <intent-filter>
399-->[androidx.work:work-runtime:2.7.0] /opt/gradle/.gradle/caches/9.3.1/transforms/3ff733eac02195902d9d6bae8fbb1d14/transformed/work-runtime-2.7.0/AndroidManifest.xml:95:13-98:29
400                <action android:name="android.intent.action.DEVICE_STORAGE_LOW" />
400-->[androidx.work:work-runtime:2.7.0] /opt/gradle/.gradle/caches/9.3.1/transforms/3ff733eac02195902d9d6bae8fbb1d14/transformed/work-runtime-2.7.0/AndroidManifest.xml:96:17-83
400-->[androidx.work:work-runtime:2.7.0] /opt/gradle/.gradle/caches/9.3.1/transforms/3ff733eac02195902d9d6bae8fbb1d14/transformed/work-runtime-2.7.0/AndroidManifest.xml:96:25-80
401                <action android:name="android.intent.action.DEVICE_STORAGE_OK" />
401-->[androidx.work:work-runtime:2.7.0] /opt/gradle/.gradle/caches/9.3.1/transforms/3ff733eac02195902d9d6bae8fbb1d14/transformed/work-runtime-2.7.0/AndroidManifest.xml:97:17-82
401-->[androidx.work:work-runtime:2.7.0] /opt/gradle/.gradle/caches/9.3.1/transforms/3ff733eac02195902d9d6bae8fbb1d14/transformed/work-runtime-2.7.0/AndroidManifest.xml:97:25-79
402            </intent-filter>
403        </receiver>
404        <receiver
404-->[androidx.work:work-runtime:2.7.0] /opt/gradle/.gradle/caches/9.3.1/transforms/3ff733eac02195902d9d6bae8fbb1d14/transformed/work-runtime-2.7.0/AndroidManifest.xml:100:9-109:20
405            android:name="androidx.work.impl.background.systemalarm.ConstraintProxy$NetworkStateProxy"
405-->[androidx.work:work-runtime:2.7.0] /opt/gradle/.gradle/caches/9.3.1/transforms/3ff733eac02195902d9d6bae8fbb1d14/transformed/work-runtime-2.7.0/AndroidManifest.xml:101:13-103
406            android:directBootAware="false"
406-->[androidx.work:work-runtime:2.7.0] /opt/gradle/.gradle/caches/9.3.1/transforms/3ff733eac02195902d9d6bae8fbb1d14/transformed/work-runtime-2.7.0/AndroidManifest.xml:102:13-44
407            android:enabled="false"
407-->[androidx.work:work-runtime:2.7.0] /opt/gradle/.gradle/caches/9.3.1/transforms/3ff733eac02195902d9d6bae8fbb1d14/transformed/work-runtime-2.7.0/AndroidManifest.xml:103:13-36
408            android:exported="false" >
408-->[androidx.work:work-runtime:2.7.0] /opt/gradle/.gradle/caches/9.3.1/transforms/3ff733eac02195902d9d6bae8fbb1d14/transformed/work-runtime-2.7.0/AndroidManifest.xml:104:13-37
409            <intent-filter>
409-->[androidx.work:work-runtime:2.7.0] /opt/gradle/.gradle/caches/9.3.1/transforms/3ff733eac02195902d9d6bae8fbb1d14/transformed/work-runtime-2.7.0/AndroidManifest.xml:106:13-108:29
410                <action android:name="android.net.conn.CONNECTIVITY_CHANGE" />
410-->[androidx.work:work-runtime:2.7.0] /opt/gradle/.gradle/caches/9.3.1/transforms/3ff733eac02195902d9d6bae8fbb1d14/transformed/work-runtime-2.7.0/AndroidManifest.xml:107:17-79
410-->[androidx.work:work-runtime:2.7.0] /opt/gradle/.gradle/caches/9.3.1/transforms/3ff733eac02195902d9d6bae8fbb1d14/transformed/work-runtime-2.7.0/AndroidManifest.xml:107:25-76
411            </intent-filter>
412        </receiver>
413        <receiver
413-->[androidx.work:work-runtime:2.7.0] /opt/gradle/.gradle/caches/9.3.1/transforms/3ff733eac02195902d9d6bae8fbb1d14/transformed/work-runtime-2.7.0/AndroidManifest.xml:110:9-121:20
414            android:name="androidx.work.impl.background.systemalarm.RescheduleReceiver"
414-->[androidx.work:work-runtime:2.7.0] /opt/gradle/.gradle/caches/9.3.1/transforms/3ff733eac02195902d9d6bae8fbb1d14/transformed/work-runtime-2.7.0/AndroidManifest.xml:111:13-88
415            android:directBootAware="false"
415-->[androidx.work:work-runtime:2.7.0] /opt/gradle/.gradle/caches/9.3.1/transforms/3ff733eac02195902d9d6bae8fbb1d14/transformed/work-runtime-2.7.0/AndroidManifest.xml:112:13-44
416            android:enabled="false"
416-->[androidx.work:work-runtime:2.7.0] /opt/gradle/.gradle/caches/9.3.1/transforms/3ff733eac02195902d9d6bae8fbb1d14/transformed/work-runtime-2.7.0/AndroidManifest.xml:113:13-36
417            android:exported="false" >
417-->[androidx.work:work-runtime:2.7.0] /opt/gradle/.gradle/caches/9.3.1/transforms/3ff733eac02195902d9d6bae8fbb1d14/transformed/work-runtime-2.7.0/AndroidManifest.xml:114:13-37
418            <intent-filter>
418-->[androidx.work:work-runtime:2.7.0] /opt/gradle/.gradle/caches/9.3.1/transforms/3ff733eac02195902d9d6bae8fbb1d14/transformed/work-runtime-2.7.0/AndroidManifest.xml:116:13-120:29
419                <action android:name="android.intent.action.BOOT_COMPLETED" />
419-->[androidx.work:work-runtime:2.7.0] /opt/gradle/.gradle/caches/9.3.1/transforms/3ff733eac02195902d9d6bae8fbb1d14/transformed/work-runtime-2.7.0/AndroidManifest.xml:117:17-79
419-->[androidx.work:work-runtime:2.7.0] /opt/gradle/.gradle/caches/9.3.1/transforms/3ff733eac02195902d9d6bae8fbb1d14/transformed/work-runtime-2.7.0/AndroidManifest.xml:117:25-76
420                <action android:name="android.intent.action.TIME_SET" />
420-->[androidx.work:work-runtime:2.7.0] /opt/gradle/.gradle/caches/9.3.1/transforms/3ff733eac02195902d9d6bae8fbb1d14/transformed/work-runtime-2.7.0/AndroidManifest.xml:118:17-73
420-->[androidx.work:work-runtime:2.7.0] /opt/gradle/.gradle/caches/9.3.1/transforms/3ff733eac02195902d9d6bae8fbb1d14/transformed/work-runtime-2.7.0/AndroidManifest.xml:118:25-70
421                <action android:name="android.intent.action.TIMEZONE_CHANGED" />
421-->[androidx.work:work-runtime:2.7.0] /opt/gradle/.gradle/caches/9.3.1/transforms/3ff733eac02195902d9d6bae8fbb1d14/transformed/work-runtime-2.7.0/AndroidManifest.xml:119:17-81
421-->[androidx.work:work-runtime:2.7.0] /opt/gradle/.gradle/caches/9.3.1/transforms/3ff733eac02195902d9d6bae8fbb1d14/transformed/work-runtime-2.7.0/AndroidManifest.xml:119:25-78
422            </intent-filter>
423        </receiver>
424        <receiver
424-->[androidx.work:work-runtime:2.7.0] /opt/gradle/.gradle/caches/9.3.1/transforms/3ff733eac02195902d9d6bae8fbb1d14/transformed/work-runtime-2.7.0/AndroidManifest.xml:122:9-131:20
425            android:name="androidx.work.impl.background.systemalarm.ConstraintProxyUpdateReceiver"
425-->[androidx.work:work-runtime:2.7.0] /opt/gradle/.gradle/caches/9.3.1/transforms/3ff733eac02195902d9d6bae8fbb1d14/transformed/work-runtime-2.7.0/AndroidManifest.xml:123:13-99
426            android:directBootAware="false"
426-->[androidx.work:work-runtime:2.7.0] /opt/gradle/.gradle/caches/9.3.1/transforms/3ff733eac02195902d9d6bae8fbb1d14/transformed/work-runtime-2.7.0/AndroidManifest.xml:124:13-44
427            android:enabled="@bool/enable_system_alarm_service_default"
427-->[androidx.work:work-runtime:2.7.0] /opt/gradle/.gradle/caches/9.3.1/transforms/3ff733eac02195902d9d6bae8fbb1d14/transformed/work-runtime-2.7.0/AndroidManifest.xml:125:13-72
428            android:exported="false" >
428-->[androidx.work:work-runtime:2.7.0] /opt/gradle/.gradle/caches/9.3.1/transforms/3ff733eac02195902d9d6bae8fbb1d14/transformed/work-runtime-2.7.0/AndroidManifest.xml:126:13-37
429            <intent-filter>
429-->[androidx.work:work-runtime:2.7.0] /opt/gradle/.gradle/caches/9.3.1/transforms/3ff733eac02195902d9d6bae8fbb1d14/transformed/work-runtime-2.7.0/AndroidManifest.xml:128:13-130:29
430                <action android:name="androidx.work.impl.background.systemalarm.UpdateProxies" />
430-->[androidx.work:work-runtime:2.7.0] /opt/gradle/.gradle/caches/9.3.1/transforms/3ff733eac02195902d9d6bae8fbb1d14/transformed/work-runtime-2.7.0/AndroidManifest.xml:129:17-98
430-->[androidx.work:work-runtime:2.7.0] /opt/gradle/.gradle/caches/9.3.1/transforms/3ff733eac02195902d9d6bae8fbb1d14/transformed/work-runtime-2.7.0/AndroidManifest.xml:129:25-95
431            </intent-filter>
432        </receiver>
433        <receiver
433-->[androidx.work:work-runtime:2.7.0] /opt/gradle/.gradle/caches/9.3.1/transforms/3ff733eac02195902d9d6bae8fbb1d14/transformed/work-runtime-2.7.0/AndroidManifest.xml:132:9-142:20
434            android:name="androidx.work.impl.diagnostics.DiagnosticsReceiver"
434-->[androidx.work:work-runtime:2.7.0] /opt/gradle/.gradle/caches/9.3.1/transforms/3ff733eac02195902d9d6bae8fbb1d14/transformed/work-runtime-2.7.0/AndroidManifest.xml:133:13-78
435            android:directBootAware="false"
435-->[androidx.work:work-runtime:2.7.0] /opt/gradle/.gradle/caches/9.3.1/transforms/3ff733eac02195902d9d6bae8fbb1d14/transformed/work-runtime-2.7.0/AndroidManifest.xml:134:13-44
436            android:enabled="true"
436-->[androidx.work:work-runtime:2.7.0] /opt/gradle/.gradle/caches/9.3.1/transforms/3ff733eac02195902d9d6bae8fbb1d14/transformed/work-runtime-2.7.0/AndroidManifest.xml:135:13-35
437            android:exported="true"
437-->[androidx.work:work-runtime:2.7.0] /opt/gradle/.gradle/caches/9.3.1/transforms/3ff733eac02195902d9d6bae8fbb1d14/transformed/work-runtime-2.7.0/AndroidManifest.xml:136:13-36
438            android:permission="android.permission.DUMP" >
438-->[androidx.work:work-runtime:2.7.0] /opt/gradle/.gradle/caches/9.3.1/transforms/3ff733eac02195902d9d6bae8fbb1d14/transformed/work-runtime-2.7.0/AndroidManifest.xml:137:13-57
439            <intent-filter>
439-->[androidx.work:work-runtime:2.7.0] /opt/gradle/.gradle/caches/9.3.1/transforms/3ff733eac02195902d9d6bae8fbb1d14/transformed/work-runtime-2.7.0/AndroidManifest.xml:139:13-141:29
440                <action android:name="androidx.work.diagnostics.REQUEST_DIAGNOSTICS" />
440-->[androidx.work:work-runtime:2.7.0] /opt/gradle/.gradle/caches/9.3.1/transforms/3ff733eac02195902d9d6bae8fbb1d14/transformed/work-runtime-2.7.0/AndroidManifest.xml:140:17-88
440-->[androidx.work:work-runtime:2.7.0] /opt/gradle/.gradle/caches/9.3.1/transforms/3ff733eac02195902d9d6bae8fbb1d14/transformed/work-runtime-2.7.0/AndroidManifest.xml:140:25-85
441            </intent-filter>
442        </receiver>
443
444        <service
444-->[androidx.room:room-runtime-android:2.7.0] /opt/gradle/.gradle/caches/9.3.1/transforms/cef548efa70380ca5a380af716c5dc36/transformed/room-runtime-release/AndroidManifest.xml:24:9-28:63
445            android:name="androidx.room.MultiInstanceInvalidationService"
445-->[androidx.room:room-runtime-android:2.7.0] /opt/gradle/.gradle/caches/9.3.1/transforms/cef548efa70380ca5a380af716c5dc36/transformed/room-runtime-release/AndroidManifest.xml:25:13-74
446            android:directBootAware="true"
446-->[androidx.room:room-runtime-android:2.7.0] /opt/gradle/.gradle/caches/9.3.1/transforms/cef548efa70380ca5a380af716c5dc36/transformed/room-runtime-release/AndroidManifest.xml:26:13-43
447            android:exported="false" />
447-->[androidx.room:room-runtime-android:2.7.0] /opt/gradle/.gradle/caches/9.3.1/transforms/cef548efa70380ca5a380af716c5dc36/transformed/room-runtime-release/AndroidManifest.xml:27:13-37
448
449        <uses-library
449-->[androidx.privacysandbox.ads:ads-adservices:1.1.0-beta11] /opt/gradle/.gradle/caches/9.3.1/transforms/0d6600a5fc56e223f3383a19fd30109c/transformed/ads-adservices-1.1.0-beta11/AndroidManifest.xml:23:9-25:40
450            android:name="android.ext.adservices"
450-->[androidx.privacysandbox.ads:ads-adservices:1.1.0-beta11] /opt/gradle/.gradle/caches/9.3.1/transforms/0d6600a5fc56e223f3383a19fd30109c/transformed/ads-adservices-1.1.0-beta11/AndroidManifest.xml:24:13-50
451            android:required="false" />
451-->[androidx.privacysandbox.ads:ads-adservices:1.1.0-beta11] /opt/gradle/.gradle/caches/9.3.1/transforms/0d6600a5fc56e223f3383a19fd30109c/transformed/ads-adservices-1.1.0-beta11/AndroidManifest.xml:25:13-37
452
453        <receiver
453-->[androidx.profileinstaller:profileinstaller:1.4.0] /opt/gradle/.gradle/caches/9.3.1/transforms/b8c63c209f5866bb4344b9c4d8769207/transformed/profileinstaller-1.4.0/AndroidManifest.xml:34:9-52:20
454            android:name="androidx.profileinstaller.ProfileInstallReceiver"
454-->[androidx.profileinstaller:profileinstaller:1.4.0] /opt/gradle/.gradle/caches/9.3.1/transforms/b8c63c209f5866bb4344b9c4d8769207/transformed/profileinstaller-1.4.0/AndroidManifest.xml:35:13-76
455            android:directBootAware="false"
455-->[androidx.profileinstaller:profileinstaller:1.4.0] /opt/gradle/.gradle/caches/9.3.1/transforms/b8c63c209f5866bb4344b9c4d8769207/transformed/profileinstaller-1.4.0/AndroidManifest.xml:36:13-44
456            android:enabled="true"
456-->[androidx.profileinstaller:profileinstaller:1.4.0] /opt/gradle/.gradle/caches/9.3.1/transforms/b8c63c209f5866bb4344b9c4d8769207/transformed/profileinstaller-1.4.0/AndroidManifest.xml:37:13-35
457            android:exported="true"
457-->[androidx.profileinstaller:profileinstaller:1.4.0] /opt/gradle/.gradle/caches/9.3.1/transforms/b8c63c209f5866bb4344b9c4d8769207/transformed/profileinstaller-1.4.0/AndroidManifest.xml:38:13-36
458            android:permission="android.permission.DUMP" >
458-->[androidx.profileinstaller:profileinstaller:1.4.0] /opt/gradle/.gradle/caches/9.3.1/transforms/b8c63c209f5866bb4344b9c4d8769207/transformed/profileinstaller-1.4.0/AndroidManifest.xml:39:13-57
459            <intent-filter>
459-->[androidx.profileinstaller:profileinstaller:1.4.0] /opt/gradle/.gradle/caches/9.3.1/transforms/b8c63c209f5866bb4344b9c4d8769207/transformed/profileinstaller-1.4.0/AndroidManifest.xml:40:13-42:29
460                <action android:name="androidx.profileinstaller.action.INSTALL_PROFILE" />
460-->[androidx.profileinstaller:profileinstaller:1.4.0] /opt/gradle/.gradle/caches/9.3.1/transforms/b8c63c209f5866bb4344b9c4d8769207/transformed/profileinstaller-1.4.0/AndroidManifest.xml:41:17-91
460-->[androidx.profileinstaller:profileinstaller:1.4.0] /opt/gradle/.gradle/caches/9.3.1/transforms/b8c63c209f5866bb4344b9c4d8769207/transformed/profileinstaller-1.4.0/AndroidManifest.xml:41:25-88
461            </intent-filter>
462            <intent-filter>
462-->[androidx.profileinstaller:profileinstaller:1.4.0] /opt/gradle/.gradle/caches/9.3.1/transforms/b8c63c209f5866bb4344b9c4d8769207/transformed/profileinstaller-1.4.0/AndroidManifest.xml:43:13-45:29
463                <action android:name="androidx.profileinstaller.action.SKIP_FILE" />
463-->[androidx.profileinstaller:profileinstaller:1.4.0] /opt/gradle/.gradle/caches/9.3.1/transforms/b8c63c209f5866bb4344b9c4d8769207/transformed/profileinstaller-1.4.0/AndroidManifest.xml:44:17-85
463-->[androidx.profileinstaller:profileinstaller:1.4.0] /opt/gradle/.gradle/caches/9.3.1/transforms/b8c63c209f5866bb4344b9c4d8769207/transformed/profileinstaller-1.4.0/AndroidManifest.xml:44:25-82
464            </intent-filter>
465            <intent-filter>
465-->[androidx.profileinstaller:profileinstaller:1.4.0] /opt/gradle/.gradle/caches/9.3.1/transforms/b8c63c209f5866bb4344b9c4d8769207/transformed/profileinstaller-1.4.0/AndroidManifest.xml:46:13-48:29
466                <action android:name="androidx.profileinstaller.action.SAVE_PROFILE" />
466-->[androidx.profileinstaller:profileinstaller:1.4.0] /opt/gradle/.gradle/caches/9.3.1/transforms/b8c63c209f5866bb4344b9c4d8769207/transformed/profileinstaller-1.4.0/AndroidManifest.xml:47:17-88
466-->[androidx.profileinstaller:profileinstaller:1.4.0] /opt/gradle/.gradle/caches/9.3.1/transforms/b8c63c209f5866bb4344b9c4d8769207/transformed/profileinstaller-1.4.0/AndroidManifest.xml:47:25-85
467            </intent-filter>
468            <intent-filter>
468-->[androidx.profileinstaller:profileinstaller:1.4.0] /opt/gradle/.gradle/caches/9.3.1/transforms/b8c63c209f5866bb4344b9c4d8769207/transformed/profileinstaller-1.4.0/AndroidManifest.xml:49:13-51:29
469                <action android:name="androidx.profileinstaller.action.BENCHMARK_OPERATION" />
469-->[androidx.profileinstaller:profileinstaller:1.4.0] /opt/gradle/.gradle/caches/9.3.1/transforms/b8c63c209f5866bb4344b9c4d8769207/transformed/profileinstaller-1.4.0/AndroidManifest.xml:50:17-95
469-->[androidx.profileinstaller:profileinstaller:1.4.0] /opt/gradle/.gradle/caches/9.3.1/transforms/b8c63c209f5866bb4344b9c4d8769207/transformed/profileinstaller-1.4.0/AndroidManifest.xml:50:25-92
470            </intent-filter>
471        </receiver>
472
473        <meta-data
473-->[com.google.android.gms:play-services-basement:18.9.0] /opt/gradle/.gradle/caches/9.3.1/transforms/08ee7fd731fccb7e6a5d7139d4798c38/transformed/play-services-basement-18.9.0/AndroidManifest.xml:21:9-23:69
474            android:name="com.google.android.gms.version"
474-->[com.google.android.gms:play-services-basement:18.9.0] /opt/gradle/.gradle/caches/9.3.1/transforms/08ee7fd731fccb7e6a5d7139d4798c38/transformed/play-services-basement-18.9.0/AndroidManifest.xml:22:13-58
475            android:value="@integer/google_play_services_version" />
475-->[com.google.android.gms:play-services-basement:18.9.0] /opt/gradle/.gradle/caches/9.3.1/transforms/08ee7fd731fccb7e6a5d7139d4798c38/transformed/play-services-basement-18.9.0/AndroidManifest.xml:23:13-66
476
477        <service
477-->[com.google.android.datatransport:transport-backend-cct:3.1.9] /opt/gradle/.gradle/caches/9.3.1/transforms/e23c7f3b5ef8cdd399a5ea97d167ffba/transformed/transport-backend-cct-3.1.9/AndroidManifest.xml:28:9-34:19
478            android:name="com.google.android.datatransport.runtime.backends.TransportBackendDiscovery"
478-->[com.google.android.datatransport:transport-backend-cct:3.1.9] /opt/gradle/.gradle/caches/9.3.1/transforms/e23c7f3b5ef8cdd399a5ea97d167ffba/transformed/transport-backend-cct-3.1.9/AndroidManifest.xml:29:13-103
479            android:exported="false" >
479-->[com.google.android.datatransport:transport-backend-cct:3.1.9] /opt/gradle/.gradle/caches/9.3.1/transforms/e23c7f3b5ef8cdd399a5ea97d167ffba/transformed/transport-backend-cct-3.1.9/AndroidManifest.xml:30:13-37
480            <meta-data
480-->[com.google.android.datatransport:transport-backend-cct:3.1.9] /opt/gradle/.gradle/caches/9.3.1/transforms/e23c7f3b5ef8cdd399a5ea97d167ffba/transformed/transport-backend-cct-3.1.9/AndroidManifest.xml:31:13-33:39
481                android:name="backend:com.google.android.datatransport.cct.CctBackendFactory"
481-->[com.google.android.datatransport:transport-backend-cct:3.1.9] /opt/gradle/.gradle/caches/9.3.1/transforms/e23c7f3b5ef8cdd399a5ea97d167ffba/transformed/transport-backend-cct-3.1.9/AndroidManifest.xml:32:17-94
482                android:value="cct" />
482-->[com.google.android.datatransport:transport-backend-cct:3.1.9] /opt/gradle/.gradle/caches/9.3.1/transforms/e23c7f3b5ef8cdd399a5ea97d167ffba/transformed/transport-backend-cct-3.1.9/AndroidManifest.xml:33:17-36
483        </service>
484        <service
484-->[com.google.android.datatransport:transport-runtime:3.1.9] /opt/gradle/.gradle/caches/9.3.1/transforms/ecdc50a88c4156fec14411f9ca3ff0ab/transformed/transport-runtime-3.1.9/AndroidManifest.xml:26:9-30:19
485            android:name="com.google.android.datatransport.runtime.scheduling.jobscheduling.JobInfoSchedulerService"
485-->[com.google.android.datatransport:transport-runtime:3.1.9] /opt/gradle/.gradle/caches/9.3.1/transforms/ecdc50a88c4156fec14411f9ca3ff0ab/transformed/transport-runtime-3.1.9/AndroidManifest.xml:27:13-117
486            android:exported="false"
486-->[com.google.android.datatransport:transport-runtime:3.1.9] /opt/gradle/.gradle/caches/9.3.1/transforms/ecdc50a88c4156fec14411f9ca3ff0ab/transformed/transport-runtime-3.1.9/AndroidManifest.xml:28:13-37
487            android:permission="android.permission.BIND_JOB_SERVICE" >
487-->[com.google.android.datatransport:transport-runtime:3.1.9] /opt/gradle/.gradle/caches/9.3.1/transforms/ecdc50a88c4156fec14411f9ca3ff0ab/transformed/transport-runtime-3.1.9/AndroidManifest.xml:29:13-69
488        </service>
489
490        <receiver
490-->[com.google.android.datatransport:transport-runtime:3.1.9] /opt/gradle/.gradle/caches/9.3.1/transforms/ecdc50a88c4156fec14411f9ca3ff0ab/transformed/transport-runtime-3.1.9/AndroidManifest.xml:32:9-34:40
491            android:name="com.google.android.datatransport.runtime.scheduling.jobscheduling.AlarmManagerSchedulerBroadcastReceiver"
491-->[com.google.android.datatransport:transport-runtime:3.1.9] /opt/gradle/.gradle/caches/9.3.1/transforms/ecdc50a88c4156fec14411f9ca3ff0ab/transformed/transport-runtime-3.1.9/AndroidManifest.xml:33:13-132
492            android:exported="false" /> <!-- The activities will be merged into the manifest of the hosting app. -->
492-->[com.google.android.datatransport:transport-runtime:3.1.9] /opt/gradle/.gradle/caches/9.3.1/transforms/ecdc50a88c4156fec14411f9ca3ff0ab/transformed/transport-runtime-3.1.9/AndroidManifest.xml:34:13-37
493        <activity
493-->[com.google.android.play:core-common:2.0.4] /opt/gradle/.gradle/caches/9.3.1/transforms/bf8202e7d1f7eba250ce5e3cead10fc0/transformed/core-common-2.0.4/AndroidManifest.xml:14:9-18:65
494            android:name="com.google.android.play.core.common.PlayCoreDialogWrapperActivity"
494-->[com.google.android.play:core-common:2.0.4] /opt/gradle/.gradle/caches/9.3.1/transforms/bf8202e7d1f7eba250ce5e3cead10fc0/transformed/core-common-2.0.4/AndroidManifest.xml:15:13-93
495            android:exported="false"
495-->[com.google.android.play:core-common:2.0.4] /opt/gradle/.gradle/caches/9.3.1/transforms/bf8202e7d1f7eba250ce5e3cead10fc0/transformed/core-common-2.0.4/AndroidManifest.xml:16:13-37
496            android:stateNotNeeded="true"
496-->[com.google.android.play:core-common:2.0.4] /opt/gradle/.gradle/caches/9.3.1/transforms/bf8202e7d1f7eba250ce5e3cead10fc0/transformed/core-common-2.0.4/AndroidManifest.xml:17:13-42
497            android:theme="@style/Theme.PlayCore.Transparent" />
497-->[com.google.android.play:core-common:2.0.4] /opt/gradle/.gradle/caches/9.3.1/transforms/bf8202e7d1f7eba250ce5e3cead10fc0/transformed/core-common-2.0.4/AndroidManifest.xml:18:13-62
498    </application>
499
500</manifest>

Merged manifest saved to /app/applet/app/build/intermediates/merged_manifest/release/processReleaseMainManifest/AndroidManifest.xml
Stored cache entry for task ':app:processReleaseMainManifest' with cache key 6257c0eb82c3f009360137c5134d735d

> Task :app:mergeReleaseResources
Compiling XML table /app/applet/app/build/intermediates/incremental/release/mergeReleaseResources/merged.dir/values-pt/values-pt.xml to /app/applet/app/build/intermediates/merged_res/release/mergeReleaseResources/values-pt_values-pt.arsc.flat
Compiling XML table /app/applet/app/build/intermediates/incremental/release/mergeReleaseResources/merged.dir/values-hu/values-hu.xml to /app/applet/app/build/intermediates/merged_res/release/mergeReleaseResources/values-hu_values-hu.arsc.flat
Compiling XML table /app/applet/app/build/intermediates/incremental/release/mergeReleaseResources/merged.dir/values-v17/values-v17.xml to /app/applet/app/build/intermediates/merged_res/release/mergeReleaseResources/values-v17_values-v17.arsc.flat
Compiling XML table /app/applet/app/build/intermediates/incremental/release/mergeReleaseResources/merged.dir/values-zh-rHK/values-zh-rHK.xml to /app/applet/app/build/intermediates/merged_res/release/mergeReleaseResources/values-zh-rHK_values-zh-rHK.arsc.flat
Compiling XML table /app/applet/app/build/intermediates/incremental/release/mergeReleaseResources/merged.dir/values-iw/values-iw.xml to /app/applet/app/build/intermediates/merged_res/release/mergeReleaseResources/values-iw_values-iw.arsc.flat
Compiling XML table /app/applet/app/build/intermediates/incremental/release/mergeReleaseResources/merged.dir/values-v21/values-v21.xml to /app/applet/app/build/intermediates/merged_res/release/mergeReleaseResources/values-v21_values-v21.arsc.flat
Compiling XML table /app/applet/app/build/intermediates/incremental/release/mergeReleaseResources/merged.dir/values-v22/values-v22.xml to /app/applet/app/build/intermediates/merged_res/release/mergeReleaseResources/values-v22_values-v22.arsc.flat
Compiling XML table /app/applet/app/build/intermediates/incremental/release/mergeReleaseResources/merged.dir/values-pt-rPT/values-pt-rPT.xml to /app/applet/app/build/intermediates/merged_res/release/mergeReleaseResources/values-pt-rPT_values-pt-rPT.arsc.flat
Compiling XML table /app/applet/app/build/intermediates/incremental/release/mergeReleaseResources/merged.dir/values-v28/values-v28.xml to /app/applet/app/build/intermediates/merged_res/release/mergeReleaseResources/values-v28_values-v28.arsc.flat
Compiling XML table /app/applet/app/build/intermediates/incremental/release/mergeReleaseResources/merged.dir/values-bg/values-bg.xml to /app/applet/app/build/intermediates/merged_res/release/mergeReleaseResources/values-bg_values-bg.arsc.flat
Compiling XML table /app/applet/app/build/intermediates/incremental/release/mergeReleaseResources/merged.dir/values-v30/values-v30.xml to /app/applet/app/build/intermediates/merged_res/release/mergeReleaseResources/values-v30_values-v30.arsc.flat
Compiling XML table /app/applet/app/build/intermediates/incremental/release/mergeReleaseResources/merged.dir/values-sl/values-sl.xml to /app/applet/app/build/intermediates/merged_res/release/mergeReleaseResources/values-sl_values-sl.arsc.flat
Compiling XML table /app/applet/app/build/intermediates/incremental/release/mergeReleaseResources/merged.dir/values-kk/values-kk.xml to /app/applet/app/build/intermediates/merged_res/release/mergeReleaseResources/values-kk_values-kk.arsc.flat
Compiling XML table /app/applet/app/build/intermediates/incremental/release/mergeReleaseResources/merged.dir/values-ko/values-ko.xml to /app/applet/app/build/intermediates/merged_res/release/mergeReleaseResources/values-ko_values-ko.arsc.flat
Compiling XML table /app/applet/app/build/intermediates/incremental/release/mergeReleaseResources/merged.dir/values-pt-rBR/values-pt-rBR.xml to /app/applet/app/build/intermediates/merged_res/release/mergeReleaseResources/values-pt-rBR_values-pt-rBR.arsc.flat
Compiling XML table /app/applet/app/build/intermediates/incremental/release/mergeReleaseResources/merged.dir/values-th/values-th.xml to /app/applet/app/build/intermediates/merged_res/release/mergeReleaseResources/values-th_values-th.arsc.flat
Compiling XML table /app/applet/app/build/intermediates/incremental/release/mergeReleaseResources/merged.dir/values-tr/values-tr.xml to /app/applet/app/build/intermediates/merged_res/release/mergeReleaseResources/values-tr_values-tr.arsc.flat
Compiling XML table /app/applet/app/build/intermediates/incremental/release/mergeReleaseResources/merged.dir/values-lt/values-lt.xml to /app/applet/app/build/intermediates/merged_res/release/mergeReleaseResources/values-lt_values-lt.arsc.flat
Compiling XML table /app/applet/app/build/intermediates/incremental/release/mergeReleaseResources/merged.dir/values-ur/values-ur.xml to /app/applet/app/build/intermediates/merged_res/release/mergeReleaseResources/values-ur_values-ur.arsc.flat
Compiling XML table /app/applet/app/build/intermediates/incremental/release/mergeReleaseResources/merged.dir/values-uz/values-uz.xml to /app/applet/app/build/intermediates/merged_res/release/mergeReleaseResources/values-uz_values-uz.arsc.flat
Compiling XML table /app/applet/app/build/intermediates/incremental/release/mergeReleaseResources/merged.dir/values-el/values-el.xml to /app/applet/app/build/intermediates/merged_res/release/mergeReleaseResources/values-el_values-el.arsc.flat
Compiling XML table /app/applet/app/build/intermediates/incremental/release/mergeReleaseResources/merged.dir/values-et/values-et.xml to /app/applet/app/build/intermediates/merged_res/release/mergeReleaseResources/values-et_values-et.arsc.flat
Compiling XML table /app/applet/app/build/intermediates/incremental/release/mergeReleaseResources/merged.dir/values-port/values-port.xml to /app/applet/app/build/intermediates/merged_res/release/mergeReleaseResources/values-port_values-port.arsc.flat
Compiling XML table /app/applet/app/build/intermediates/incremental/release/mergeReleaseResources/merged.dir/values-nl/values-nl.xml to /app/applet/app/build/intermediates/merged_res/release/mergeReleaseResources/values-nl_values-nl.arsc.flat
Compiling XML table /app/applet/app/build/intermediates/incremental/release/mergeReleaseResources/merged.dir/values-fr/values-fr.xml to /app/applet/app/build/intermediates/merged_res/release/mergeReleaseResources/values-fr_values-fr.arsc.flat
Compiling XML table /app/applet/app/build/intermediates/incremental/release/mergeReleaseResources/merged.dir/values-land/values-land.xml to /app/applet/app/build/intermediates/merged_res/release/mergeReleaseResources/values-land_values-land.arsc.flat
Compiling XML table /app/applet/app/build/intermediates/incremental/release/mergeReleaseResources/merged.dir/values-pa/values-pa.xml to /app/applet/app/build/intermediates/merged_res/release/mergeReleaseResources/values-pa_values-pa.arsc.flat
Compiling xml file /app/applet/app/src/main/res/drawable/ic_doll_princess.xml to /app/applet/app/build/intermediates/merged_res/release/mergeReleaseResources/drawable_ic_doll_princess.xml.flat
Compiling xml file /app/applet/app/src/main/res/drawable/ic_notification.xml to /app/applet/app/build/intermediates/merged_res/release/mergeReleaseResources/drawable_ic_notification.xml.flat
Compiling file /app/applet/app/src/main/res/mipmap-mdpi/ic_launcher_round.webp to /app/applet/app/build/intermediates/merged_res/release/mergeReleaseResources/mipmap-mdpi_ic_launcher_round.webp.flat
Compiling xml file /app/applet/app/src/main/res/drawable/ic_doll_panda.xml to /app/applet/app/build/intermediates/merged_res/release/mergeReleaseResources/drawable_ic_doll_panda.xml.flat
Compiling xml file /app/applet/app/src/main/res/drawable/ic_avatar_male_3.xml to /app/applet/app/build/intermediates/merged_res/release/mergeReleaseResources/drawable_ic_avatar_male_3.xml.flat
Compiling file /app/applet/app/src/main/res/mipmap-xxxhdpi/ic_launcher.webp to /app/applet/app/build/intermediates/merged_res/release/mergeReleaseResources/mipmap-xxxhdpi_ic_launcher.webp.flat
Compiling file /app/applet/app/src/main/res/drawable/img_female_avatar.jpg to /app/applet/app/build/intermediates/merged_res/release/mergeReleaseResources/drawable_img_female_avatar.jpg.flat
Compiling xml file /app/applet/app/src/main/res/mipmap-anydpi-v26/ic_launcher.xml to /app/applet/app/build/intermediates/merged_res/release/mergeReleaseResources/mipmap-anydpi-v26_ic_launcher.xml.flat
Compiling xml file /app/applet/app/src/main/res/drawable/ic_avatar_female_2.xml to /app/applet/app/build/intermediates/merged_res/release/mergeReleaseResources/drawable_ic_avatar_female_2.xml.flat
Compiling file /app/applet/app/src/main/res/drawable/img_app_icon.jpg to /app/applet/app/build/intermediates/merged_res/release/mergeReleaseResources/drawable_img_app_icon.jpg.flat
Compiling file /app/applet/app/src/main/res/font/pacifico.ttf to /app/applet/app/build/intermediates/merged_res/release/mergeReleaseResources/font_pacifico.ttf.flat
Compiling xml file /app/applet/app/src/main/res/drawable/ic_qivo_splash_badge.xml to /app/applet/app/build/intermediates/merged_res/release/mergeReleaseResources/drawable_ic_qivo_splash_badge.xml.flat
Compiling file /app/applet/app/src/main/res/mipmap-xxhdpi/ic_launcher_round.webp to /app/applet/app/build/intermediates/merged_res/release/mergeReleaseResources/mipmap-xxhdpi_ic_launcher_round.webp.flat

Resolve mutations for :app:processReleaseManifest (Thread[#51,Execution worker,5,main]) started.

> Task :app:compileReleaseKotlin
Stored cache entry for BuildToolsApiClasspathEntrySnapshotTransform: /opt/gradle/.gradle/caches/9.3.1/transforms/997ab741b0033d1c68e866990acd5c39/transformed/lifecycle-runtime-ktx-release-api.jar with cache key f7e50f1d4c4757502a518462f594c0de
Build cache key for BuildToolsApiClasspathEntrySnapshotTransform: /opt/gradle/.gradle/caches/9.3.1/transforms/c4816ba21f6ac9b757e6e48ca5f2500e/transformed/runtime-saveable-release-api.jar is 1318fd921ce2463b5de9f1d9e8659a97
Invalidating in-memory cache of /opt/gradle/.gradle/caches/9.3.1/fileHashes/fileHashes.bin
Invalidating in-memory cache of /opt/gradle/.gradle/caches/9.3.1/fileHashes/resourceHashesCache.bin
Invalidating in-memory cache of /opt/gradle/.gradle/caches/journal-1/file-access.bin
Stored cache entry for BuildToolsApiClasspathEntrySnapshotTransform: /opt/gradle/.gradle/caches/9.3.1/transforms/c4816ba21f6ac9b757e6e48ca5f2500e/transformed/runtime-saveable-release-api.jar with cache key 1318fd921ce2463b5de9f1d9e8659a97
Invalidating in-memory cache of /opt/gradle/.gradle/caches/9.3.1/fileHashes/fileHashes.bin
Invalidating in-memory cache of /opt/gradle/.gradle/caches/9.3.1/fileHashes/resourceHashesCache.bin
Build cache key for BuildToolsApiClasspathEntrySnapshotTransform: /opt/gradle/.gradle/caches/9.3.1/transforms/cc193c478df3361487f7abfb13b5d7b2/transformed/runtime-release-api.jar is b9fa6d56d3a4448b704f31da161ac1e0
Stored cache entry for BuildToolsApiClasspathEntrySnapshotTransform: /opt/gradle/.gradle/caches/9.3.1/transforms/2ea24ffb66c274af463079d335d2d895/transformed/ui-release-api.jar with cache key a77d61c377a194059e0142b2ebb94a67
Invalidating in-memory cache of /opt/gradle/.gradle/caches/9.3.1/fileHashes/fileHashes.bin
Invalidating in-memory cache of /opt/gradle/.gradle/caches/9.3.1/fileHashes/resourceHashesCache.bin
Build cache key for BuildToolsApiClasspathEntrySnapshotTransform: /opt/gradle/.gradle/caches/modules-2/files-2.1/org.jetbrains.kotlinx/kotlinx-coroutines-android/1.10.2/c8705d275d81f19e8afaf3ff9b5bf7a4b6b6c19b/kotlinx-coroutines-android-1.10.2.jar is 2cf1fc3d3ca847a9ffaa786d9f2e3db4
Invalidating in-memory cache of /opt/gradle/.gradle/caches/journal-1/file-access.bin
Stored cache entry for BuildToolsApiClasspathEntrySnapshotTransform: /opt/gradle/.gradle/caches/modules-2/files-2.1/org.jetbrains.kotlinx/kotlinx-coroutines-android/1.10.2/c8705d275d81f19e8afaf3ff9b5bf7a4b6b6c19b/kotlinx-coroutines-android-1.10.2.jar with cache key 2cf1fc3d3ca847a9ffaa786d9f2e3db4
Invalidating in-memory cache of /opt/gradle/.gradle/caches/9.3.1/fileHashes/fileHashes.bin
Invalidating in-memory cache of /opt/gradle/.gradle/caches/9.3.1/fileHashes/resourceHashesCache.bin
Invalidating in-memory cache of /opt/gradle/.gradle/caches/journal-1/file-access.bin
Invalidating in-memory cache of /opt/gradle/.gradle/caches/9.3.1/fileHashes/fileHashes.bin
Invalidating in-memory cache of /opt/gradle/.gradle/caches/9.3.1/fileHashes/resourceHashesCache.bin
Build cache key for BuildToolsApiClasspathEntrySnapshotTransform: /opt/gradle/.gradle/caches/9.3.1/transforms/3a3aca775e0a85fc3eb9134700e4d302/transformed/ads-adservices-java-1.1.0-beta11-api.jar is b6dc5712e5ec92cb8ba46a680161adc6
Invalidating in-memory cache of /opt/gradle/.gradle/caches/journal-1/file-access.bin
Stored cache entry for BuildToolsApiClasspathEntrySnapshotTransform: /opt/gradle/.gradle/caches/9.3.1/transforms/3a3aca775e0a85fc3eb9134700e4d302/transformed/ads-adservices-java-1.1.0-beta11-api.jar with cache key b6dc5712e5ec92cb8ba46a680161adc6
Stored cache entry for BuildToolsApiClasspathEntrySnapshotTransform: /opt/gradle/.gradle/caches/9.3.1/transforms/cc193c478df3361487f7abfb13b5d7b2/transformed/runtime-release-api.jar with cache key b9fa6d56d3a4448b704f31da161ac1e0
Build cache key for BuildToolsApiClasspathEntrySnapshotTransform: /opt/gradle/.gradle/caches/9.3.1/transforms/43bad935b96082b89eca2ae711d74611/transformed/ads-adservices-1.1.0-beta11-api.jar is 0708ac12a5d5f9d07bfbc1d8a0380ef7
Build cache key for BuildToolsApiClasspathEntrySnapshotTransform: /opt/gradle/.gradle/caches/modules-2/files-2.1/org.jetbrains.kotlinx/kotlinx-coroutines-core-jvm/1.10.2/4a9f78ef49483748e2c129f3d124b8fa249dafbf/kotlinx-coroutines-core-jvm-1.10.2.jar is 4eae8a92a237ec5a626b0fe13264bdd7
Invalidating in-memory cache of /opt/gradle/.gradle/caches/9.3.1/fileHashes/fileHashes.bin
Invalidating in-memory cache of /opt/gradle/.gradle/caches/9.3.1/fileHashes/resourceHashesCache.bin
Invalidating in-memory cache of /opt/gradle/.gradle/caches/journal-1/file-access.bin
Stored cache entry for BuildToolsApiClasspathEntrySnapshotTransform: /opt/gradle/.gradle/caches/9.3.1/transforms/43bad935b96082b89eca2ae711d74611/transformed/ads-adservices-1.1.0-beta11-api.jar with cache key 0708ac12a5d5f9d07bfbc1d8a0380ef7
Invalidating in-memory cache of /opt/gradle/.gradle/caches/9.3.1/fileHashes/fileHashes.bin
Invalidating in-memory cache of /opt/gradle/.gradle/caches/9.3.1/fileHashes/resourceHashesCache.bin
Build cache key for BuildToolsApiClasspathEntrySnapshotTransform: /opt/gradle/.gradle/caches/modules-2/files-2.1/org.jetbrains.kotlinx/kotlinx-coroutines-play-services/1.10.2/61cc2b7de54f902c76fb2e3649bb1cd890a4a1cc/kotlinx-coroutines-play-services-1.10.2.jar is 61b139a80b19c17f3b8b9ad371e95615
Stored cache entry for BuildToolsApiClasspathEntrySnapshotTransform: /opt/gradle/.gradle/caches/modules-2/files-2.1/org.jetbrains.kotlinx/kotlinx-coroutines-play-services/1.10.2/61cc2b7de54f902c76fb2e3649bb1cd890a4a1cc/kotlinx-coroutines-play-services-1.10.2.jar with cache key 61b139a80b19c17f3b8b9ad371e95615
Build cache key for BuildToolsApiClasspathEntrySnapshotTransform: /opt/gradle/.gradle/caches/9.3.1/transforms/db577c6a972aada5b3caeeedb283c198/transformed/play-services-tasks-18.4.0-api.jar is 8adaa1f864b42bfb26d4b8872c5e35c3
Stored cache entry for BuildToolsApiClasspathEntrySnapshotTransform: /opt/gradle/.gradle/caches/9.3.1/transforms/db577c6a972aada5b3caeeedb283c198/transformed/play-services-tasks-18.4.0-api.jar with cache key 8adaa1f864b42bfb26d4b8872c5e35c3
Build cache key for BuildToolsApiClasspathEntrySnapshotTransform: /opt/gradle/.gradle/caches/9.3.1/transforms/2da6a86f8405399bf9129870f223f3f0/transformed/play-services-places-placereport-17.0.0-api.jar is 8f3629c8910091c071967089236f3921
Stored cache entry for BuildToolsApiClasspathEntrySnapshotTransform: /opt/gradle/.gradle/caches/9.3.1/transforms/2da6a86f8405399bf9129870f223f3f0/transformed/play-services-places-placereport-17.0.0-api.jar with cache key 8f3629c8910091c071967089236f3921
Build cache key for BuildToolsApiClasspathEntrySnapshotTransform: /opt/gradle/.gradle/caches/9.3.1/transforms/cd1c6e664ac97f7dab8b9302bf0319bd/transformed/play-services-basement-18.9.0-api.jar is 75afe78022f530faadd98b8caafd3c1e
Invalidating in-memory cache of /opt/gradle/.gradle/caches/9.3.1/fileHashes/fileHashes.bin
Invalidating in-memory cache of /opt/gradle/.gradle/caches/9.3.1/fileHashes/resourceHashesCache.bin
Invalidating in-memory cache of /opt/gradle/.gradle/caches/journal-1/file-access.bin
Stored cache entry for BuildToolsApiClasspathEntrySnapshotTransform: /opt/gradle/.gradle/caches/modules-2/files-2.1/org.jetbrains.kotlinx/kotlinx-coroutines-core-jvm/1.10.2/4a9f78ef49483748e2c129f3d124b8fa249dafbf/kotlinx-coroutines-core-jvm-1.10.2.jar with cache key 4eae8a92a237ec5a626b0fe13264bdd7
Stored cache entry for BuildToolsApiClasspathEntrySnapshotTransform: /opt/gradle/.gradle/caches/9.3.1/transforms/cd1c6e664ac97f7dab8b9302bf0319bd/transformed/play-services-basement-18.9.0-api.jar with cache key 75afe78022f530faadd98b8caafd3c1e
Invalidating in-memory cache of /opt/gradle/.gradle/caches/9.3.1/fileHashes/fileHashes.bin
Invalidating in-memory cache of /opt/gradle/.gradle/caches/9.3.1/fileHashes/resourceHashesCache.bin
Build cache key for BuildToolsApiClasspathEntrySnapshotTransform: /opt/gradle/.gradle/caches/9.3.1/transforms/2995fc6bfa13e57c2bb4e9b6acfe93cd/transformed/activity-1.10.1-api.jar is 2c66ee70e85ce3925b007dbeb25d4804
Build cache key for BuildToolsApiClasspathEntrySnapshotTransform: /opt/gradle/.gradle/caches/9.3.1/transforms/ef743ff95eac74c521fe2003f6f9ba18/transformed/fragment-1.2.5-api.jar is 17f297c82d9fd5fb97e2d09df8d9f60a
Invalidating in-memory cache of /opt/gradle/.gradle/caches/9.3.1/fileHashes/fileHashes.bin
Invalidating in-memory cache of /opt/gradle/.gradle/caches/9.3.1/fileHashes/resourceHashesCache.bin
Invalidating in-memory cache of /opt/gradle/.gradle/caches/journal-1/file-access.bin
Stored cache entry for BuildToolsApiClasspathEntrySnapshotTransform: /opt/gradle/.gradle/caches/9.3.1/transforms/2995fc6bfa13e57c2bb4e9b6acfe93cd/transformed/activity-1.10.1-api.jar with cache key 2c66ee70e85ce3925b007dbeb25d4804
Stored cache entry for BuildToolsApiClasspathEntrySnapshotTransform: /opt/gradle/.gradle/caches/9.3.1/transforms/ef743ff95eac74c521fe2003f6f9ba18/transformed/fragment-1.2.5-api.jar with cache key 17f297c82d9fd5fb97e2d09df8d9f60a

:app:processReleaseManifest (Thread[#51,Execution worker,5,main]) started.

> Task :app:processReleaseManifest
Build cache key for task ':app:processReleaseManifest' is b9a9548be8ee8537bd634e1b219ff530
Task ':app:processReleaseManifest' is not up-to-date because:
  No history is available.
Stored cache entry for task ':app:processReleaseManifest' with cache key b9a9548be8ee8537bd634e1b219ff530
Resolve mutations for :app:processReleaseManifestForPackage (Thread[#51,Execution worker,5,main]) started.
:app:processReleaseManifestForPackage (Thread[#51,Execution worker,5,main]) started.

> Task :app:compileReleaseKotlin
Invalidating in-memory cache of /opt/gradle/.gradle/caches/9.3.1/fileHashes/fileHashes.bin
Invalidating in-memory cache of /opt/gradle/.gradle/caches/9.3.1/fileHashes/resourceHashesCache.bin
Invalidating in-memory cache of /opt/gradle/.gradle/caches/journal-1/file-access.bin
Invalidating in-memory cache of /opt/gradle/.gradle/caches/9.3.1/fileHashes/fileHashes.bin
Invalidating in-memory cache of /opt/gradle/.gradle/caches/9.3.1/fileHashes/resourceHashesCache.bin
Build cache key for BuildToolsApiClasspathEntrySnapshotTransform: /opt/gradle/.gradle/caches/9.3.1/transforms/21fabef16657979d871ad9deb9570dd4/transformed/activity-ktx-1.10.1-api.jar is 8150b3881ae799fc84b68a62ed6febd4
Build cache key for BuildToolsApiClasspathEntrySnapshotTransform: /opt/gradle/.gradle/caches/9.3.1/transforms/9bd57896701c9687b2122afe6780c60c/transformed/activity-compose-1.10.1-api.jar is abe0ee178744a081a1fd8fe47d69bcc5
Invalidating in-memory cache of /opt/gradle/.gradle/caches/9.3.1/fileHashes/fileHashes.bin
Invalidating in-memory cache of /opt/gradle/.gradle/caches/9.3.1/fileHashes/resourceHashesCache.bin
Invalidating in-memory cache of /opt/gradle/.gradle/caches/journal-1/file-access.bin
Stored cache entry for BuildToolsApiClasspathEntrySnapshotTransform: /opt/gradle/.gradle/caches/9.3.1/transforms/21fabef16657979d871ad9deb9570dd4/transformed/activity-ktx-1.10.1-api.jar with cache key 8150b3881ae799fc84b68a62ed6febd4
Stored cache entry for BuildToolsApiClasspathEntrySnapshotTransform: /opt/gradle/.gradle/caches/9.3.1/transforms/9bd57896701c9687b2122afe6780c60c/transformed/activity-compose-1.10.1-api.jar with cache key abe0ee178744a081a1fd8fe47d69bcc5
Invalidating in-memory cache of /opt/gradle/.gradle/caches/9.3.1/fileHashes/fileHashes.bin
Invalidating in-memory cache of /opt/gradle/.gradle/caches/9.3.1/fileHashes/resourceHashesCache.bin
Invalidating in-memory cache of /opt/gradle/.gradle/caches/journal-1/file-access.bin
Build cache key for BuildToolsApiClasspathEntrySnapshotTransform: /opt/gradle/.gradle/caches/9.3.1/transforms/a8bce8108bc01e89684019e433b2d0b8/transformed/annotation-experimental-1.4.1-api.jar is 1e2f4bad86a390929d9c0a73092a9522
Build cache key for BuildToolsApiClasspathEntrySnapshotTransform: /opt/gradle/.gradle/caches/9.3.1/transforms/c685ea8ec39544b986f73b9d5d1daa96/transformed/core-ktx-1.18.0-api.jar is ccc4e2bb2c21c5e32034307797c5fa6e
Stored cache entry for BuildToolsApiClasspathEntrySnapshotTransform: /opt/gradle/.gradle/caches/9.3.1/transforms/a8bce8108bc01e89684019e433b2d0b8/transformed/annotation-experimental-1.4.1-api.jar with cache key 1e2f4bad86a390929d9c0a73092a9522
Build cache key for BuildToolsApiClasspathEntrySnapshotTransform: /opt/gradle/.gradle/caches/modules-2/files-2.1/com.squareup.okhttp3/logging-interceptor/4.10.0/ae7524eec42d4ab0c3a7cb93da010cf9bcc5007c/logging-interceptor-4.10.0.jar is 31005465643ecaf77f827e0ef19ec195
Stored cache entry for BuildToolsApiClasspathEntrySnapshotTransform: /opt/gradle/.gradle/caches/modules-2/files-2.1/com.squareup.okhttp3/logging-interceptor/4.10.0/ae7524eec42d4ab0c3a7cb93da010cf9bcc5007c/logging-interceptor-4.10.0.jar with cache key 31005465643ecaf77f827e0ef19ec195
Build cache key for BuildToolsApiClasspathEntrySnapshotTransform: /opt/gradle/.gradle/caches/modules-2/files-2.1/com.squareup.moshi/moshi-kotlin/1.15.2/7b1097b592daa615344f3d52d5a4147d4eb29583/moshi-kotlin-1.15.2.jar is d81d20b74a28d53dca77132bb73cda56
Stored cache entry for BuildToolsApiClasspathEntrySnapshotTransform: /opt/gradle/.gradle/caches/9.3.1/transforms/c685ea8ec39544b986f73b9d5d1daa96/transformed/core-ktx-1.18.0-api.jar with cache key ccc4e2bb2c21c5e32034307797c5fa6e
Stored cache entry for BuildToolsApiClasspathEntrySnapshotTransform: /opt/gradle/.gradle/caches/modules-2/files-2.1/com.squareup.moshi/moshi-kotlin/1.15.2/7b1097b592daa615344f3d52d5a4147d4eb29583/moshi-kotlin-1.15.2.jar with cache key d81d20b74a28d53dca77132bb73cda56
Stored cache entry for BuildToolsApiClasspathEntrySnapshotTransform: /opt/gradle/.gradle/caches/9.3.1/transforms/3dd02f8fbfd1df144a7fc513892300d8/transformed/material-icons-extended-release-api.jar with cache key 1acd4916672a4d1862074651416648ab
Build cache key for BuildToolsApiClasspathEntrySnapshotTransform: /opt/gradle/.gradle/caches/modules-2/files-2.1/com.squareup.retrofit2/converter-moshi/2.12.0/bf4559b4cdc2002bbe6a025e36cb4252552101f7/converter-moshi-2.12.0.jar is 18ce42065ee01159e49df1941f3abd73
Build cache key for BuildToolsApiClasspathEntrySnapshotTransform: /opt/gradle/.gradle/caches/modules-2/files-2.1/com.squareup.moshi/moshi/1.15.2/8e9a6b11929c7c162a4ded3bb064cbd514af639a/moshi-1.15.2.jar is d4301de84e4f961d442bafd73b785177
Build cache key for BuildToolsApiClasspathEntrySnapshotTransform: /opt/gradle/.gradle/caches/modules-2/files-2.1/com.squareup.retrofit2/retrofit/2.12.0/6b90753ddd52e2c30f778af266253e5390b7ae24/retrofit-2.12.0.jar is 1934e1ee0ed86b3dc20bcc16365d2190
Stored cache entry for BuildToolsApiClasspathEntrySnapshotTransform: /opt/gradle/.gradle/caches/modules-2/files-2.1/com.squareup.retrofit2/converter-moshi/2.12.0/bf4559b4cdc2002bbe6a025e36cb4252552101f7/converter-moshi-2.12.0.jar with cache key 18ce42065ee01159e49df1941f3abd73
Build cache key for BuildToolsApiClasspathEntrySnapshotTransform: /opt/gradle/.gradle/caches/modules-2/files-2.1/com.squareup.okhttp3/okhttp/4.12.0/2f4525d4a200e97e1b87449c2cd9bd2e25b7e8cd/okhttp-4.12.0.jar is 607fcbaf38b9a4683ca40f0c7f634899
Stored cache entry for BuildToolsApiClasspathEntrySnapshotTransform: /opt/gradle/.gradle/caches/modules-2/files-2.1/com.squareup.moshi/moshi/1.15.2/8e9a6b11929c7c162a4ded3bb064cbd514af639a/moshi-1.15.2.jar with cache key d4301de84e4f961d442bafd73b785177
Build cache key for BuildToolsApiClasspathEntrySnapshotTransform: /opt/gradle/.gradle/caches/modules-2/files-2.1/org.jetbrains.kotlin/kotlin-stdlib-jdk8/1.8.21/67f57e154437cd9e6e9cf368394b95814836ff88/kotlin-stdlib-jdk8-1.8.21.jar is cfa4fdacc5c213f83655b4a382dff3ac
Stored cache entry for BuildToolsApiClasspathEntrySnapshotTransform: /opt/gradle/.gradle/caches/modules-2/files-2.1/com.squareup.retrofit2/retrofit/2.12.0/6b90753ddd52e2c30f778af266253e5390b7ae24/retrofit-2.12.0.jar with cache key 1934e1ee0ed86b3dc20bcc16365d2190
Build cache key for BuildToolsApiClasspathEntrySnapshotTransform: /opt/gradle/.gradle/caches/modules-2/files-2.1/org.jetbrains.kotlin/kotlin-reflect/1.8.21/662838019bc1141f8a311180d93b9e13765c7f55/kotlin-reflect-1.8.21.jar is 41ae7c95fe6b20f2e719a8f8ab3f46d4
Stored cache entry for BuildToolsApiClasspathEntrySnapshotTransform: /opt/gradle/.gradle/caches/modules-2/files-2.1/org.jetbrains.kotlin/kotlin-stdlib-jdk8/1.8.21/67f57e154437cd9e6e9cf368394b95814836ff88/kotlin-stdlib-jdk8-1.8.21.jar with cache key cfa4fdacc5c213f83655b4a382dff3ac
Build cache key for BuildToolsApiClasspathEntrySnapshotTransform: /opt/gradle/.gradle/caches/9.3.1/transforms/08364c70e5636a6f4ef43161bba61593/transformed/savedstate-1.2.1-api.jar is d7b081b4a92038cd7e760f20d579907c
Stored cache entry for BuildToolsApiClasspathEntrySnapshotTransform: /opt/gradle/.gradle/caches/9.3.1/transforms/08364c70e5636a6f4ef43161bba61593/transformed/savedstate-1.2.1-api.jar with cache key d7b081b4a92038cd7e760f20d579907c
Build cache key for BuildToolsApiClasspathEntrySnapshotTransform: /opt/gradle/.gradle/caches/9.3.1/transforms/eac5d05e30f697acf6a97f335886045e/transformed/savedstate-ktx-1.2.1-api.jar is 4f2a3f71fefdf7d556abf2fd775fe97e
Stored cache entry for BuildToolsApiClasspathEntrySnapshotTransform: /opt/gradle/.gradle/caches/9.3.1/transforms/eac5d05e30f697acf6a97f335886045e/transformed/savedstate-ktx-1.2.1-api.jar with cache key 4f2a3f71fefdf7d556abf2fd775fe97e
Build cache key for BuildToolsApiClasspathEntrySnapshotTransform: /opt/gradle/.gradle/caches/9.3.1/transforms/5f9da2d90c928a26b5cdef280ec3ac0e/transformed/core-viewtree-1.0.0-api.jar is b02ae45b91e76594c6ffc4de9149c054
Stored cache entry for BuildToolsApiClasspathEntrySnapshotTransform: /opt/gradle/.gradle/caches/9.3.1/transforms/5f9da2d90c928a26b5cdef280ec3ac0e/transformed/core-viewtree-1.0.0-api.jar with cache key b02ae45b91e76594c6ffc4de9149c054
Build cache key for BuildToolsApiClasspathEntrySnapshotTransform: /opt/gradle/.gradle/caches/modules-2/files-2.1/org.jetbrains.kotlin/kotlin-stdlib-jdk7/1.8.21/7473b8cd3c0ef9932345baf569bc398e8a717046/kotlin-stdlib-jdk7-1.8.21.jar is c19fbc9c343726a3198ff3aec1a614f3
Stored cache entry for BuildToolsApiClasspathEntrySnapshotTransform: /opt/gradle/.gradle/caches/modules-2/files-2.1/org.jetbrains.kotlin/kotlin-stdlib-jdk7/1.8.21/7473b8cd3c0ef9932345baf569bc398e8a717046/kotlin-stdlib-jdk7-1.8.21.jar with cache key c19fbc9c343726a3198ff3aec1a614f3
Build cache key for BuildToolsApiClasspathEntrySnapshotTransform: /opt/gradle/.gradle/caches/9.3.1/transforms/213ac8dc33d0a11e1559d8dc97edb9c5/transformed/versionedparcelable-1.1.1-api.jar is a6a4d92c16ce20a3e092271c476865ac
Stored cache entry for BuildToolsApiClasspathEntrySnapshotTransform: /opt/gradle/.gradle/caches/modules-2/files-2.1/com.squareup.okhttp3/okhttp/4.12.0/2f4525d4a200e97e1b87449c2cd9bd2e25b7e8cd/okhttp-4.12.0.jar with cache key 607fcbaf38b9a4683ca40f0c7f634899
Build cache key for BuildToolsApiClasspathEntrySnapshotTransform: /opt/gradle/.gradle/caches/modules-2/files-2.1/androidx.collection/collection-jvm/1.4.2/bc60b5568a66d765a9fe8e266fd0c6c727e0b50b/collection-jvm-1.4.2.jar is 51137132ba6741114edb79b18995171d
Stored cache entry for BuildToolsApiClasspathEntrySnapshotTransform: /opt/gradle/.gradle/caches/9.3.1/transforms/213ac8dc33d0a11e1559d8dc97edb9c5/transformed/versionedparcelable-1.1.1-api.jar with cache key a6a4d92c16ce20a3e092271c476865ac
Build cache key for BuildToolsApiClasspathEntrySnapshotTransform: /opt/gradle/.gradle/caches/9.3.1/transforms/fbe69a7fe383345c5a0b84c2349aa77c/transformed/firebase-datatransport-18.2.0-api.jar is 91bee2d0128a924c4e55b59eae6747f6
Invalidating in-memory cache of /opt/gradle/.gradle/caches/journal-1/file-access.bin
Stored cache entry for BuildToolsApiClasspathEntrySnapshotTransform: /opt/gradle/.gradle/caches/9.3.1/transforms/fbe69a7fe383345c5a0b84c2349aa77c/transformed/firebase-datatransport-18.2.0-api.jar with cache key 91bee2d0128a924c4e55b59eae6747f6
Invalidating in-memory cache of /opt/gradle/.gradle/caches/9.3.1/fileHashes/fileHashes.bin
Invalidating in-memory cache of /opt/gradle/.gradle/caches/9.3.1/fileHashes/resourceHashesCache.bin
Invalidating in-memory cache of /opt/gradle/.gradle/caches/journal-1/file-access.bin
Build cache key for BuildToolsApiClasspathEntrySnapshotTransform: /opt/gradle/.gradle/caches/9.3.1/transforms/ef709d98b81ea0cf0afb220d86ff4e97/transformed/transport-backend-cct-3.1.9-api.jar is cd66a62198349608f964612013395b73
Stored cache entry for BuildToolsApiClasspathEntrySnapshotTransform: /opt/gradle/.gradle/caches/modules-2/files-2.1/androidx.collection/collection-jvm/1.4.2/bc60b5568a66d765a9fe8e266fd0c6c727e0b50b/collection-jvm-1.4.2.jar with cache key 51137132ba6741114edb79b18995171d
Build cache key for BuildToolsApiClasspathEntrySnapshotTransform: /opt/gradle/.gradle/caches/9.3.1/transforms/a8f8ccdcca0ecd8a024883c740e0c8e4/transformed/firebase-encoders-json-18.0.0-api.jar is 35cacfc809303fdb393cc2974a8f286b
Stored cache entry for BuildToolsApiClasspathEntrySnapshotTransform: /opt/gradle/.gradle/caches/9.3.1/transforms/a8f8ccdcca0ecd8a024883c740e0c8e4/transformed/firebase-encoders-json-18.0.0-api.jar with cache key 35cacfc809303fdb393cc2974a8f286b
Stored cache entry for BuildToolsApiClasspathEntrySnapshotTransform: /opt/gradle/.gradle/caches/9.3.1/transforms/ef709d98b81ea0cf0afb220d86ff4e97/transformed/transport-backend-cct-3.1.9-api.jar with cache key cd66a62198349608f964612013395b73
Build cache key for BuildToolsApiClasspathEntrySnapshotTransform: /opt/gradle/.gradle/caches/9.3.1/transforms/5e8efacf30fa8f7b6888c106668ee69f/transformed/transport-runtime-3.1.9-api.jar is 7c68e21ae474ccefd5901f963af2ddb5
Build cache key for BuildToolsApiClasspathEntrySnapshotTransform: /opt/gradle/.gradle/caches/modules-2/files-2.1/com.google.firebase/firebase-encoders-proto/16.0.0/a42d5fd83b96ae7b73a8617d29c94703e18c9992/firebase-encoders-proto-16.0.0.jar is 27632e7f171fc5ba8d42b8c0f2d53098
Stored cache entry for BuildToolsApiClasspathEntrySnapshotTransform: /opt/gradle/.gradle/caches/modules-2/files-2.1/com.google.firebase/firebase-encoders-proto/16.0.0/a42d5fd83b96ae7b73a8617d29c94703e18c9992/firebase-encoders-proto-16.0.0.jar with cache key 27632e7f171fc5ba8d42b8c0f2d53098
Build cache key for BuildToolsApiClasspathEntrySnapshotTransform: /opt/gradle/.gradle/caches/modules-2/files-2.1/com.google.firebase/firebase-encoders/17.0.0/26f52dc549c42575b155f8c720e84059ee600a85/firebase-encoders-17.0.0.jar is d74a1b595f4491e401a87945f701026e
Stored cache entry for BuildToolsApiClasspathEntrySnapshotTransform: /opt/gradle/.gradle/caches/modules-2/files-2.1/com.google.firebase/firebase-encoders/17.0.0/26f52dc549c42575b155f8c720e84059ee600a85/firebase-encoders-17.0.0.jar with cache key d74a1b595f4491e401a87945f701026e
Build cache key for BuildToolsApiClasspathEntrySnapshotTransform: /opt/gradle/.gradle/caches/9.3.1/transforms/cab29229617932538215d5ed15f1bca5/transformed/transport-api-3.0.0-api.jar is 77020d5feaf934742231942176b80ce8
Stored cache entry for BuildToolsApiClasspathEntrySnapshotTransform: /opt/gradle/.gradle/caches/9.3.1/transforms/cab29229617932538215d5ed15f1bca5/transformed/transport-api-3.0.0-api.jar with cache key 77020d5feaf934742231942176b80ce8
Build cache key for BuildToolsApiClasspathEntrySnapshotTransform: /opt/gradle/.gradle/caches/9.3.1/transforms/07ee5d0b8cd614f07da41843b2f404c2/transformed/security-crypto-1.1.0-alpha03-api.jar is 7578cbfd04af409110697a8a292d15e7
Stored cache entry for BuildToolsApiClasspathEntrySnapshotTransform: /opt/gradle/.gradle/caches/9.3.1/transforms/5e8efacf30fa8f7b6888c106668ee69f/transformed/transport-runtime-3.1.9-api.jar with cache key 7c68e21ae474ccefd5901f963af2ddb5
Build cache key for BuildToolsApiClasspathEntrySnapshotTransform: /opt/gradle/.gradle/caches/9.3.1/transforms/768554d730b236efce1b97de02d0aa81/transformed/core-runtime-2.2.0-api.jar is 2790b1dcba1e453a06f1aafcd53de1e7
Stored cache entry for BuildToolsApiClasspathEntrySnapshotTransform: /opt/gradle/.gradle/caches/9.3.1/transforms/07ee5d0b8cd614f07da41843b2f404c2/transformed/security-crypto-1.1.0-alpha03-api.jar with cache key 7578cbfd04af409110697a8a292d15e7
Stored cache entry for BuildToolsApiClasspathEntrySnapshotTransform: /opt/gradle/.gradle/caches/9.3.1/transforms/768554d730b236efce1b97de02d0aa81/transformed/core-runtime-2.2.0-api.jar with cache key 2790b1dcba1e453a06f1aafcd53de1e7
Build cache key for BuildToolsApiClasspathEntrySnapshotTransform: /opt/gradle/.gradle/caches/9.3.1/transforms/e1d59512e1d7dc73c2710de3dbe94731/transformed/sqlite-framework-release-api.jar is beab73e278e1fbdcd9f342279eb03a15
Build cache key for BuildToolsApiClasspathEntrySnapshotTransform: /opt/gradle/.gradle/caches/9.3.1/transforms/1f434bb1c2a3aaca337944b236d477a3/transformed/sqlite-release-api.jar is f4d34fc0214d75cfe9fd307f910c97b5
Stored cache entry for BuildToolsApiClasspathEntrySnapshotTransform: /opt/gradle/.gradle/caches/9.3.1/transforms/e1d59512e1d7dc73c2710de3dbe94731/transformed/sqlite-framework-release-api.jar with cache key beab73e278e1fbdcd9f342279eb03a15
Stored cache entry for BuildToolsApiClasspathEntrySnapshotTransform: /opt/gradle/.gradle/caches/9.3.1/transforms/1f434bb1c2a3aaca337944b236d477a3/transformed/sqlite-release-api.jar with cache key f4d34fc0214d75cfe9fd307f910c97b5
Build cache key for BuildToolsApiClasspathEntrySnapshotTransform: /opt/gradle/.gradle/caches/9.3.1/transforms/bba84daaca9b4d83ae636ca9ff831c10/transformed/documentfile-1.0.0-api.jar is bc647b8a319a34022cdd22a3c6c653a3
Build cache key for BuildToolsApiClasspathEntrySnapshotTransform: /opt/gradle/.gradle/caches/9.3.1/transforms/4cc6d0d64600c9885dc97197fc00488f/transformed/localbroadcastmanager-1.0.0-api.jar is fd9d82800d586f66ac947b6577797d39
Stored cache entry for BuildToolsApiClasspathEntrySnapshotTransform: /opt/gradle/.gradle/caches/modules-2/files-2.1/org.jetbrains.kotlin/kotlin-reflect/1.8.21/662838019bc1141f8a311180d93b9e13765c7f55/kotlin-reflect-1.8.21.jar with cache key 41ae7c95fe6b20f2e719a8f8ab3f46d4
Stored cache entry for BuildToolsApiClasspathEntrySnapshotTransform: /opt/gradle/.gradle/caches/9.3.1/transforms/4cc6d0d64600c9885dc97197fc00488f/transformed/localbroadcastmanager-1.0.0-api.jar with cache key fd9d82800d586f66ac947b6577797d39
Stored cache entry for BuildToolsApiClasspathEntrySnapshotTransform: /opt/gradle/.gradle/caches/9.3.1/transforms/bba84daaca9b4d83ae636ca9ff831c10/transformed/documentfile-1.0.0-api.jar with cache key bc647b8a319a34022cdd22a3c6c653a3
Build cache key for BuildToolsApiClasspathEntrySnapshotTransform: /opt/gradle/.gradle/caches/9.3.1/transforms/581f6aa18e45530572c5039a8f5aa639/transformed/print-1.0.0-api.jar is aba72700231982fbbf40964aa0bee100
Build cache key for BuildToolsApiClasspathEntrySnapshotTransform: /opt/gradle/.gradle/caches/modules-2/files-2.1/androidx.arch.core/core-common/2.2.0/5e1b8b81dfd5f52c56a8d53b18ca759c19a301f3/core-common-2.2.0.jar is a4541b06375513374f27c9b084e0d920
Build cache key for BuildToolsApiClasspathEntrySnapshotTransform: /opt/gradle/.gradle/caches/modules-2/files-2.1/androidx.annotation/annotation-jvm/1.9.1/b17951747e38bf3986a24431b9ba0d039958aa5f/annotation-jvm-1.9.1.jar is b2c2d3bc8b4086b03d453fd40d0381b8
Build cache key for BuildToolsApiClasspathEntrySnapshotTransform: /opt/gradle/.gradle/caches/modules-2/files-2.1/com.squareup.okio/okio-jvm/3.9.0/eaa4f7858a1e80908b1a2e861e662edd7c6cbbb5/okio-jvm-3.9.0.jar is 841d2aa631ff643081f3882037cd6baf
Stored cache entry for BuildToolsApiClasspathEntrySnapshotTransform: /opt/gradle/.gradle/caches/9.3.1/transforms/581f6aa18e45530572c5039a8f5aa639/transformed/print-1.0.0-api.jar with cache key aba72700231982fbbf40964aa0bee100
Build cache key for BuildToolsApiClasspathEntrySnapshotTransform: /opt/gradle/.gradle/caches/modules-2/files-2.1/org.jetbrains.kotlin/kotlin-stdlib/2.2.10/30de6faa127a4a012db8e71bf1b9c0a99b1402b2/kotlin-stdlib-2.2.10.jar is 2eaea0c76890b07298dc4d54ef6ae3d1
Stored cache entry for BuildToolsApiClasspathEntrySnapshotTransform: /opt/gradle/.gradle/caches/modules-2/files-2.1/androidx.arch.core/core-common/2.2.0/5e1b8b81dfd5f52c56a8d53b18ca759c19a301f3/core-common-2.2.0.jar with cache key a4541b06375513374f27c9b084e0d920
Build cache key for BuildToolsApiClasspathEntrySnapshotTransform: /opt/gradle/.gradle/caches/modules-2/files-2.1/org.jetbrains/annotations/23.0.0/8cc20c07506ec18e0834947b84a864bfc094484e/annotations-23.0.0.jar is 5cc575efe57c656801c4fbd48efa2033
Stored cache entry for BuildToolsApiClasspathEntrySnapshotTransform: /opt/gradle/.gradle/caches/modules-2/files-2.1/androidx.annotation/annotation-jvm/1.9.1/b17951747e38bf3986a24431b9ba0d039958aa5f/annotation-jvm-1.9.1.jar with cache key b2c2d3bc8b4086b03d453fd40d0381b8
Stored cache entry for BuildToolsApiClasspathEntrySnapshotTransform: /opt/gradle/.gradle/caches/modules-2/files-2.1/org.jetbrains/annotations/23.0.0/8cc20c07506ec18e0834947b84a864bfc094484e/annotations-23.0.0.jar with cache key 5cc575efe57c656801c4fbd48efa2033
Build cache key for BuildToolsApiClasspathEntrySnapshotTransform: /opt/gradle/.gradle/caches/modules-2/files-2.1/org.jspecify/jspecify/1.0.0/7425a601c1c7ec76645a78d22b8c6a627edee507/jspecify-1.0.0.jar is 957732a9598b3b108518f3955aa38d26
Build cache key for BuildToolsApiClasspathEntrySnapshotTransform: /opt/gradle/.gradle/caches/modules-2/files-2.1/com.google.guava/guava/31.1-android/9222c47cc3ae890f07f7c961bbb3cb69050fe4aa/guava-31.1-android.jar is 2fa8a0aef225845e99a31d7251e9329b
Stored cache entry for BuildToolsApiClasspathEntrySnapshotTransform: /opt/gradle/.gradle/caches/modules-2/files-2.1/org.jspecify/jspecify/1.0.0/7425a601c1c7ec76645a78d22b8c6a627edee507/jspecify-1.0.0.jar with cache key 957732a9598b3b108518f3955aa38d26
Stored cache entry for BuildToolsApiClasspathEntrySnapshotTransform: /opt/gradle/.gradle/caches/modules-2/files-2.1/com.squareup.okio/okio-jvm/3.9.0/eaa4f7858a1e80908b1a2e861e662edd7c6cbbb5/okio-jvm-3.9.0.jar with cache key 841d2aa631ff643081f3882037cd6baf
Build cache key for BuildToolsApiClasspathEntrySnapshotTransform: /opt/gradle/.gradle/caches/modules-2/files-2.1/com.google.guava/listenablefuture/9999.0-empty-to-avoid-conflict-with-guava/b421526c5f297295adef1c886e5246c39d4ac629/listenablefuture-9999.0-empty-to-avoid-conflict-with-guava.jar is 64e3a301eb2856f8bd2ac8d19abda677
Build cache key for BuildToolsApiClasspathEntrySnapshotTransform: /opt/gradle/.gradle/caches/9.3.1/transforms/0359dc6b3c50d581fe402427060a9e18/transformed/firebase-components-19.0.0-api.jar is 1f5b4816510a92a12c2a96df338d5087
Stored cache entry for BuildToolsApiClasspathEntrySnapshotTransform: /opt/gradle/.gradle/caches/modules-2/files-2.1/com.google.guava/listenablefuture/9999.0-empty-to-avoid-conflict-with-guava/b421526c5f297295adef1c886e5246c39d4ac629/listenablefuture-9999.0-empty-to-avoid-conflict-with-guava.jar with cache key 64e3a301eb2856f8bd2ac8d19abda677
Build cache key for BuildToolsApiClasspathEntrySnapshotTransform: /opt/gradle/.gradle/caches/9.3.1/transforms/09921d6f05ad7745341982e427efe7b0/transformed/firebase-installations-interop-17.3.0-api.jar is 9093874d9d3aae0f5909ab487b6ae51d
Stored cache entry for BuildToolsApiClasspathEntrySnapshotTransform: /opt/gradle/.gradle/caches/9.3.1/transforms/0359dc6b3c50d581fe402427060a9e18/transformed/firebase-components-19.0.0-api.jar with cache key 1f5b4816510a92a12c2a96df338d5087
Stored cache entry for BuildToolsApiClasspathEntrySnapshotTransform: /opt/gradle/.gradle/caches/9.3.1/transforms/09921d6f05ad7745341982e427efe7b0/transformed/firebase-installations-interop-17.3.0-api.jar with cache key 9093874d9d3aae0f5909ab487b6ae51d
Build cache key for BuildToolsApiClasspathEntrySnapshotTransform: /opt/gradle/.gradle/caches/9.3.1/transforms/a8f2af8026b9e9a44e7213b3b54bae35/transformed/startup-runtime-1.0.0-api.jar is b264765666c064724faee0dc817736ca
Build cache key for BuildToolsApiClasspathEntrySnapshotTransform: /opt/gradle/.gradle/caches/modules-2/files-2.1/com.google.firebase/firebase-annotations/17.0.0/fd04a6accd970e0fcf9baf2424abe2926e00d0e2/firebase-annotations-17.0.0.jar is 3b9bcadf909d9ab2fec413a8e90c9129
Stored cache entry for BuildToolsApiClasspathEntrySnapshotTransform: /opt/gradle/.gradle/caches/modules-2/files-2.1/com.google.firebase/firebase-annotations/17.0.0/fd04a6accd970e0fcf9baf2424abe2926e00d0e2/firebase-annotations-17.0.0.jar with cache key 3b9bcadf909d9ab2fec413a8e90c9129
Stored cache entry for BuildToolsApiClasspathEntrySnapshotTransform: /opt/gradle/.gradle/caches/9.3.1/transforms/a8f2af8026b9e9a44e7213b3b54bae35/transformed/startup-runtime-1.0.0-api.jar with cache key b264765666c064724faee0dc817736ca
Build cache key for BuildToolsApiClasspathEntrySnapshotTransform: /opt/gradle/.gradle/caches/modules-2/files-2.1/com.google.guava/failureaccess/1.0.1/1dcf1de382a0bf95a3d8b0849546c88bac1292c9/failureaccess-1.0.1.jar is 7dd21bd5bd89c63462ef89f655725d39
Build cache key for BuildToolsApiClasspathEntrySnapshotTransform: /opt/gradle/.gradle/caches/modules-2/files-2.1/com.google.code.findbugs/jsr305/3.0.2/25ea2e8b0c338a877313bd4672d3fe056ea78f0d/jsr305-3.0.2.jar is dd7314678d86aff6000f963c44bf1c4d
Stored cache entry for BuildToolsApiClasspathEntrySnapshotTransform: /opt/gradle/.gradle/caches/modules-2/files-2.1/com.google.guava/failureaccess/1.0.1/1dcf1de382a0bf95a3d8b0849546c88bac1292c9/failureaccess-1.0.1.jar with cache key 7dd21bd5bd89c63462ef89f655725d39
Stored cache entry for BuildToolsApiClasspathEntrySnapshotTransform: /opt/gradle/.gradle/caches/modules-2/files-2.1/com.google.code.findbugs/jsr305/3.0.2/25ea2e8b0c338a877313bd4672d3fe056ea78f0d/jsr305-3.0.2.jar with cache key dd7314678d86aff6000f963c44bf1c4d
Build cache key for BuildToolsApiClasspathEntrySnapshotTransform: /opt/gradle/.gradle/caches/modules-2/files-2.1/org.checkerframework/checker-qual/3.12.0/d5692f0526415fcc6de94bb5bfbd3afd9dd3b3e5/checker-qual-3.12.0.jar is 34343491effe7df335f9ce9f14431108
Build cache key for BuildToolsApiClasspathEntrySnapshotTransform: /opt/gradle/.gradle/caches/modules-2/files-2.1/com.google.errorprone/error_prone_annotations/2.11.0/c5a0ace696d3f8b1c1d8cc036d8c03cc0cbe6b69/error_prone_annotations-2.11.0.jar is 0aa406b045432deae422a821fa23c7e5
Stored cache entry for BuildToolsApiClasspathEntrySnapshotTransform: /opt/gradle/.gradle/caches/modules-2/files-2.1/com.google.errorprone/error_prone_annotations/2.11.0/c5a0ace696d3f8b1c1d8cc036d8c03cc0cbe6b69/error_prone_annotations-2.11.0.jar with cache key 0aa406b045432deae422a821fa23c7e5
Build cache key for BuildToolsApiClasspathEntrySnapshotTransform: /opt/gradle/.gradle/caches/modules-2/files-2.1/com.google.j2objc/j2objc-annotations/1.3/ba035118bc8bac37d7eff77700720999acd9986d/j2objc-annotations-1.3.jar is df70bc1caff517d0d5f8420b7c38bf1f
Stored cache entry for BuildToolsApiClasspathEntrySnapshotTransform: /opt/gradle/.gradle/caches/modules-2/files-2.1/com.google.j2objc/j2objc-annotations/1.3/ba035118bc8bac37d7eff77700720999acd9986d/j2objc-annotations-1.3.jar with cache key df70bc1caff517d0d5f8420b7c38bf1f
Build cache key for BuildToolsApiClasspathEntrySnapshotTransform: /opt/gradle/.gradle/caches/9.3.1/transforms/61b3063c2c28fdd1d080fe9f7cacd41a/transformed/core-common-2.0.4-api.jar is b7ca49c40b847db0c0a0d74e2fd4e89e
Stored cache entry for BuildToolsApiClasspathEntrySnapshotTransform: /opt/gradle/.gradle/caches/modules-2/files-2.1/org.checkerframework/checker-qual/3.12.0/d5692f0526415fcc6de94bb5bfbd3afd9dd3b3e5/checker-qual-3.12.0.jar with cache key 34343491effe7df335f9ce9f14431108
Build cache key for BuildToolsApiClasspathEntrySnapshotTransform: /opt/gradle/.gradle/caches/modules-2/files-2.1/javax.inject/javax.inject/1/6975da39a7040257bd51d21a231b76c915872d38/javax.inject-1.jar is a7914754d6aac66112f93c3b1fe6054a
Stored cache entry for BuildToolsApiClasspathEntrySnapshotTransform: /opt/gradle/.gradle/caches/9.3.1/transforms/61b3063c2c28fdd1d080fe9f7cacd41a/transformed/core-common-2.0.4-api.jar with cache key b7ca49c40b847db0c0a0d74e2fd4e89e
Stored cache entry for BuildToolsApiClasspathEntrySnapshotTransform: /opt/gradle/.gradle/caches/modules-2/files-2.1/javax.inject/javax.inject/1/6975da39a7040257bd51d21a231b76c915872d38/javax.inject-1.jar with cache key a7914754d6aac66112f93c3b1fe6054a

> Task :app:checkReleaseAarMetadata UP-TO-DATE
Caching disabled for task ':app:checkReleaseAarMetadata' because:
  Caching has been disabled for the task
Skipping task ':app:checkReleaseAarMetadata' as it is up-to-date.
Resolve mutations for :app:desugarReleaseFileDependencies (Thread[#52,Execution worker Thread 2,5,main]) started.
:app:desugarReleaseFileDependencies (Thread[#52,Execution worker Thread 2,5,main]) started.

> Task :app:processReleaseManifestForPackage
Build cache key for task ':app:processReleaseManifestForPackage' is d0fc69fd77d6dbaaa2ca56fe18200eac
Task ':app:processReleaseManifestForPackage' is not up-to-date because:
  No history is available.
Stored cache entry for task ':app:processReleaseManifestForPackage' with cache key d0fc69fd77d6dbaaa2ca56fe18200eac
Resolve mutations for :app:mergeReleaseStartupProfile (Thread[#51,Execution worker,5,main]) started.

> Task :app:desugarReleaseFileDependencies UP-TO-DATE
Build cache key for task ':app:desugarReleaseFileDependencies' is 519f896334a510f976353b3afe8b22f9
Skipping task ':app:desugarReleaseFileDependencies' as it is up-to-date.
:app:mergeReleaseStartupProfile (Thread[#51,Execution worker,5,main]) started.
Resolve mutations for :app:mergeReleaseArtProfile (Thread[#52,Execution worker Thread 2,5,main]) started.
:app:mergeReleaseArtProfile (Thread[#52,Execution worker Thread 2,5,main]) started.

> Task :app:mergeReleaseStartupProfile UP-TO-DATE
Caching disabled for task ':app:mergeReleaseStartupProfile' because:
  Simple merging task
Skipping task ':app:mergeReleaseStartupProfile' as it is up-to-date.
Resolve mutations for :app:mergeExtDexRelease (Thread[#51,Execution worker,5,main]) started.

> Task :app:mergeReleaseResources
Compiling XML table /app/applet/app/build/intermediates/incremental/release/mergeReleaseResources/merged.dir/values-hi/values-hi.xml to /app/applet/app/build/intermediates/merged_res/release/mergeReleaseResources/values-hi_values-hi.arsc.flat
Compiling XML table /app/applet/app/build/intermediates/incremental/release/mergeReleaseResources/merged.dir/values-hr/values-hr.xml to /app/applet/app/build/intermediates/merged_res/release/mergeReleaseResources/values-hr_values-hr.arsc.flat
Compiling XML table /app/applet/app/build/intermediates/incremental/release/mergeReleaseResources/merged.dir/values-v18/values-v18.xml to /app/applet/app/build/intermediates/merged_res/release/mergeReleaseResources/values-v18_values-v18.arsc.flat
Compiling XML table /app/applet/app/build/intermediates/incremental/release/mergeReleaseResources/merged.dir/values-af/values-af.xml to /app/applet/app/build/intermediates/merged_res/release/mergeReleaseResources/values-af_values-af.arsc.flat
Compiling XML table /app/applet/app/build/intermediates/incremental/release/mergeReleaseResources/merged.dir/values-am/values-am.xml to /app/applet/app/build/intermediates/merged_res/release/mergeReleaseResources/values-am_values-am.arsc.flat
Compiling XML table /app/applet/app/build/intermediates/incremental/release/mergeReleaseResources/merged.dir/values-as/values-as.xml to /app/applet/app/build/intermediates/merged_res/release/mergeReleaseResources/values-as_values-as.arsc.flat
Compiling XML table /app/applet/app/build/intermediates/incremental/release/mergeReleaseResources/merged.dir/values-ja/values-ja.xml to /app/applet/app/build/intermediates/merged_res/release/mergeReleaseResources/values-ja_values-ja.arsc.flat
Compiling XML table /app/applet/app/build/intermediates/incremental/release/mergeReleaseResources/merged.dir/values-v24/values-v24.xml to /app/applet/app/build/intermediates/merged_res/release/mergeReleaseResources/values-v24_values-v24.arsc.flat
Compiling XML table /app/applet/app/build/intermediates/incremental/release/mergeReleaseResources/merged.dir/values-ro/values-ro.xml to /app/applet/app/build/intermediates/merged_res/release/mergeReleaseResources/values-ro_values-ro.arsc.flat
Compiling XML table /app/applet/app/build/intermediates/incremental/release/mergeReleaseResources/merged.dir/values-ru/values-ru.xml to /app/applet/app/build/intermediates/merged_res/release/mergeReleaseResources/values-ru_values-ru.arsc.flat
Compiling XML table /app/applet/app/build/intermediates/incremental/release/mergeReleaseResources/merged.dir/values-en-rCA/values-en-rCA.xml to /app/applet/app/build/intermediates/merged_res/release/mergeReleaseResources/values-en-rCA_values-en-rCA.arsc.flat
Compiling XML table /app/applet/app/build/intermediates/incremental/release/mergeReleaseResources/merged.dir/values-sk/values-sk.xml to /app/applet/app/build/intermediates/merged_res/release/mergeReleaseResources/values-sk_values-sk.arsc.flat
Compiling XML table /app/applet/app/build/intermediates/incremental/release/mergeReleaseResources/merged.dir/values-sr/values-sr.xml to /app/applet/app/build/intermediates/merged_res/release/mergeReleaseResources/values-sr_values-sr.arsc.flat
Compiling XML table /app/applet/app/build/intermediates/incremental/release/mergeReleaseResources/merged.dir/values-sv/values-sv.xml to /app/applet/app/build/intermediates/merged_res/release/mergeReleaseResources/values-sv_values-sv.arsc.flat
Compiling XML table /app/applet/app/build/intermediates/incremental/release/mergeReleaseResources/merged.dir/values-ky/values-ky.xml to /app/applet/app/build/intermediates/merged_res/release/mergeReleaseResources/values-ky_values-ky.arsc.flat
Compiling XML table /app/applet/app/build/intermediates/incremental/release/mergeReleaseResources/merged.dir/values-te/values-te.xml to /app/applet/app/build/intermediates/merged_res/release/mergeReleaseResources/values-te_values-te.arsc.flat
Compiling XML table /app/applet/app/build/intermediates/incremental/release/mergeReleaseResources/merged.dir/values-da/values-da.xml to /app/applet/app/build/intermediates/merged_res/release/mergeReleaseResources/values-da_values-da.arsc.flat
Compiling XML table /app/applet/app/build/intermediates/incremental/release/mergeReleaseResources/merged.dir/values-lo/values-lo.xml to /app/applet/app/build/intermediates/merged_res/release/mergeReleaseResources/values-lo_values-lo.arsc.flat
Compiling XML table /app/applet/app/build/intermediates/incremental/release/mergeReleaseResources/merged.dir/values-uk/values-uk.xml to /app/applet/app/build/intermediates/merged_res/release/mergeReleaseResources/values-uk_values-uk.arsc.flat
Compiling XML table /app/applet/app/build/intermediates/incremental/release/mergeReleaseResources/merged.dir/values-mn/values-mn.xml to /app/applet/app/build/intermediates/merged_res/release/mergeReleaseResources/values-mn_values-mn.arsc.flat
Compiling XML table /app/applet/app/build/intermediates/incremental/release/mergeReleaseResources/merged.dir/values-ms/values-ms.xml to /app/applet/app/build/intermediates/merged_res/release/mergeReleaseResources/values-ms_values-ms.arsc.flat
Compiling XML table /app/applet/app/build/intermediates/incremental/release/mergeReleaseResources/merged.dir/values-es/values-es.xml to /app/applet/app/build/intermediates/merged_res/release/mergeReleaseResources/values-es_values-es.arsc.flat
Compiling XML table /app/applet/app/build/intermediates/incremental/release/mergeReleaseResources/merged.dir/values-nb/values-nb.xml to /app/applet/app/build/intermediates/merged_res/release/mergeReleaseResources/values-nb_values-nb.arsc.flat
Compiling XML table /app/applet/app/build/intermediates/incremental/release/mergeReleaseResources/merged.dir/values-fa/values-fa.xml to /app/applet/app/build/intermediates/merged_res/release/mergeReleaseResources/values-fa_values-fa.arsc.flat
Compiling XML table /app/applet/app/build/intermediates/incremental/release/mergeReleaseResources/merged.dir/values-en-rXC/values-en-rXC.xml to /app/applet/app/build/intermediates/merged_res/release/mergeReleaseResources/values-en-rXC_values-en-rXC.arsc.flat
Compiling XML table /app/applet/app/build/intermediates/incremental/release/mergeReleaseResources/merged.dir/values-en-rGB/values-en-rGB.xml to /app/applet/app/build/intermediates/merged_res/release/mergeReleaseResources/values-en-rGB_values-en-rGB.arsc.flat
Compiling XML table /app/applet/app/build/intermediates/incremental/release/mergeReleaseResources/merged.dir/values-gu/values-gu.xml to /app/applet/app/build/intermediates/merged_res/release/mergeReleaseResources/values-gu_values-gu.arsc.flat
Compiling xml file /app/applet/app/src/main/res/drawable/ic_doll_star.xml to /app/applet/app/build/intermediates/merged_res/release/mergeReleaseResources/drawable_ic_doll_star.xml.flat
Compiling xml file /app/applet/app/src/main/res/drawable/ic_doll_bear.xml to /app/applet/app/build/intermediates/merged_res/release/mergeReleaseResources/drawable_ic_doll_bear.xml.flat
Compiling file /app/applet/app/src/main/res/mipmap-xxhdpi/ic_launcher.webp to /app/applet/app/build/intermediates/merged_res/release/mergeReleaseResources/mipmap-xxhdpi_ic_launcher.webp.flat
Compiling file /app/applet/app/src/main/res/font/fredoka.ttf to /app/applet/app/build/intermediates/merged_res/release/mergeReleaseResources/font_fredoka.ttf.flat
Compiling xml file /app/applet/app/src/main/res/drawable/ic_avatar_male_1.xml to /app/applet/app/build/intermediates/merged_res/release/mergeReleaseResources/drawable_ic_avatar_male_1.xml.flat
Compiling file /app/applet/app/src/main/res/font/fredoka_regular.ttf to /app/applet/app/build/intermediates/merged_res/release/mergeReleaseResources/font_fredoka_regular.ttf.flat
Compiling xml file /app/applet/app/src/main/res/xml/data_extraction_rules.xml to /app/applet/app/build/intermediates/merged_res/release/mergeReleaseResources/xml_data_extraction_rules.xml.flat
Compiling file /app/applet/app/src/main/res/font/fredoka_light.ttf to /app/applet/app/build/intermediates/merged_res/release/mergeReleaseResources/font_fredoka_light.ttf.flat
Compiling xml file /app/applet/app/src/main/res/drawable/ic_avatar_female_1.xml to /app/applet/app/build/intermediates/merged_res/release/mergeReleaseResources/drawable_ic_avatar_female_1.xml.flat
Compiling xml file /app/applet/app/src/main/res/drawable/ic_avatar_female_5.xml to /app/applet/app/build/intermediates/merged_res/release/mergeReleaseResources/drawable_ic_avatar_female_5.xml.flat
Compiling xml file /app/applet/app/src/main/res/drawable/ic_doll_cat.xml to /app/applet/app/build/intermediates/merged_res/release/mergeReleaseResources/drawable_ic_doll_cat.xml.flat
Compiling file /app/applet/app/src/main/res/drawable/img_forest_trees.jpg to /app/applet/app/build/intermediates/merged_res/release/mergeReleaseResources/drawable_img_forest_trees.jpg.flat
Compiling file /app/applet/app/src/main/res/drawable/img_male_avatar.jpg to /app/applet/app/build/intermediates/merged_res/release/mergeReleaseResources/drawable_img_male_avatar.jpg.flat

:app:mergeExtDexRelease (Thread[#51,Execution worker,5,main]) started.

> Task :app:compileReleaseKotlin
Stored cache entry for BuildToolsApiClasspathEntrySnapshotTransform: /opt/gradle/.gradle/caches/modules-2/files-2.1/org.jetbrains.kotlin/kotlin-stdlib/2.2.10/30de6faa127a4a012db8e71bf1b9c0a99b1402b2/kotlin-stdlib-2.2.10.jar with cache key 2eaea0c76890b07298dc4d54ef6ae3d1
Stored cache entry for BuildToolsApiClasspathEntrySnapshotTransform: /opt/gradle/.gradle/caches/modules-2/files-2.1/com.google.guava/guava/31.1-android/9222c47cc3ae890f07f7c961bbb3cb69050fe4aa/guava-31.1-android.jar with cache key 2fa8a0aef225845e99a31d7251e9329b
file or directory '/app/applet/app/src/main/kotlin', not found
file or directory '/app/applet/app/src/release/java', not found
file or directory '/app/applet/app/src/release/kotlin', not found
file or directory '/app/applet/app/src/release/java', not found
Build cache key for task ':app:compileReleaseKotlin' is 588595421f81ed535a41d483e2d1aeab
Task ':app:compileReleaseKotlin' is not up-to-date because:
  No history is available.
The input changes require a full rebuild for incremental task ':app:compileReleaseKotlin'.
file or directory '/app/applet/app/src/main/kotlin', not found
file or directory '/app/applet/app/src/main/kotlin', not found
file or directory '/app/applet/app/src/release/java', not found
file or directory '/app/applet/app/src/release/java', not found
file or directory '/app/applet/app/src/release/kotlin', not found
file or directory '/app/applet/app/src/release/kotlin', not found
file or directory '/app/applet/app/src/release/java', not found
file or directory '/app/applet/app/src/release/java', not found
file or directory '/app/applet/app/build/generated/ksp/release/java', not found
file or directory '/app/applet/app/build/generated/ksp/release/kotlin', not found
file or directory '/app/applet/app/src/main/kotlin', not found
file or directory '/app/applet/app/src/release/java', not found
file or directory '/app/applet/app/src/release/kotlin', not found
file or directory '/app/applet/app/src/release/java', not found
file or directory '/app/applet/app/src/main/kotlin', not found
file or directory '/app/applet/app/src/main/kotlin', not found
file or directory '/app/applet/app/src/release/java', not found
file or directory '/app/applet/app/src/release/java', not found
file or directory '/app/applet/app/src/release/kotlin', not found
file or directory '/app/applet/app/src/release/kotlin', not found
file or directory '/app/applet/app/src/release/java', not found
file or directory '/app/applet/app/src/release/java', not found
file or directory '/app/applet/app/build/generated/ksp/release/java', not found
file or directory '/app/applet/app/build/generated/ksp/release/kotlin', not found
file or directory '/app/applet/app/src/main/kotlin', not found
file or directory '/app/applet/app/src/main/kotlin', not found
file or directory '/app/applet/app/src/release/java', not found
file or directory '/app/applet/app/src/release/java', not found
file or directory '/app/applet/app/src/release/kotlin', not found
file or directory '/app/applet/app/src/release/kotlin', not found
file or directory '/app/applet/app/src/release/java', not found
file or directory '/app/applet/app/src/release/java', not found
file or directory '/app/applet/app/build/generated/ksp/release/java', not found
file or directory '/app/applet/app/build/generated/ksp/release/kotlin', not found
file or directory '/app/applet/app/src/main/kotlin', not found
file or directory '/app/applet/app/src/main/kotlin', not found
file or directory '/app/applet/app/src/release/java', not found
file or directory '/app/applet/app/src/release/java', not found
file or directory '/app/applet/app/src/release/kotlin', not found
file or directory '/app/applet/app/src/release/kotlin', not found
file or directory '/app/applet/app/src/release/java', not found
file or directory '/app/applet/app/src/release/java', not found
file or directory '/app/applet/app/build/generated/ksp/release/java', not found
file or directory '/app/applet/app/build/generated/ksp/release/kotlin', not found
Kotlin source files: /app/applet/app/src/main/java/com/example/ui/components/CameraPreview.kt, /app/applet/app/src/main/java/com/example/ui/components/HapticSoundFeedback.kt, /app/applet/app/src/main/java/com/example/ui/components/AppOpenAdPopup.kt, /app/applet/app/src/main/java/com/example/ui/components/InsufficientCoinsBottomSheet.kt, /app/applet/app/src/main/java/com/example/ui/components/CustomPullRefresh.kt, /app/applet/app/src/main/java/com/example/ui/components/HomeTop3DIcons.kt, /app/applet/app/src/main/java/com/example/ui/components/App3DIcons.kt, /app/applet/app/src/main/java/com/example/ui/components/SupabaseSettingsDialog.kt, /app/applet/app/src/main/java/com/example/ui/components/TermsAndPrivacyDialog.kt, /app/applet/app/src/main/java/com/example/ui/components/InAppToast.kt, /app/applet/app/src/main/java/com/example/ui/components/App3DMascotLoader.kt, /app/applet/app/src/main/java/com/example/ui/components/VoiceRecordingBar.kt, /app/applet/app/src/main/java/com/example/ui/components/GiftPadBottomSheet.kt, /app/applet/app/src/main/java/com/example/ui/components/SwipeToDeleteSlider.kt, /app/applet/app/src/main/java/com/example/ui/components/PesapalSettingsDialog.kt, /app/applet/app/src/main/java/com/example/ui/components/Conversation3DIcons.kt, /app/applet/app/src/main/java/com/example/ui/components/Floating3DGameButton.kt, /app/applet/app/src/main/java/com/example/ui/components/AvatarFrameRenderer.kt, /app/applet/app/src/main/java/com/example/ui/components/FloatingCallBubble.kt, /app/applet/app/src/main/java/com/example/ui/components/Gift3DIcons.kt, /app/applet/app/src/main/java/com/example/ui/components/Income3DIcons.kt, /app/applet/app/src/main/java/com/example/ui/components/ChatTopBannerAd.kt, /app/applet/app/src/main/java/com/example/ui/components/QivoBackgroundStamp.kt, /app/applet/app/src/main/java/com/example/ui/components/FloatingPartyRoomBubble.kt, /app/applet/app/src/main/java/com/example/ui/components/PartySeatReactions.kt, /app/applet/app/src/main/java/com/example/ui/components/InAppNotificationBanner.kt, /app/applet/app/src/main/java/com/example/ui/components/SentGiftPreviewOverlay.kt, /app/applet/app/src/main/java/com/example/ui/components/MusicNote3DIcon.kt, /app/applet/app/src/main/java/com/example/ui/components/CustomReactionGraphics.kt, /app/applet/app/src/main/java/com/example/ui/components/ShimmerPlaceholder.kt, /app/applet/app/src/main/java/com/example/ui/components/VoiceMessageBubble.kt, /app/applet/app/src/main/java/com/example/ui/components/PartyMusicBottomSheet.kt, /app/applet/app/src/main/java/com/example/ui/screens/LegalWebViewScreen.kt, /app/applet/app/src/main/java/com/example/ui/screens/VerificationScreen.kt, /app/applet/app/src/main/java/com/example/ui/screens/FollowingScreen.kt, /app/applet/app/src/main/java/com/example/ui/screens/EmailAuthScreen.kt, /app/applet/app/src/main/java/com/example/ui/screens/CoinHistoryScreen.kt, /app/applet/app/src/main/java/com/example/ui/screens/GlobalCallOverlay.kt, /app/applet/app/src/main/java/com/example/ui/screens/AccountSecurityScreen.kt, /app/applet/app/src/main/java/com/example/ui/screens/ManageReportsScreen.kt, /app/applet/app/src/main/java/com/example/ui/screens/AgencyCenterScreen.kt, /app/applet/app/src/main/java/com/example/ui/screens/FollowersScreen.kt, /app/applet/app/src/main/java/com/example/ui/screens/UploadAvatarScreen.kt, /app/applet/app/src/main/java/com/example/ui/screens/GalleryAndCropScreen.kt, /app/applet/app/src/main/java/com/example/ui/screens/DashboardScreen.kt, /app/applet/app/src/main/java/com/example/ui/screens/ConversationScreen.kt, /app/applet/app/src/main/java/com/example/ui/screens/StoreScreen.kt, /app/applet/app/src/main/java/com/example/ui/screens/IncomeScreen.kt, /app/applet/app/src/main/java/com/example/ui/screens/AdminAnalyticsScreen.kt, /app/applet/app/src/main/java/com/example/ui/screens/FaceVerificationCameraScreen.kt, /app/applet/app/src/main/java/com/example/ui/screens/CreateAccountScreen.kt, /app/applet/app/src/main/java/com/example/ui/screens/LevelScreen.kt, /app/applet/app/src/main/java/com/example/ui/screens/SplashScreen.kt, /app/applet/app/src/main/java/com/example/ui/screens/HomeScreen.kt, /app/applet/app/src/main/java/com/example/ui/screens/MainBottomNavScaffold.kt, /app/applet/app/src/main/java/com/example/ui/screens/CoinSellerListScreen.kt, /app/applet/app/src/main/java/com/example/ui/screens/SystemSettingsScreen.kt, /app/applet/app/src/main/java/com/example/ui/screens/TaskCenterScreen.kt, /app/applet/app/src/main/java/com/example/ui/screens/WalletRechargeScreen.kt, /app/applet/app/src/main/java/com/example/ui/screens/ManageAdvertisementsScreen.kt, /app/applet/app/src/main/java/com/example/ui/screens/OfflineErrorScreen.kt, /app/applet/app/src/main/java/com/example/ui/screens/PartyScreen.kt, /app/applet/app/src/main/java/com/example/ui/screens/AboutQivoScreen.kt, /app/applet/app/src/main/java/com/example/ui/screens/CreatePartyRoomScreen.kt, /app/applet/app/src/main/java/com/example/ui/screens/PartyRoomDetailScreen.kt, /app/applet/app/src/main/java/com/example/ui/screens/UserDetailScreen.kt, /app/applet/app/src/main/java/com/example/ui/screens/ManageRolesScreen.kt, /app/applet/app/src/main/java/com/example/ui/screens/MeScreen.kt, /app/applet/app/src/main/java/com/example/ui/screens/PersonalInformationScreen.kt, /app/applet/app/src/main/java/com/example/ui/screens/FriendsScreen.kt, /app/applet/app/src/main/java/com/example/ui/screens/CustomerSupportScreen.kt, /app/applet/app/src/main/java/com/example/ui/screens/PesapalWebViewScreen.kt, /app/applet/app/src/main/java/com/example/ui/screens/GameCenterScreen.kt, /app/applet/app/src/main/java/com/example/ui/screens/ChatScreen.kt, /app/applet/app/src/main/java/com/example/ui/screens/MessageBlastScreen.kt, /app/applet/app/src/main/java/com/example/ui/screens/BagScreen.kt, /app/applet/app/src/main/java/com/example/ui/screens/FollowsListScreen.kt, /app/applet/app/src/main/java/com/example/ui/screens/VisitorsScreen.kt, /app/applet/app/src/main/java/com/example/ui/screens/CallScreen.kt, /app/applet/app/src/main/java/com/example/ui/screens/BlockedListScreen.kt, /app/applet/app/src/main/java/com/example/ui/screens/WelcomeScreen.kt, /app/applet/app/src/main/java/com/example/ui/screens/AwardCoinsScreen.kt, /app/applet/app/src/main/java/com/example/ui/theme/AppThemeManager.kt, /app/applet/app/src/main/java/com/example/ui/theme/Theme.kt, /app/applet/app/src/main/java/com/example/ui/theme/Color.kt, /app/applet/app/src/main/java/com/example/ui/theme/Type.kt, /app/applet/app/src/main/java/com/example/data/AppKeyStoreHelper.kt, /app/applet/app/src/main/java/com/example/data/SupabaseChatService.kt, /app/applet/app/src/main/java/com/example/data/CountryData.kt, /app/applet/app/src/main/java/com/example/data/AppCacheManager.kt, /app/applet/app/src/main/java/com/example/data/InAppNotificationManager.kt, /app/applet/app/src/main/java/com/example/data/CountryDetector.kt, /app/applet/app/src/main/java/com/example/data/SupabaseAgencyService.kt, /app/applet/app/src/main/java/com/example/data/AppAnalyticsService.kt, /app/applet/app/src/main/java/com/example/data/AppDataCacheManager.kt, /app/applet/app/src/main/java/com/example/data/AppForegroundTracker.kt, /app/applet/app/src/main/java/com/example/data/TencentPartyVoiceEngine.kt, /app/applet/app/src/main/java/com/example/data/SupabasePartyService.kt, /app/applet/app/src/main/java/com/example/data/FollowDataCacheStore.kt, /app/applet/app/src/main/java/com/example/data/AvatarHelper.kt, /app/applet/app/src/main/java/com/example/data/ViewOncePhotoManager.kt, /app/applet/app/src/main/java/com/example/data/PartyRoomSessionManager.kt, /app/applet/app/src/main/java/com/example/data/SupabaseFcmService.kt, /app/applet/app/src/main/java/com/example/data/AvatarFrameManager.kt, /app/applet/app/src/main/java/com/example/data/SupabaseAdService.kt, /app/applet/app/src/main/java/com/example/data/SupabaseHttpClient.kt, /app/applet/app/src/main/java/com/example/data/UserSessionManager.kt, /app/applet/app/src/main/java/com/example/data/UserLevelManager.kt, /app/applet/app/src/main/java/com/example/data/SupabaseAuthService.kt, /app/applet/app/src/main/java/com/example/data/GooglePlayBillingService.kt, /app/applet/app/src/main/java/com/example/data/PesapalConfig.kt, /app/applet/app/src/main/java/com/example/data/VoiceMessageManager.kt, /app/applet/app/src/main/java/com/example/data/NetworkUtils.kt, /app/applet/app/src/main/java/com/example/data/PesapalPaymentService.kt, /app/applet/app/src/main/java/com/example/data/QivoFirebaseMessagingService.kt, /app/applet/app/src/main/java/com/example/data/SupabaseProfileService.kt, /app/applet/app/src/main/java/com/example/data/PartyMusicManager.kt, /app/applet/app/src/main/java/com/example/data/PartyRealtimeRelayManager.kt, /app/applet/app/src/main/java/com/example/data/SupabaseConfig.kt, /app/applet/app/src/main/java/com/example/calling/ZegoCallService.kt, /app/applet/app/src/main/java/com/example/calling/ZegoCloudPolicy.kt, /app/applet/app/src/main/java/com/example/calling/ActiveCallSessionManager.kt, /app/applet/app/src/main/java/com/example/calling/InAppCallTonePlayer.kt, /app/applet/app/src/main/java/com/example/calling/CallRealtimeRelayManager.kt, /app/applet/app/src/main/java/com/example/MainActivity.kt, /app/applet/app/src/main/java/com/example/QivoApplication.kt
Java source files: /app/applet/app/build/generated/source/buildConfig/release/com/example/BuildConfig.java
Script source files: 
Script file extensions: 
Using Kotlin/JVM incremental compilation
[KOTLIN] Kotlin compilation 'jdkHome' argument: /usr/lib/jvm/temurin-21-jdk-amd64

> Task :app:mergeReleaseArtProfile
Caching disabled for AarTransform: /opt/gradle/.gradle/caches/9.3.1/transforms/70ec79ce4ea26d426b6807c4b395b30f/transformed/animation-core-release because:
  Caching not enabled.
Caching disabled for AarTransform: /opt/gradle/.gradle/caches/9.3.1/transforms/71d7e8664c0b4265d7d81d003dcde22c/transformed/material-ripple-release because:
  Caching not enabled.
Caching disabled for AarTransform: /opt/gradle/.gradle/caches/9.3.1/transforms/5e94ace9532810d90b4d44cec99f679a/transformed/animation-release because:
  Caching not enabled.
Caching disabled for AarTransform: /opt/gradle/.gradle/caches/9.3.1/transforms/c2d43173c6506de792e0e8e54f7d3595/transformed/foundation-layout-release because:
  Caching not enabled.
Caching disabled for AarTransform: /opt/gradle/.gradle/caches/9.3.1/transforms/7b726f69294a7b1d77693676f9def196/transformed/foundation-release because:
  Caching not enabled.
Caching disabled for AarTransform: /opt/gradle/.gradle/caches/9.3.1/transforms/7b5214226ff24aaa1666545ad3ac9dfb/transformed/ui-unit-release because:
  Caching not enabled.
Caching disabled for AarTransform: /opt/gradle/.gradle/caches/9.3.1/transforms/ed1ce8fed8a52c924bd1f8c8c1da57ff/transformed/ui-geometry-release because:
  Caching not enabled.
Caching disabled for AarTransform: /opt/gradle/.gradle/caches/9.3.1/transforms/30c11277e6e6562cb6208b26976dfb81/transformed/ui-util-release because:
  Caching not enabled.
Caching disabled for AarTransform: /opt/gradle/.gradle/caches/9.3.1/transforms/595702ee3dc7aa79de8bf235dd9345c9/transformed/ui-text-release because:
  Caching not enabled.
Caching disabled for AarTransform: /opt/gradle/.gradle/caches/9.3.1/transforms/40b7117b93666302b2fed2a2bf7ee65d/transformed/ui-tooling-preview-release because:
  Caching not enabled.
Caching disabled for AarTransform: /opt/gradle/.gradle/caches/9.3.1/transforms/883bd62c82194775a33cb9f703a1e216/transformed/ui-graphics-release because:
  Caching not enabled.
Caching disabled for AarTransform: /opt/gradle/.gradle/caches/9.3.1/transforms/4657fbe063b9c0e04e2167dff3a5a0d8/transformed/ui-text-google-fonts-1.7.0 because:
  Caching not enabled.
Caching disabled for AarTransform: /opt/gradle/.gradle/caches/9.3.1/transforms/a7cc43d3d7dedd8de06c568f2a9825fa/transformed/camera-video-1.5.0 because:
  Caching not enabled.
Caching disabled for AarTransform: /opt/gradle/.gradle/caches/9.3.1/transforms/f77c6db482672183baed09c3d42085cb/transformed/camera-view-1.5.0 because:
  Caching not enabled.
Caching disabled for AarTransform: /opt/gradle/.gradle/caches/9.3.1/transforms/33d4daef29438f09d772167c6233916a/transformed/camera-lifecycle-1.5.0 because:
  Caching not enabled.
Caching disabled for AarTransform: /opt/gradle/.gradle/caches/9.3.1/transforms/c43e6efe870816d9c5ae86e198501dca/transformed/camera-camera2-1.5.0 because:
  Caching not enabled.
Caching disabled for AarTransform: /opt/gradle/.gradle/caches/9.3.1/transforms/81ebd6e2a96472271d810103523687e7/transformed/camera-core-1.5.0 because:
  Caching not enabled.
Caching disabled for AarTransform: /opt/gradle/.gradle/caches/9.3.1/transforms/58861c62347aa349576b37b0ba6e3cbb/transformed/credentials-play-services-auth-1.5.0 because:
  Caching not enabled.
Caching disabled for AarTransform: /opt/gradle/.gradle/caches/9.3.1/transforms/7ab8ca9de722282439312e431f03eda4/transformed/googleid-1.1.1 because:
  Caching not enabled.
Caching disabled for AarTransform: /opt/gradle/.gradle/caches/9.3.1/transforms/46af594831a9d93342fc62ffa3ff19e5/transformed/credentials-1.5.0 because:
  Caching not enabled.
Caching disabled for AarTransform: /opt/gradle/.gradle/caches/9.3.1/transforms/dea00dbde9e36a3447b75ea07904e41f/transformed/biometric-1.1.0 because:
  Caching not enabled.
Caching disabled for AarTransform: /opt/gradle/.gradle/caches/9.3.1/transforms/f6c5aa1475bcd8b7ffe4f4a66032d479/transformed/billing-ktx-7.1.1 because:
  Caching not enabled.
Caching disabled for AarTransform: /opt/gradle/.gradle/caches/9.3.1/transforms/68d40185e7d8c47fb602f516ee74b661/transformed/billing-7.1.1 because:
  Caching not enabled.
Caching disabled for AarTransform: /opt/gradle/.gradle/caches/9.3.1/transforms/17a69e78c620b8663fa56d1e0c121e14/transformed/play-services-auth-21.1.1 because:
  Caching not enabled.
Caching disabled for AarTransform: /opt/gradle/.gradle/caches/9.3.1/transforms/59a382f73a2dae0397b3c30eb518c6e4/transformed/play-services-ads-23.6.0 because:
  Caching not enabled.
Caching disabled for AarTransform: /opt/gradle/.gradle/caches/9.3.1/transforms/db648456d10757da406477e03f1c7b17/transformed/firebase-messaging-25.1.0 because:
  Caching not enabled.
Caching disabled for AarTransform: /opt/gradle/.gradle/caches/9.3.1/transforms/7b30fb83eed158cc1075c022ea827b64/transformed/play-services-auth-blockstore-16.4.0 because:
  Caching not enabled.
Caching disabled for AarTransform: /opt/gradle/.gradle/caches/9.3.1/transforms/20bce2b7475fb8b96f40873d83f22b51/transformed/play-services-fido-21.0.0 because:
  Caching not enabled.
Caching disabled for AarTransform: /opt/gradle/.gradle/caches/9.3.1/transforms/1f45375eb22386b5a414273c0a41b529/transformed/play-services-identity-credentials-16.0.0-alpha02 because:
  Caching not enabled.
Caching disabled for AarTransform: /opt/gradle/.gradle/caches/9.3.1/transforms/346e18c4331dfef1907bc7989d434b6a/transformed/play-services-ads-lite-23.6.0 because:
  Caching not enabled.
Caching disabled for AarTransform: /opt/gradle/.gradle/caches/9.3.1/transforms/7a79a79d527e30e44922c0c1c1edced4/transformed/play-services-ads-base-23.6.0 because:
  Caching not enabled.
Caching disabled for AarTransform: /opt/gradle/.gradle/caches/9.3.1/transforms/508c5d906a6e41d12c488f9fc3074e70/transformed/firebase-analytics-23.2.0 because:
  Caching not enabled.
Caching disabled for AarTransform: /opt/gradle/.gradle/caches/9.3.1/transforms/f93ffe78d70335f8dfa07dd8c38049d4/transformed/play-services-measurement-23.2.0 because:
  Caching not enabled.
Caching disabled for AarTransform: /opt/gradle/.gradle/caches/9.3.1/transforms/8811e1f0715aee9e8ff468d303de84b4/transformed/play-services-measurement-api-23.2.0 because:
  Caching not enabled.
Caching disabled for AarTransform: /opt/gradle/.gradle/caches/9.3.1/transforms/3aa21c1df20643e0283d4fc7f53fb86c/transformed/play-services-measurement-sdk-23.2.0 because:
  Caching not enabled.
Caching disabled for AarTransform: /opt/gradle/.gradle/caches/9.3.1/transforms/6d43ce64c217ed6083ed7cf32787dc80/transformed/play-services-measurement-impl-23.2.0 because:
  Caching not enabled.
Caching disabled for AarTransform: /opt/gradle/.gradle/caches/9.3.1/transforms/ea435a14ecbc735f0c5c06bd7e33fc06/transformed/play-services-ads-identifier-18.0.0 because:
  Caching not enabled.
Caching disabled for AarTransform: /opt/gradle/.gradle/caches/9.3.1/transforms/ae4841b7a1cce4490f4f048070cd2381/transformed/play-services-appset-16.0.1 because:
  Caching not enabled.
Caching disabled for AarTransform: /opt/gradle/.gradle/caches/9.3.1/transforms/5add79c0cb209f902bf8ea53617a0cd8/transformed/firebase-appcheck-recaptcha-19.0.0 because:
  Caching not enabled.
Caching disabled for AarTransform: /opt/gradle/.gradle/caches/9.3.1/transforms/bdb7ed574ad9195272839b9ba455164f/transformed/recaptcha-18.7.1 because:
  Caching not enabled.
Caching disabled for AarTransform: /opt/gradle/.gradle/caches/9.3.1/transforms/55e2ba82d3db87f268ff23d603e5cb89/transformed/firebase-ai-17.13.0 because:
  Caching not enabled.
Caching disabled for AarTransform: /opt/gradle/.gradle/caches/9.3.1/transforms/e54ffc2cced87050bf6852c5a565f2df/transformed/firebase-appcheck-19.2.0 because:
  Caching not enabled.
Caching disabled for AarTransform: /opt/gradle/.gradle/caches/9.3.1/transforms/1b315d2f5dc76cdccaab4725fe4de10f/transformed/firebase-installations-19.1.1 because:
  Caching not enabled.
Caching disabled for AarTransform: /opt/gradle/.gradle/caches/9.3.1/transforms/7a2833fdac3345d939777f82a6ffc2f0/transformed/firebase-auth-interop-18.0.0 because:
  Caching not enabled.
Caching disabled for AarTransform: /opt/gradle/.gradle/caches/9.3.1/transforms/427516a848a1f5cf0aea87169b1daa80/transformed/firebase-ai-ondevice-interop-16.0.0-beta03 because:
  Caching not enabled.
Caching disabled for AarTransform: /opt/gradle/.gradle/caches/9.3.1/transforms/caddafb2e84112c2aae7aa5c583c36a4/transformed/firebase-common-22.1.0 because:
  Caching not enabled.
Caching disabled for AarTransform: /opt/gradle/.gradle/caches/9.3.1/transforms/fbbaf794eee60d1cb3e3a9996537f4ab/transformed/firebase-iid-interop-17.1.0 because:
  Caching not enabled.
Caching disabled for AarTransform: /opt/gradle/.gradle/caches/9.3.1/transforms/3ccac0f229b679d8e3a0755b8c65c62c/transformed/play-services-cloud-messaging-17.4.0 because:
  Caching not enabled.
Caching disabled for AarTransform: /opt/gradle/.gradle/caches/9.3.1/transforms/b4974d99883e211e8e63b87dbe430efe/transformed/firebase-appcheck-interop-17.1.0 because:
  Caching not enabled.
Caching disabled for AarTransform: /opt/gradle/.gradle/caches/9.3.1/transforms/4d494364561b5ec9076867a91043eb93/transformed/play-services-auth-api-phone-18.0.2 because:
  Caching not enabled.
Caching disabled for AarTransform: /opt/gradle/.gradle/caches/9.3.1/transforms/080655b35ca31973963082ffd071b2e9/transformed/play-services-auth-base-18.0.10 because:
  Caching not enabled.
Caching disabled for AarTransform: /opt/gradle/.gradle/caches/9.3.1/transforms/ad54522f11c969f73ff65518a79330d3/transformed/play-services-location-19.0.0 because:
  Caching not enabled.
Caching disabled for AarTransform: /opt/gradle/.gradle/caches/9.3.1/transforms/f486f3f90330bd290ff82be28d39fbf3/transformed/play-services-recaptchabase-16.1.0 because:
  Caching not enabled.
Caching disabled for AarTransform: /opt/gradle/.gradle/caches/9.3.1/transforms/ba79db43e3017a2957c0718724ab064b/transformed/play-services-base-18.9.0 because:
  Caching not enabled.
Caching disabled for AarTransform: /opt/gradle/.gradle/caches/9.3.1/transforms/c0d5aa0f0f1226210330ab083fe28ea2/transformed/integrity-1.4.0 because:
  Caching not enabled.
Caching disabled for AarTransform: /opt/gradle/.gradle/caches/9.3.1/transforms/62f1acdc9a54aa38606fe34121369fb3/transformed/firebase-installations-interop-17.3.0 because:
  Caching not enabled.
Caching disabled for AarTransform: /opt/gradle/.gradle/caches/9.3.1/transforms/3ff733eac02195902d9d6bae8fbb1d14/transformed/work-runtime-2.7.0 because:
  Caching not enabled.
Caching disabled for AarTransform: /opt/gradle/.gradle/caches/9.3.1/transforms/cef548efa70380ca5a380af716c5dc36/transformed/room-runtime-release because:
  Caching not enabled.
Caching disabled for AarTransform: /opt/gradle/.gradle/caches/9.3.1/transforms/c601a211a7d4d15ee807efdcad4aaaa2/transformed/room-ktx-2.7.0 because:
  Caching not enabled.
Caching disabled for AarTransform: /opt/gradle/.gradle/caches/9.3.1/transforms/e520bfb82e99d30f9fecaabd40cb912e/transformed/accompanist-drawablepainter-0.32.0 because:
  Caching not enabled.
Caching disabled for AarTransform: /opt/gradle/.gradle/caches/9.3.1/transforms/f8c72858141ae7973589e7c39a48399f/transformed/coil-2.7.0 because:
  Caching not enabled.
Caching disabled for AarTransform: /opt/gradle/.gradle/caches/9.3.1/transforms/e9316b22ee82762008d0f6819a9e1b15/transformed/coil-base-2.7.0 because:
  Caching not enabled.
Caching disabled for AarTransform: /opt/gradle/.gradle/caches/9.3.1/transforms/e1d530096ebc5a3eb7429fa584f861d7/transformed/runtime-saveable-release because:
  Caching not enabled.
Caching disabled for AarTransform: /opt/gradle/.gradle/caches/9.3.1/transforms/7d30a78f080bd094b4ae596ec8546c32/transformed/runtime-release because:
  Caching not enabled.
Caching disabled for AarTransform: /opt/gradle/.gradle/caches/9.3.1/transforms/4d545c764b643bd865acb76c1b3510d3/transformed/customview-poolingcontainer-1.0.0 because:
  Caching not enabled.
Caching disabled for AarTransform: /opt/gradle/.gradle/caches/9.3.1/transforms/3ec517e83dbcb3877e6ccb6f527d1d8f/transformed/ads-adservices-java-1.1.0-beta11 because:
  Caching not enabled.
Caching disabled for AarTransform: /opt/gradle/.gradle/caches/9.3.1/transforms/0d6600a5fc56e223f3383a19fd30109c/transformed/ads-adservices-1.1.0-beta11 because:
  Caching not enabled.
Caching disabled for AarTransform: /opt/gradle/.gradle/caches/9.3.1/transforms/ed90b3278de04a8784229dac96ab30bb/transformed/appcompat-resources-1.6.1 because:
  Caching not enabled.
Caching disabled for AarTransform: /opt/gradle/.gradle/caches/9.3.1/transforms/7c30406a607df9841fb3ffd472c93138/transformed/appcompat-1.6.1 because:
  Caching not enabled.
Caching disabled for AarTransform: /opt/gradle/.gradle/caches/9.3.1/transforms/71b07b3d30cadb20ce45b2c0291634bf/transformed/core-ktx-1.18.0 because:
  Caching not enabled.
Caching disabled for AarTransform: /opt/gradle/.gradle/caches/9.3.1/transforms/80b4193284784fa9fc4c413aff112724/transformed/browser-1.8.0 because:
  Caching not enabled.
Caching disabled for AarTransform: /opt/gradle/.gradle/caches/9.3.1/transforms/ef927ce1b76c73bc788b032c9c038882/transformed/webkit-1.11.0-alpha02 because:
  Caching not enabled.
Caching disabled for AarTransform: /opt/gradle/.gradle/caches/9.3.1/transforms/186ae08aaf0540b18ce14c03d0753851/transformed/autofill-1.0.0 because:
  Caching not enabled.
Caching disabled for AarTransform: /opt/gradle/.gradle/caches/9.3.1/transforms/4858d09a5f12bb7f82dccc729d394945/transformed/graphics-path-1.0.1 because:
  Caching not enabled.
Caching disabled for AarTransform: /opt/gradle/.gradle/caches/9.3.1/transforms/1342e7620127a100de2076a9214fcae0/transformed/play-services-stats-17.0.2 because:
  Caching not enabled.
Caching disabled for AarTransform: /opt/gradle/.gradle/caches/9.3.1/transforms/8ab92754c065aa51591cfeb79a0d95bf/transformed/legacy-support-core-utils-1.0.0 because:
  Caching not enabled.
Caching disabled for AarTransform: /opt/gradle/.gradle/caches/9.3.1/transforms/0af1990c2bf27303b03ca9d9705019c0/transformed/loader-1.0.0 because:
  Caching not enabled.
Caching disabled for AarTransform: /opt/gradle/.gradle/caches/9.3.1/transforms/cd7874c8c8e35359842f7fa611af140f/transformed/viewpager-1.0.0 because:
  Caching not enabled.
Caching disabled for AarTransform: /opt/gradle/.gradle/caches/9.3.1/transforms/d918951ae8159ce7899ec41256fe1f23/transformed/vectordrawable-animated-1.1.0 because:
  Caching not enabled.
Caching disabled for AarTransform: /opt/gradle/.gradle/caches/9.3.1/transforms/b697d1617f2f30dc662e45961bb8eb77/transformed/vectordrawable-1.1.0 because:
  Caching not enabled.
Caching disabled for AarTransform: /opt/gradle/.gradle/caches/9.3.1/transforms/35578b6ded74ca5260d33cf547fa3b60/transformed/emoji2-views-helper-1.3.0 because:
  Caching not enabled.
Caching disabled for AarTransform: /opt/gradle/.gradle/caches/9.3.1/transforms/56f01748afe616a0bbc3b9695c20ba0c/transformed/emoji2-1.3.0 because:
  Caching not enabled.
Caching disabled for AarTransform: /opt/gradle/.gradle/caches/9.3.1/transforms/c8e3e479ec7daf47a9acc4fce7fba691/transformed/drawerlayout-1.0.0 because:
  Caching not enabled.
Caching disabled for AarTransform: /opt/gradle/.gradle/caches/9.3.1/transforms/144def50fb575d7580db65286c82b417/transformed/customview-1.0.0 because:
  Caching not enabled.
Caching disabled for AarTransform: /opt/gradle/.gradle/caches/9.3.1/transforms/d3f37363bafa811486fa8d81bbaa15ab/transformed/core-1.18.0 because:
  Caching not enabled.
Caching disabled for AarTransform: /opt/gradle/.gradle/caches/9.3.1/transforms/08bcc25c56fc826c1cfb73fed92dc1ec/transformed/savedstate-ktx-1.2.1 because:
  Caching not enabled.
Caching disabled for AarTransform: /opt/gradle/.gradle/caches/9.3.1/transforms/98602aabba8da14da7f09c997aecdf1c/transformed/savedstate-1.2.1 because:
  Caching not enabled.
Caching disabled for AarTransform: /opt/gradle/.gradle/caches/9.3.1/transforms/883ee44c5ca1b60143f84615e9cbb70e/transformed/lifecycle-process-2.8.7 because:
  Caching not enabled.
Caching disabled for AarTransform: /opt/gradle/.gradle/caches/9.3.1/transforms/93698e92dc8156225dcee43290f87576/transformed/lifecycle-service-2.8.7 because:
  Caching not enabled.
Caching disabled for AarTransform: /opt/gradle/.gradle/caches/9.3.1/transforms/1e1a36fb28d035765feaf58c3f6ea3c0/transformed/lifecycle-viewmodel-2.8.7 because:
  Caching not enabled.
Caching disabled for AarTransform: /opt/gradle/.gradle/caches/9.3.1/transforms/99edc25275b8946e08a7c99b9d924704/transformed/lifecycle-viewmodel-release because:
  Caching not enabled.
Caching disabled for AarTransform: /opt/gradle/.gradle/caches/9.3.1/transforms/2959d5f9a588866d3eee46ffe70c9574/transformed/lifecycle-livedata-core-ktx-2.8.7 because:
  Caching not enabled.
Caching disabled for AarTransform: /opt/gradle/.gradle/caches/9.3.1/transforms/13fbdd3ced9040b5f6fc3627516c7c47/transformed/lifecycle-runtime-release because:
  Caching not enabled.
Caching disabled for AarTransform: /opt/gradle/.gradle/caches/9.3.1/transforms/b8c63c209f5866bb4344b9c4d8769207/transformed/profileinstaller-1.4.0 because:
  Caching not enabled.
Caching disabled for AarTransform: /opt/gradle/.gradle/caches/9.3.1/transforms/0ba654f2ae96dfb2d401e881f7857b78/transformed/datastore-core-release because:
  Caching not enabled.
Caching disabled for AarTransform: /opt/gradle/.gradle/caches/9.3.1/transforms/0defbf3afe4a9499877bf6b195849996/transformed/datastore-preferences-core-release because:
  Caching not enabled.
Caching disabled for AarTransform: /opt/gradle/.gradle/caches/9.3.1/transforms/2dc06328238512f4176ba037abb39983/transformed/datastore-release because:
  Caching not enabled.
Caching disabled for AarTransform: /opt/gradle/.gradle/caches/9.3.1/transforms/ebbc457e7c7b8de6a66d5d8863590ef8/transformed/datastore-preferences-release because:
  Caching not enabled.
Caching disabled for AarTransform: /opt/gradle/.gradle/caches/9.3.1/transforms/3a62a50215ffa400839170ed9e0395e5/transformed/play-services-tasks-18.4.0 because:
  Caching not enabled.
Caching disabled for AarTransform: /opt/gradle/.gradle/caches/9.3.1/transforms/f4733b83a8e5a38dbd09d44ac8dc2f11/transformed/firebase-measurement-connector-19.0.0 because:
  Caching not enabled.
Caching disabled for AarTransform: /opt/gradle/.gradle/caches/9.3.1/transforms/4be9ed8cc1512daa00f4f9b8f2c5d3f9/transformed/user-messaging-platform-3.0.0 because:
  Caching not enabled.
Caching disabled for AarTransform: /opt/gradle/.gradle/caches/9.3.1/transforms/b359fe2be5640817415ebec74326a3b4/transformed/play-services-measurement-sdk-api-23.2.0 because:
  Caching not enabled.
Caching disabled for AarTransform: /opt/gradle/.gradle/caches/9.3.1/transforms/43e7014f6cda84b141737f842f2ff053/transformed/play-services-measurement-base-23.2.0 because:
  Caching not enabled.
Caching disabled for AarTransform: /opt/gradle/.gradle/caches/9.3.1/transforms/99b8f40daa840d78fbe63a924472043a/transformed/play-services-places-placereport-17.0.0 because:
  Caching not enabled.
Caching disabled for AarTransform: /opt/gradle/.gradle/caches/9.3.1/transforms/08ee7fd731fccb7e6a5d7139d4798c38/transformed/play-services-basement-18.9.0 because:
  Caching not enabled.
Caching disabled for AarTransform: /opt/gradle/.gradle/caches/9.3.1/transforms/084583c1b4543728105545a8acc6afa8/transformed/fragment-1.5.7 because:
  Caching not enabled.
Caching disabled for AarTransform: /opt/gradle/.gradle/caches/9.3.1/transforms/03150329023bff67b125c76fa7ed4b05/transformed/activity-1.10.1 because:
  Caching not enabled.
Caching disabled for AarTransform: /opt/gradle/.gradle/caches/9.3.1/transforms/7ce3f16f993c9dcd71f094808ba8eeae/transformed/lifecycle-viewmodel-savedstate-2.8.7 because:
  Caching not enabled.
Caching disabled for AarTransform: /opt/gradle/.gradle/caches/9.3.1/transforms/b7f29bc208a9f0527cc893d3225767d7/transformed/lifecycle-viewmodel-ktx-2.8.7 because:
  Caching not enabled.
Caching disabled for AarTransform: /opt/gradle/.gradle/caches/9.3.1/transforms/3b7d415e03a3ad95affb2b0c2cc711b1/transformed/lifecycle-livedata-core-2.8.7 because:
  Caching not enabled.
Caching disabled for AarTransform: /opt/gradle/.gradle/caches/9.3.1/transforms/685bf773e8eeae0a540f98dc18153f4b/transformed/lifecycle-livedata-2.8.7 because:
  Caching not enabled.
Caching disabled for AarTransform: /opt/gradle/.gradle/caches/9.3.1/transforms/592caa137262f907c91bc06409089f09/transformed/lifecycle-runtime-ktx-release because:
  Caching not enabled.
Invalidating in-memory cache of /opt/gradle/.gradle/caches/journal-1/file-access.bin
Invalidating in-memory cache of /opt/gradle/.gradle/caches/9.3.1/fileHashes/fileHashes.bin
Invalidating in-memory cache of /opt/gradle/.gradle/caches/9.3.1/fileHashes/resourceHashesCache.bin
Caching disabled for AarTransform: /opt/gradle/.gradle/caches/9.3.1/transforms/c72110ec5c67456bbd88bba3ffa66447/transformed/material3-release because:
  Caching not enabled.
Invalidating in-memory cache of /opt/gradle/.gradle/caches/journal-1/file-access.bin
Caching disabled for AarTransform: /opt/gradle/.gradle/caches/9.3.1/transforms/bd8954772e92b975a887c4613afda604/transformed/lifecycle-viewmodel-compose-release because:
  Caching not enabled.
Caching disabled for AarTransform: /opt/gradle/.gradle/caches/9.3.1/transforms/3e3cd709404236d5c72239adcac8929c/transformed/material-icons-extended-release because:
  Caching not enabled.
Caching disabled for AarTransform: /opt/gradle/.gradle/caches/9.3.1/transforms/4ac548f285a7cdc4d73208b5aef4c0f8/transformed/material-icons-core-release because:
  Caching not enabled.
Caching disabled for AarTransform: /opt/gradle/.gradle/caches/9.3.1/transforms/84a323bde0d49887132031176e4c0262/transformed/ui-release because:
  Caching not enabled.
Caching disabled for AarTransform: /opt/gradle/.gradle/caches/9.3.1/transforms/e116aaea6e45914635a61cf2749dacca/transformed/activity-ktx-1.10.1 because:
  Caching not enabled.
Caching disabled for AarTransform: /opt/gradle/.gradle/caches/9.3.1/transforms/9307601e2f259fc0cba5eeaaaa9f115d/transformed/activity-compose-1.10.1 because:
  Caching not enabled.
Caching disabled for AarTransform: /opt/gradle/.gradle/caches/9.3.1/transforms/f8a720dc012096b943a0616a53fa5b19/transformed/annotation-experimental-1.4.1 because:
  Caching not enabled.
Caching disabled for AarTransform: /opt/gradle/.gradle/caches/9.3.1/transforms/ba536e4ea16cd720500756be4dce8607/transformed/startup-runtime-1.1.1 because:
  Caching not enabled.
Caching disabled for AarTransform: /opt/gradle/.gradle/caches/9.3.1/transforms/ee71310729616ab405bced78c08738e8/transformed/tracing-1.2.0 because:
  Caching not enabled.
Caching disabled for AarTransform: /opt/gradle/.gradle/caches/9.3.1/transforms/25c9f4759a48510ff820422fbbbb761e/transformed/tracing-ktx-1.2.0 because:
  Caching not enabled.
Caching disabled for AarTransform: /opt/gradle/.gradle/caches/9.3.1/transforms/c002013fe2c19affed521c87243403c4/transformed/core-viewtree-1.0.0 because:
  Caching not enabled.
Caching disabled for AarTransform: /opt/gradle/.gradle/caches/9.3.1/transforms/a867ecd794eadae3a3ef35d8e55388df/transformed/versionedparcelable-1.1.1 because:
  Caching not enabled.
Caching disabled for AarTransform: /opt/gradle/.gradle/caches/9.3.1/transforms/0ab6a483da67e329f357943f2a25e415/transformed/security-crypto-1.1.0-alpha03 because:
  Caching not enabled.
Caching disabled for AarTransform: /opt/gradle/.gradle/caches/9.3.1/transforms/91a6a30279593a18c1678ea6f1617284/transformed/sqlite-framework-release because:
  Caching not enabled.
Caching disabled for AarTransform: /opt/gradle/.gradle/caches/9.3.1/transforms/05037c1f13969d84836cd44112200108/transformed/sqlite-release because:
  Caching not enabled.
Caching disabled for AarTransform: /opt/gradle/.gradle/caches/9.3.1/transforms/176e5285f16345012ccbc0c469725576/transformed/core-runtime-2.2.0 because:
  Caching not enabled.
Caching disabled for AarTransform: /opt/gradle/.gradle/caches/9.3.1/transforms/73d3ff493dcc11c4f9df4c7a3cbfd847/transformed/featurecombinationquery-1.5.0 because:
  Caching not enabled.
Caching disabled for AarTransform: /opt/gradle/.gradle/caches/9.3.1/transforms/918405836e4fdf2e74a753d79d46345b/transformed/firebase-components-19.0.0 because:
  Caching not enabled.
Caching disabled for AarTransform: /opt/gradle/.gradle/caches/9.3.1/transforms/06a46151e5088fbe4c11507be1f89bbc/transformed/firebase-datatransport-18.2.0 because:
  Caching not enabled.
Caching disabled for AarTransform: /opt/gradle/.gradle/caches/9.3.1/transforms/e23c7f3b5ef8cdd399a5ea97d167ffba/transformed/transport-backend-cct-3.1.9 because:
  Caching not enabled.
Caching disabled for AarTransform: /opt/gradle/.gradle/caches/9.3.1/transforms/242cb78fde9b06549cfb261fa0e250b1/transformed/firebase-encoders-json-18.0.0 because:
  Caching not enabled.
Caching disabled for AarTransform: /opt/gradle/.gradle/caches/9.3.1/transforms/ecdc50a88c4156fec14411f9ca3ff0ab/transformed/transport-runtime-3.1.9 because:
  Caching not enabled.
Caching disabled for AarTransform: /opt/gradle/.gradle/caches/9.3.1/transforms/d1c20ca34da994392d543f145e27400b/transformed/transport-api-3.1.0 because:
  Caching not enabled.
Caching disabled for AarTransform: /opt/gradle/.gradle/caches/9.3.1/transforms/cb558368a856656f7f21a2915488e4e9/transformed/interpolator-1.0.0 because:
  Caching not enabled.
Caching disabled for AarTransform: /opt/gradle/.gradle/caches/9.3.1/transforms/5066eee8f848c7cde2f06cdb57161e8e/transformed/exifinterface-1.3.7 because:
  Caching not enabled.
Caching disabled for AarTransform: /opt/gradle/.gradle/caches/9.3.1/transforms/9390dff3bcb3f1d8d20773a67d730643/transformed/documentfile-1.0.0 because:
  Caching not enabled.
Caching disabled for AarTransform: /opt/gradle/.gradle/caches/9.3.1/transforms/fec093271fb74dc4dbe1946def1df662/transformed/localbroadcastmanager-1.0.0 because:
  Caching not enabled.
Caching disabled for AarTransform: /opt/gradle/.gradle/caches/9.3.1/transforms/4ef378d607d6c4fbb9821b1b28d6d85d/transformed/print-1.0.0 because:
  Caching not enabled.
Caching disabled for AarTransform: /opt/gradle/.gradle/caches/9.3.1/transforms/42711b8f0a648fdb60b1ed3fdc6e6fe7/transformed/cursoradapter-1.0.0 because:
  Caching not enabled.
Caching disabled for AarTransform: /opt/gradle/.gradle/caches/9.3.1/transforms/bf8202e7d1f7eba250ce5e3cead10fc0/transformed/core-common-2.0.4 because:
  Caching not enabled.

> Task :app:mergeReleaseResources
Compiling XML table /app/applet/app/build/intermediates/incremental/release/mergeReleaseResources/merged.dir/values/values.xml to /app/applet/app/build/intermediates/merged_res/release/mergeReleaseResources/values_values.arsc.flat
Compiling XML table /app/applet/app/build/intermediates/incremental/release/mergeReleaseResources/merged.dir/values-watch-v20/values-watch-v20.xml to /app/applet/app/build/intermediates/merged_res/release/mergeReleaseResources/values-watch-v20_values-watch-v20.arsc.flat
Compiling XML table /app/applet/app/build/intermediates/incremental/release/mergeReleaseResources/merged.dir/values-v16/values-v16.xml to /app/applet/app/build/intermediates/merged_res/release/mergeReleaseResources/values-v16_values-v16.arsc.flat
Compiling XML table /app/applet/app/build/intermediates/incremental/release/mergeReleaseResources/merged.dir/values-in/values-in.xml to /app/applet/app/build/intermediates/merged_res/release/mergeReleaseResources/values-in_values-in.arsc.flat
Compiling XML table /app/applet/app/build/intermediates/incremental/release/mergeReleaseResources/merged.dir/values-it/values-it.xml to /app/applet/app/build/intermediates/merged_res/release/mergeReleaseResources/values-it_values-it.arsc.flat
Compiling XML table /app/applet/app/build/intermediates/incremental/release/mergeReleaseResources/merged.dir/values-ar/values-ar.xml to /app/applet/app/build/intermediates/merged_res/release/mergeReleaseResources/values-ar_values-ar.arsc.flat
Compiling XML table /app/applet/app/build/intermediates/incremental/release/mergeReleaseResources/merged.dir/values-v23/values-v23.xml to /app/applet/app/build/intermediates/merged_res/release/mergeReleaseResources/values-v23_values-v23.arsc.flat
Compiling XML table /app/applet/app/build/intermediates/incremental/release/mergeReleaseResources/merged.dir/values-az/values-az.xml to /app/applet/app/build/intermediates/merged_res/release/mergeReleaseResources/values-az_values-az.arsc.flat
Compiling XML table /app/applet/app/build/intermediates/incremental/release/mergeReleaseResources/merged.dir/values-v26/values-v26.xml to /app/applet/app/build/intermediates/merged_res/release/mergeReleaseResources/values-v26_values-v26.arsc.flat
Compiling XML table /app/applet/app/build/intermediates/incremental/release/mergeReleaseResources/merged.dir/values-be/values-be.xml to /app/applet/app/build/intermediates/merged_res/release/mergeReleaseResources/values-be_values-be.arsc.flat
Compiling XML table /app/applet/app/build/intermediates/incremental/release/mergeReleaseResources/merged.dir/values-bs/values-bs.xml to /app/applet/app/build/intermediates/merged_res/release/mergeReleaseResources/values-bs_values-bs.arsc.flat
Compiling XML table /app/applet/app/build/intermediates/incremental/release/mergeReleaseResources/merged.dir/values-si/values-si.xml to /app/applet/app/build/intermediates/merged_res/release/mergeReleaseResources/values-si_values-si.arsc.flat
Compiling XML table /app/applet/app/build/intermediates/incremental/release/mergeReleaseResources/merged.dir/values-ca/values-ca.xml to /app/applet/app/build/intermediates/merged_res/release/mergeReleaseResources/values-ca_values-ca.arsc.flat
Compiling XML table /app/applet/app/build/intermediates/incremental/release/mergeReleaseResources/merged.dir/values-kn/values-kn.xml to /app/applet/app/build/intermediates/merged_res/release/mergeReleaseResources/values-kn_values-kn.arsc.flat
Compiling XML table /app/applet/app/build/intermediates/incremental/release/mergeReleaseResources/merged.dir/values-ta/values-ta.xml to /app/applet/app/build/intermediates/merged_res/release/mergeReleaseResources/values-ta_values-ta.arsc.flat
Compiling XML table /app/applet/app/build/intermediates/incremental/release/mergeReleaseResources/merged.dir/values-h720dp-v13/values-h720dp-v13.xml to /app/applet/app/build/intermediates/merged_res/release/mergeReleaseResources/values-h720dp-v13_values-h720dp-v13.arsc.flat
Compiling XML table /app/applet/app/build/intermediates/incremental/release/mergeReleaseResources/merged.dir/values-xlarge-v4/values-xlarge-v4.xml to /app/applet/app/build/intermediates/merged_res/release/mergeReleaseResources/values-xlarge-v4_values-xlarge-v4.arsc.flat
Compiling XML table /app/applet/app/build/intermediates/incremental/release/mergeReleaseResources/merged.dir/values-de/values-de.xml to /app/applet/app/build/intermediates/merged_res/release/mergeReleaseResources/values-de_values-de.arsc.flat
Compiling XML table /app/applet/app/build/intermediates/incremental/release/mergeReleaseResources/merged.dir/values-en-rIN/values-en-rIN.xml to /app/applet/app/build/intermediates/merged_res/release/mergeReleaseResources/values-en-rIN_values-en-rIN.arsc.flat
Compiling XML table /app/applet/app/build/intermediates/incremental/release/mergeReleaseResources/merged.dir/values-ml/values-ml.xml to /app/applet/app/build/intermediates/merged_res/release/mergeReleaseResources/values-ml_values-ml.arsc.flat
Compiling XML table /app/applet/app/build/intermediates/incremental/release/mergeReleaseResources/merged.dir/values-fr-rCA/values-fr-rCA.xml to /app/applet/app/build/intermediates/merged_res/release/mergeReleaseResources/values-fr-rCA_values-fr-rCA.arsc.flat
Compiling XML table /app/applet/app/build/intermediates/incremental/release/mergeReleaseResources/merged.dir/values-my/values-my.xml to /app/applet/app/build/intermediates/merged_res/release/mergeReleaseResources/values-my_values-my.arsc.flat
Compiling XML table /app/applet/app/build/intermediates/incremental/release/mergeReleaseResources/merged.dir/values-vi/values-vi.xml to /app/applet/app/build/intermediates/merged_res/release/mergeReleaseResources/values-vi_values-vi.arsc.flat
Compiling XML table /app/applet/app/build/intermediates/incremental/release/mergeReleaseResources/merged.dir/values-ne/values-ne.xml to /app/applet/app/build/intermediates/merged_res/release/mergeReleaseResources/values-ne_values-ne.arsc.flat
Compiling XML table /app/applet/app/build/intermediates/incremental/release/mergeReleaseResources/merged.dir/values-fi/values-fi.xml to /app/applet/app/build/intermediates/merged_res/release/mergeReleaseResources/values-fi_values-fi.arsc.flat
Compiling XML table /app/applet/app/build/intermediates/incremental/release/mergeReleaseResources/merged.dir/values-hdpi-v4/values-hdpi-v4.xml to /app/applet/app/build/intermediates/merged_res/release/mergeReleaseResources/values-hdpi-v4_values-hdpi-v4.arsc.flat
Compiling XML table /app/applet/app/build/intermediates/incremental/release/mergeReleaseResources/merged.dir/values-gl/values-gl.xml to /app/applet/app/build/intermediates/merged_res/release/mergeReleaseResources/values-gl_values-gl.arsc.flat
Compiling xml file /app/applet/app/src/main/res/drawable/ic_doll_bunny.xml to /app/applet/app/build/intermediates/merged_res/release/mergeReleaseResources/drawable_ic_doll_bunny.xml.flat
Compiling xml file /app/applet/app/src/main/res/drawable/ic_google_logo.xml to /app/applet/app/build/intermediates/merged_res/release/mergeReleaseResources/drawable_ic_google_logo.xml.flat
Compiling xml file /app/applet/app/src/main/res/drawable/ic_launcher_background.xml to /app/applet/app/build/intermediates/merged_res/release/mergeReleaseResources/drawable_ic_launcher_background.xml.flat
Compiling file /app/applet/app/src/main/res/font/fredoka_medium.ttf to /app/applet/app/build/intermediates/merged_res/release/mergeReleaseResources/font_fredoka_medium.ttf.flat
Compiling xml file /app/applet/app/src/main/res/drawable/ic_avatar_male_4.xml to /app/applet/app/build/intermediates/merged_res/release/mergeReleaseResources/drawable_ic_avatar_male_4.xml.flat
Compiling file /app/applet/app/src/main/res/font/fredoka_bold.ttf to /app/applet/app/build/intermediates/merged_res/release/mergeReleaseResources/font_fredoka_bold.ttf.flat
Compiling file /app/applet/app/src/main/res/drawable/img_forest_bridge.jpg to /app/applet/app/build/intermediates/merged_res/release/mergeReleaseResources/drawable_img_forest_bridge.jpg.flat
Compiling xml file /app/applet/app/src/main/res/drawable/ic_doll_cyber.xml to /app/applet/app/build/intermediates/merged_res/release/mergeReleaseResources/drawable_ic_doll_cyber.xml.flat
Compiling file /app/applet/app/src/main/res/mipmap-xhdpi/ic_launcher.webp to /app/applet/app/build/intermediates/merged_res/release/mergeReleaseResources/mipmap-xhdpi_ic_launcher.webp.flat
Compiling xml file /app/applet/app/src/main/res/drawable/ic_avatar_female_4.xml to /app/applet/app/build/intermediates/merged_res/release/mergeReleaseResources/drawable_ic_avatar_female_4.xml.flat
Compiling file /app/applet/app/src/main/res/drawable/img_welcome_party.jpg to /app/applet/app/build/intermediates/merged_res/release/mergeReleaseResources/drawable_img_welcome_party.jpg.flat
Compiling xml file /app/applet/app/src/main/res/xml/backup_rules.xml to /app/applet/app/build/intermediates/merged_res/release/mergeReleaseResources/xml_backup_rules.xml.flat
Compiling xml file /app/applet/app/src/main/res/drawable/ic_doll_fox.xml to /app/applet/app/build/intermediates/merged_res/release/mergeReleaseResources/drawable_ic_doll_fox.xml.flat
Compiling xml file /app/applet/app/src/main/res/drawable/ic_custom_refresh.xml to /app/applet/app/build/intermediates/merged_res/release/mergeReleaseResources/drawable_ic_custom_refresh.xml.flat

> Task :app:mergeExtDexRelease
Build cache key for DexingNoClasspathTransform: /opt/gradle/.gradle/caches/9.3.1/transforms/1849c5febdaa0cb10a39ac9579bd646f/transformed/play-services-ads-23.6.0-runtime.jar is af09081667c0688afc4e1dba154656fb
Running dexing transform non-incrementally for '/opt/gradle/.gradle/caches/9.3.1/transforms/1849c5febdaa0cb10a39ac9579bd646f/transformed/play-services-ads-23.6.0-runtime.jar'
Build cache key for DexingNoClasspathTransform: /opt/gradle/.gradle/caches/9.3.1/transforms/c8c95b027a91570d40e76fca9c030c84/transformed/work-runtime-2.7.0-runtime.jar is 4640fb1726e0d91649de368b52401493
Running dexing transform non-incrementally for '/opt/gradle/.gradle/caches/9.3.1/transforms/c8c95b027a91570d40e76fca9c030c84/transformed/work-runtime-2.7.0-runtime.jar'
Invalidating in-memory cache of /opt/gradle/.gradle/caches/9.3.1/fileHashes/fileHashes.bin
Invalidating in-memory cache of /opt/gradle/.gradle/caches/9.3.1/fileHashes/resourceHashesCache.bin
Invalidating in-memory cache of /opt/gradle/.gradle/caches/journal-1/file-access.bin
Stored cache entry for DexingNoClasspathTransform: /opt/gradle/.gradle/caches/9.3.1/transforms/c8c95b027a91570d40e76fca9c030c84/transformed/work-runtime-2.7.0-runtime.jar with cache key 4640fb1726e0d91649de368b52401493
Invalidating in-memory cache of /opt/gradle/.gradle/caches/9.3.1/fileHashes/fileHashes.bin
Invalidating in-memory cache of /opt/gradle/.gradle/caches/9.3.1/fileHashes/resourceHashesCache.bin
Invalidating in-memory cache of /opt/gradle/.gradle/caches/journal-1/file-access.bin
Build cache key for DexingNoClasspathTransform: /opt/gradle/.gradle/caches/modules-2/files-2.1/androidx.datastore/datastore-preferences-external-protobuf/1.1.7/ddd0a2d64e3c928359c993d1291e535d5d7fc9a3/datastore-preferences-external-protobuf-1.1.7.jar is 704ec49f07c8a712ffcb4b224ef218b9
Running dexing transform non-incrementally for '/opt/gradle/.gradle/caches/modules-2/files-2.1/androidx.datastore/datastore-preferences-external-protobuf/1.1.7/ddd0a2d64e3c928359c993d1291e535d5d7fc9a3/datastore-preferences-external-protobuf-1.1.7.jar'
Invalidating in-memory cache of /opt/gradle/.gradle/caches/9.3.1/fileHashes/fileHashes.bin
Invalidating in-memory cache of /opt/gradle/.gradle/caches/9.3.1/fileHashes/resourceHashesCache.bin
Invalidating in-memory cache of /opt/gradle/.gradle/caches/journal-1/file-access.bin
Stored cache entry for DexingNoClasspathTransform: /opt/gradle/.gradle/caches/modules-2/files-2.1/androidx.datastore/datastore-preferences-external-protobuf/1.1.7/ddd0a2d64e3c928359c993d1291e535d5d7fc9a3/datastore-preferences-external-protobuf-1.1.7.jar with cache key 704ec49f07c8a712ffcb4b224ef218b9
Invalidating in-memory cache of /opt/gradle/.gradle/caches/9.3.1/fileHashes/fileHashes.bin
Invalidating in-memory cache of /opt/gradle/.gradle/caches/9.3.1/fileHashes/resourceHashesCache.bin
Invalidating in-memory cache of /opt/gradle/.gradle/caches/9.3.1/fileHashes/fileHashes.bin
Invalidating in-memory cache of /opt/gradle/.gradle/caches/9.3.1/fileHashes/resourceHashesCache.bin
Invalidating in-memory cache of /opt/gradle/.gradle/caches/journal-1/file-access.bin

Received command: Stop[id=6d8a4bdc-a0a1-43fc-a907-a8ea1457e1a1].

FAILURE: Build failed with an exception.

* What went wrong:
Gradle build daemon has been stopped: stop command received

* Try:
> Run with --stacktrace option to get the stack trace.
> Run with --debug option to get more log output.
> Run with --scan to get full insights from a Build Scan (powered by Develocity).
> Get more help at https://help.gradle.org.
